{"type":"FeatureCollection","name":"Địa danh/POI 102 xã Đắk Lắk (OSM, đã bỏ 'huyện')","source":"OpenStreetMap contributors","license":"ODbL 1.0","generatedAt":"2026-07-24T17:09:02.220Z","features":[{"type":"Feature","properties":{"name":"Buôn Hồ","group":"place","kind":"suburb","osmId":"n369494204"},"geometry":{"type":"Point","coordinates":[108.266391,12.916137]}},{"type":"Feature","properties":{"name":"Mỏ đá Thạch An Nguyên","group":"commerce","kind":"tyres","osmId":"n4168487289"},"geometry":{"type":"Point","coordinates":[108.285695,12.842158]}},{"type":"Feature","properties":{"name":"Mỏ đá việt hà","group":"commerce","kind":"tyres","osmId":"n4168494193"},"geometry":{"type":"Point","coordinates":[108.291018,12.834227]}},{"type":"Feature","properties":{"name":"Mỏ đá Việt Hà","group":"commerce","kind":"tyres","osmId":"n4168500389"},"geometry":{"type":"Point","coordinates":[108.290942,12.834342]}},{"type":"Feature","properties":{"name":"kho ngoc son","group":"commerce","kind":"convenience","osmId":"n4496029791"},"geometry":{"type":"Point","coordinates":[108.264084,12.918256]}},{"type":"Feature","properties":{"name":"cua hang ngoc son","group":"commerce","kind":"department_store","osmId":"n4496056691"},"geometry":{"type":"Point","coordinates":[108.263845,12.91747]}},{"type":"Feature","properties":{"name":"Petrolimex","group":"commerce","kind":"fuel","osmId":"n5162627923"},"geometry":{"type":"Point","coordinates":[108.290104,12.909355]}},{"type":"Feature","properties":{"name":"cửa hàng tiến bông galaxy","group":"commerce","kind":"furniture","osmId":"n5359990421"},"geometry":{"type":"Point","coordinates":[108.265152,12.916394]}},{"type":"Feature","properties":{"name":"đại lý bảo trân","group":"health","kind":"pharmacy","osmId":"n5698172430"},"geometry":{"type":"Point","coordinates":[108.264658,12.900687]}},{"type":"Feature","properties":{"name":"đại lý bảo trân","group":"health","kind":"pharmacy","osmId":"n5701111175"},"geometry":{"type":"Point","coordinates":[108.264766,12.900349]}},{"type":"Feature","properties":{"name":"ngân sỹ","group":"health","kind":"pharmacy","osmId":"n6149272086"},"geometry":{"type":"Point","coordinates":[108.263939,12.916935]}},{"type":"Feature","properties":{"name":"Trương Mãng","group":"health","kind":"pharmacy","osmId":"n6149272087"},"geometry":{"type":"Point","coordinates":[108.263935,12.916604]}},{"type":"Feature","properties":{"name":"Cô Hối","group":"health","kind":"pharmacy","osmId":"n6149272088"},"geometry":{"type":"Point","coordinates":[108.264208,12.916974]}},{"type":"Feature","properties":{"name":"PK BD Dũng( Kim Ngân)","group":"health","kind":"pharmacy","osmId":"n6149272089"},"geometry":{"type":"Point","coordinates":[108.265332,12.917397]}},{"type":"Feature","properties":{"name":"Diệm","group":"health","kind":"doctors","osmId":"n6149286486"},"geometry":{"type":"Point","coordinates":[108.263601,12.917803]}},{"type":"Feature","properties":{"name":"QT HOÀNG THỊ LÂM","group":"health","kind":"pharmacy","osmId":"n6149286488"},"geometry":{"type":"Point","coordinates":[108.281958,12.928797]}},{"type":"Feature","properties":{"name":"QT LAN ANH","group":"health","kind":"pharmacy","osmId":"n6149286489"},"geometry":{"type":"Point","coordinates":[108.265641,12.910007]}},{"type":"Feature","properties":{"name":"PK TRUNG HIẾU","group":"health","kind":"pharmacy","osmId":"n6149286490"},"geometry":{"type":"Point","coordinates":[108.26749,12.911384]}},{"type":"Feature","properties":{"name":"QT diễm cường","group":"health","kind":"pharmacy","osmId":"n6149286495"},"geometry":{"type":"Point","coordinates":[108.264008,12.918566]}},{"type":"Feature","properties":{"name":"QT số 13 ( hoàng thị lâm )","group":"health","kind":"pharmacy","osmId":"n6149286496"},"geometry":{"type":"Point","coordinates":[108.283503,12.929488]}},{"type":"Feature","properties":{"name":"Kim Hằng","group":"health","kind":"pharmacy","osmId":"n6149287286"},"geometry":{"type":"Point","coordinates":[108.264394,12.915949]}},{"type":"Feature","properties":{"name":"QT thảo lộc (Nguyễn thị thảo linh)","group":"health","kind":"pharmacy","osmId":"n6149287288"},"geometry":{"type":"Point","coordinates":[108.269297,12.919431]}},{"type":"Feature","properties":{"name":"Nguyễn thị thương thương","group":"health","kind":"pharmacy","osmId":"n6149287289"},"geometry":{"type":"Point","coordinates":[108.266797,12.918481]}},{"type":"Feature","properties":{"name":"NT Ngọc Chương","group":"health","kind":"pharmacy","osmId":"n6149287785"},"geometry":{"type":"Point","coordinates":[108.265345,12.91732]}},{"type":"Feature","properties":{"name":"PK AN LẠC","group":"health","kind":"pharmacy","osmId":"n6149287787"},"geometry":{"type":"Point","coordinates":[108.267037,12.917692]}},{"type":"Feature","properties":{"name":"QT CODUPHA (Anh Chí)","group":"health","kind":"pharmacy","osmId":"n6149287788"},"geometry":{"type":"Point","coordinates":[108.267759,12.918382]}},{"type":"Feature","properties":{"name":"PKĐK BUÔN HỒ( chị Hiếu)","group":"health","kind":"pharmacy","osmId":"n6149287789"},"geometry":{"type":"Point","coordinates":[108.272133,12.92219]}},{"type":"Feature","properties":{"name":"QT PHƯỚC HẰNG","group":"health","kind":"pharmacy","osmId":"n6149287790"},"geometry":{"type":"Point","coordinates":[108.267025,12.911273]}},{"type":"Feature","properties":{"name":"QT Chị Lý","group":"health","kind":"pharmacy","osmId":"n6149288385"},"geometry":{"type":"Point","coordinates":[108.26393,12.923703]}},{"type":"Feature","properties":{"name":"QT PHẠM PHI HẢI","group":"health","kind":"pharmacy","osmId":"n6149288388"},"geometry":{"type":"Point","coordinates":[108.268809,12.91144]}},{"type":"Feature","properties":{"name":"QT NGỌC LONG","group":"health","kind":"pharmacy","osmId":"n6149288389"},"geometry":{"type":"Point","coordinates":[108.268698,12.911737]}},{"type":"Feature","properties":{"name":"QT an lạc( trần thị kim lan)","group":"health","kind":"pharmacy","osmId":"n6149293386"},"geometry":{"type":"Point","coordinates":[108.267332,12.917633]}},{"type":"Feature","properties":{"name":"QT Ngọc Chương","group":"health","kind":"pharmacy","osmId":"n6149293434"},"geometry":{"type":"Point","coordinates":[108.265375,12.917238]}},{"type":"Feature","properties":{"name":"QT Phước hằng ( võ thị Thuý hằng)","group":"health","kind":"pharmacy","osmId":"n6149295585"},"geometry":{"type":"Point","coordinates":[108.26713,12.911309]}},{"type":"Feature","properties":{"name":"QT Nguyễn Thị Lắm","group":"health","kind":"pharmacy","osmId":"n6149295596"},"geometry":{"type":"Point","coordinates":[108.274409,12.811079]}},{"type":"Feature","properties":{"name":"QT Thiện An( Lê Thị Hiền)","group":"health","kind":"pharmacy","osmId":"n6149295598"},"geometry":{"type":"Point","coordinates":[108.263625,12.898297]}},{"type":"Feature","properties":{"name":"QT Hoa Sen","group":"health","kind":"pharmacy","osmId":"n6149307690"},"geometry":{"type":"Point","coordinates":[108.358794,12.922905]}},{"type":"Feature","properties":{"name":"QT Phan Thị Kiều My","group":"health","kind":"pharmacy","osmId":"n6149318106"},"geometry":{"type":"Point","coordinates":[108.274709,12.815203]}},{"type":"Feature","properties":{"name":"QT Minh Sang (Nguyễn Minh Sang)","group":"health","kind":"doctors","osmId":"n6419999185"},"geometry":{"type":"Point","coordinates":[108.291032,12.906317]}},{"type":"Feature","properties":{"name":"QT Đức Hạnh","group":"health","kind":"pharmacy","osmId":"n6471457085"},"geometry":{"type":"Point","coordinates":[108.263925,12.91722]}},{"type":"Feature","properties":{"name":"QT Kim Hằng ( Phạm Thị Ánh Tuyết ) số 17 Hoàng Diệu","group":"health","kind":"pharmacy","osmId":"n7986525585"},"geometry":{"type":"Point","coordinates":[108.263859,12.915579]}},{"type":"Feature","properties":{"name":"NT Huyền Anh","group":"health","kind":"pharmacy","osmId":"n11481606069"},"geometry":{"type":"Point","coordinates":[108.279857,12.928342]}},{"type":"Feature","properties":{"name":"Cửa hàng Xăng dầu","group":"commerce","kind":"fuel","osmId":"n11676601662"},"geometry":{"type":"Point","coordinates":[108.269363,12.911799]}},{"type":"Feature","properties":{"name":"Cửa hàng Xăng dầu","group":"commerce","kind":"fuel","osmId":"n11676615945"},"geometry":{"type":"Point","coordinates":[108.263809,12.924527]}},{"type":"Feature","properties":{"name":"Cửa hàng Xăng dầu","group":"commerce","kind":"fuel","osmId":"n11676626442"},"geometry":{"type":"Point","coordinates":[108.322845,12.897143]}},{"type":"Feature","properties":{"name":"Cửa hàng Xăng dầu","group":"commerce","kind":"fuel","osmId":"n11676638888"},"geometry":{"type":"Point","coordinates":[108.290089,12.906203]}},{"type":"Feature","properties":{"name":"Cửa hàng Xăng dầu","group":"commerce","kind":"fuel","osmId":"n11676643508"},"geometry":{"type":"Point","coordinates":[108.317948,12.904888]}},{"type":"Feature","properties":{"name":"Ea Kung","group":"place","kind":"village","osmId":"n12179801756"},"geometry":{"type":"Point","coordinates":[108.365999,12.827181]}},{"type":"Feature","properties":{"name":"Thôn 20","group":"place","kind":"village","osmId":"n12179801765"},"geometry":{"type":"Point","coordinates":[108.356138,12.808662]}},{"type":"Feature","properties":{"name":"Thôn 19","group":"place","kind":"village","osmId":"n12179801766"},"geometry":{"type":"Point","coordinates":[108.352197,12.811181]}},{"type":"Feature","properties":{"name":"Thôn 5","group":"place","kind":"village","osmId":"n12179801778"},"geometry":{"type":"Point","coordinates":[108.370658,12.812422]}},{"type":"Feature","properties":{"name":"Tân Hợp","group":"place","kind":"village","osmId":"n12298172505"},"geometry":{"type":"Point","coordinates":[108.300147,12.924763]}},{"type":"Feature","properties":{"name":"Quyết Thắng","group":"place","kind":"village","osmId":"n12298172506"},"geometry":{"type":"Point","coordinates":[108.292486,12.908734]}},{"type":"Feature","properties":{"name":"Đông Xuân","group":"place","kind":"village","osmId":"n12298172507"},"geometry":{"type":"Point","coordinates":[108.292115,12.90487]}},{"type":"Feature","properties":{"name":"Trang","group":"place","kind":"village","osmId":"n12298172508"},"geometry":{"type":"Point","coordinates":[108.30812,12.865355]}},{"type":"Feature","properties":{"name":"Tring 4","group":"place","kind":"village","osmId":"n12298172509"},"geometry":{"type":"Point","coordinates":[108.292966,12.897707]}},{"type":"Feature","properties":{"name":"Thôn 1A","group":"place","kind":"village","osmId":"n12300612437"},"geometry":{"type":"Point","coordinates":[108.323392,12.83197]}},{"type":"Feature","properties":{"name":"Thôn 8","group":"place","kind":"village","osmId":"n12300612438"},"geometry":{"type":"Point","coordinates":[108.319958,12.808942]}},{"type":"Feature","properties":{"name":"Thôn 7","group":"place","kind":"village","osmId":"n12300612439"},"geometry":{"type":"Point","coordinates":[108.307716,12.826183]}},{"type":"Feature","properties":{"name":"Thôn 6A","group":"place","kind":"village","osmId":"n12300612440"},"geometry":{"type":"Point","coordinates":[108.341868,12.839003]}},{"type":"Feature","properties":{"name":"Thôn 3","group":"place","kind":"village","osmId":"n12300612441"},"geometry":{"type":"Point","coordinates":[108.337045,12.823672]}},{"type":"Feature","properties":{"name":"Thôn 2B","group":"place","kind":"village","osmId":"n12300612442"},"geometry":{"type":"Point","coordinates":[108.342298,12.808262]}},{"type":"Feature","properties":{"name":"Thôn 2A","group":"place","kind":"village","osmId":"n12300612443"},"geometry":{"type":"Point","coordinates":[108.332513,12.820009]}},{"type":"Feature","properties":{"name":"Thôn 1B","group":"place","kind":"village","osmId":"n12300612444"},"geometry":{"type":"Point","coordinates":[108.32576,12.835685]}},{"type":"Feature","properties":{"name":"Ea Kung","group":"place","kind":"village","osmId":"n12300612445"},"geometry":{"type":"Point","coordinates":[108.369294,12.857267]}},{"type":"Feature","properties":{"name":"Pheo","group":"place","kind":"village","osmId":"n12300612446"},"geometry":{"type":"Point","coordinates":[108.32157,12.896542]}},{"type":"Feature","properties":{"name":"Tung Krăk","group":"place","kind":"village","osmId":"n12300612447"},"geometry":{"type":"Point","coordinates":[108.324613,12.899182]}},{"type":"Feature","properties":{"name":"Trăp","group":"place","kind":"village","osmId":"n12300612448"},"geometry":{"type":"Point","coordinates":[108.319773,12.898999]}},{"type":"Feature","properties":{"name":"Sing A","group":"place","kind":"village","osmId":"n12300612449"},"geometry":{"type":"Point","coordinates":[108.327939,12.892713]}},{"type":"Feature","properties":{"name":"Kmiên","group":"place","kind":"village","osmId":"n12300612450"},"geometry":{"type":"Point","coordinates":[108.334253,12.89262]}},{"type":"Feature","properties":{"name":"Klat C","group":"place","kind":"village","osmId":"n12300612451"},"geometry":{"type":"Point","coordinates":[108.314933,12.910386]}},{"type":"Feature","properties":{"name":"Klat B","group":"place","kind":"village","osmId":"n12300612452"},"geometry":{"type":"Point","coordinates":[108.316102,12.907667]}},{"type":"Feature","properties":{"name":"Klat A","group":"place","kind":"village","osmId":"n12300612453"},"geometry":{"type":"Point","coordinates":[108.317345,12.905164]}},{"type":"Feature","properties":{"name":"Hnẽ","group":"place","kind":"village","osmId":"n12300612454"},"geometry":{"type":"Point","coordinates":[108.323259,12.901605]}},{"type":"Feature","properties":{"name":"Ea Kjok B","group":"place","kind":"village","osmId":"n12300612455"},"geometry":{"type":"Point","coordinates":[108.339587,12.896893]}},{"type":"Feature","properties":{"name":"Ea Kjok A","group":"place","kind":"village","osmId":"n12300612456"},"geometry":{"type":"Point","coordinates":[108.338028,12.894503]}},{"type":"Feature","properties":{"name":"Dhu","group":"place","kind":"village","osmId":"n12300612457"},"geometry":{"type":"Point","coordinates":[108.325096,12.895398]}},{"type":"Feature","properties":{"name":"Alê Gõ","group":"place","kind":"village","osmId":"n12300612458"},"geometry":{"type":"Point","coordinates":[108.320936,12.904704]}},{"type":"Feature","properties":{"name":"Thôn 9","group":"place","kind":"village","osmId":"n12300612459"},"geometry":{"type":"Point","coordinates":[108.365331,12.8676]}},{"type":"Feature","properties":{"name":"Thôn 8","group":"place","kind":"village","osmId":"n12300612460"},"geometry":{"type":"Point","coordinates":[108.356496,12.854572]}},{"type":"Feature","properties":{"name":"Thôn 7","group":"place","kind":"village","osmId":"n12300612461"},"geometry":{"type":"Point","coordinates":[108.364071,12.875334]}},{"type":"Feature","properties":{"name":"Thôn 6","group":"place","kind":"village","osmId":"n12300612462"},"geometry":{"type":"Point","coordinates":[108.315938,12.901292]}},{"type":"Feature","properties":{"name":"Thôn 5","group":"place","kind":"village","osmId":"n12300612463"},"geometry":{"type":"Point","coordinates":[108.312954,12.90722]}},{"type":"Feature","properties":{"name":"Bình Thành 5","group":"place","kind":"village","osmId":"n12300612485"},"geometry":{"type":"Point","coordinates":[108.27531,12.814003]}},{"type":"Feature","properties":{"name":"Bình Thành 4","group":"place","kind":"village","osmId":"n12300612486"},"geometry":{"type":"Point","coordinates":[108.280025,12.814458]}},{"type":"Feature","properties":{"name":"Bình Thành 3","group":"place","kind":"village","osmId":"n12300612487"},"geometry":{"type":"Point","coordinates":[108.280776,12.817021]}},{"type":"Feature","properties":{"name":"Bình Thành 2","group":"place","kind":"village","osmId":"n12300612488"},"geometry":{"type":"Point","coordinates":[108.281233,12.818981]}},{"type":"Feature","properties":{"name":"Bình Thành 1","group":"place","kind":"village","osmId":"n12300612489"},"geometry":{"type":"Point","coordinates":[108.27668,12.818572]}},{"type":"Feature","properties":{"name":"Bình Minh 7","group":"place","kind":"village","osmId":"n12300612490"},"geometry":{"type":"Point","coordinates":[108.271937,12.809951]}},{"type":"Feature","properties":{"name":"Bình Minh 6","group":"place","kind":"village","osmId":"n12300612491"},"geometry":{"type":"Point","coordinates":[108.274411,12.801592]}},{"type":"Feature","properties":{"name":"Bình Minh 4","group":"place","kind":"village","osmId":"n12300612492"},"geometry":{"type":"Point","coordinates":[108.27466,12.808048]}},{"type":"Feature","properties":{"name":"Bình Minh 3","group":"place","kind":"village","osmId":"n12300612493"},"geometry":{"type":"Point","coordinates":[108.269585,12.814841]}},{"type":"Feature","properties":{"name":"Bình Minh 2","group":"place","kind":"village","osmId":"n12300612494"},"geometry":{"type":"Point","coordinates":[108.267946,12.811052]}},{"type":"Feature","properties":{"name":"Bình Minh 1","group":"place","kind":"village","osmId":"n12300612495"},"geometry":{"type":"Point","coordinates":[108.263496,12.818031]}},{"type":"Feature","properties":{"name":"Quắn","group":"place","kind":"village","osmId":"n12300622902"},"geometry":{"type":"Point","coordinates":[108.309337,12.808696]}},{"type":"Feature","properties":{"name":"Dlung 1B","group":"place","kind":"village","osmId":"n12300622904"},"geometry":{"type":"Point","coordinates":[108.278056,12.849722]}},{"type":"Feature","properties":{"name":"Dlung 1A","group":"place","kind":"village","osmId":"n12300622905"},"geometry":{"type":"Point","coordinates":[108.271944,12.850278]}},{"type":"Feature","properties":{"name":"Tring 3","group":"place","kind":"village","osmId":"n12300622907"},"geometry":{"type":"Point","coordinates":[108.277778,12.909167]}},{"type":"Feature","properties":{"name":"Tring 2","group":"place","kind":"village","osmId":"n12300622908"},"geometry":{"type":"Point","coordinates":[108.276667,12.913889]}},{"type":"Feature","properties":{"name":"Tring 1","group":"place","kind":"village","osmId":"n12300622909"},"geometry":{"type":"Point","coordinates":[108.273611,12.911389]}},{"type":"Feature","properties":{"name":"Nhà thuốc bắc Thuận Nguyên Đường","group":"health","kind":"pharmacy","osmId":"n12393084401"},"geometry":{"type":"Point","coordinates":[108.26388,12.91611]}},{"type":"Feature","properties":{"name":"Xuân Thuận","group":"place","kind":"village","osmId":"n12558633475"},"geometry":{"type":"Point","coordinates":[108.361478,12.92243]}},{"type":"Feature","properties":{"name":"Xuân Tây","group":"place","kind":"village","osmId":"n12558633478"},"geometry":{"type":"Point","coordinates":[108.366006,12.921314]}},{"type":"Feature","properties":{"name":"Xuân Ninh","group":"place","kind":"village","osmId":"n12558633480"},"geometry":{"type":"Point","coordinates":[108.350758,12.924868]}},{"type":"Feature","properties":{"name":"Xuân Lộc","group":"place","kind":"village","osmId":"n12558633482"},"geometry":{"type":"Point","coordinates":[108.355785,12.923833]}},{"type":"Feature","properties":{"name":"Xuân Đoàn","group":"place","kind":"village","osmId":"n12558633485"},"geometry":{"type":"Point","coordinates":[108.371558,12.918246]}},{"type":"Feature","properties":{"name":"Tổ dân phố 8","group":"place","kind":"suburb","osmId":"n12558663129"},"geometry":{"type":"Point","coordinates":[108.359045,12.929097]}},{"type":"Feature","properties":{"name":"Nhà thờ Tin Lành thôn 2A","group":"worship","kind":"place_of_worship","osmId":"n13294758454"},"geometry":{"type":"Point","coordinates":[108.33339,12.821139]}},{"type":"Feature","properties":{"name":"Buôn Hồ","group":"place","kind":"town","osmId":"n13955358209"},"geometry":{"type":"Point","coordinates":[108.265596,12.916171]}},{"type":"Feature","properties":{"name":"Chợ Buôn Hồ","group":"commerce","kind":"marketplace","osmId":"w605872048"},"geometry":{"type":"Point","coordinates":[108.263218,12.91695]}},{"type":"Feature","properties":{"name":"Bệnh viện Đa khoa Buôn Hồ","group":"health","kind":"hospital","osmId":"w1288604080"},"geometry":{"type":"Point","coordinates":[108.268725,12.911139]}},{"type":"Feature","properties":{"name":"Trường Trung học phổ thông Buôn Hồ","group":"school","kind":"school","osmId":"w1456833774"},"geometry":{"type":"Point","coordinates":[108.263917,12.91303]}},{"type":"Feature","properties":{"name":"Ea Súp","group":"place","kind":"town","osmId":"n369505009"},"geometry":{"type":"Point","coordinates":[107.883885,13.070772]}},{"type":"Feature","properties":{"name":"QT Hùng Phước (Trần Văn Phước )","group":"health","kind":"pharmacy","osmId":"n6167366587"},"geometry":{"type":"Point","coordinates":[107.883041,13.071714]}},{"type":"Feature","properties":{"name":"QT Phương Anh ( cô Mười)","group":"health","kind":"pharmacy","osmId":"n6167366588"},"geometry":{"type":"Point","coordinates":[107.883869,13.070662]}},{"type":"Feature","properties":{"name":"QT Gia Nguyễn","group":"health","kind":"pharmacy","osmId":"n6167377885"},"geometry":{"type":"Point","coordinates":[107.880734,13.074787]}},{"type":"Feature","properties":{"name":"QT Nguyễn Thị Thanh Trà","group":"health","kind":"pharmacy","osmId":"n6167377985"},"geometry":{"type":"Point","coordinates":[107.881934,13.073249]}},{"type":"Feature","properties":{"name":"QT Phượng Nam ( Phạm Nam)","group":"health","kind":"pharmacy","osmId":"n6167393385"},"geometry":{"type":"Point","coordinates":[107.883256,13.07169]}},{"type":"Feature","properties":{"name":"QT Lê Thị Thanh Thuý","group":"health","kind":"pharmacy","osmId":"n6167403885"},"geometry":{"type":"Point","coordinates":[107.891057,13.078427]}},{"type":"Feature","properties":{"name":"QT Thanh Hằng ( Nguyễn Thị Bảy ) 142 hùng vương 0500/00889","group":"health","kind":"pharmacy","osmId":"n8918241217"},"geometry":{"type":"Point","coordinates":[107.889456,13.075312]}},{"type":"Feature","properties":{"name":"QT Số 7 ( Trịnh Thị Kim Cúc )thôn 4 xã Ea Bung 0500/01165","group":"health","kind":"pharmacy","osmId":"n8918258017"},"geometry":{"type":"Point","coordinates":[107.867226,13.097573]}},{"type":"Feature","properties":{"name":"QT Phương Tâm ( Bùi Phương Tâm ) 86 hùng vương","group":"health","kind":"pharmacy","osmId":"n9037183117"},"geometry":{"type":"Point","coordinates":[107.887608,13.073151]}},{"type":"Feature","properties":{"name":"QT số 6 ( Trịnh Thanh Mai ) thôn 3 xã Cư Kbang 0500/01438","group":"health","kind":"pharmacy","osmId":"n9085890017"},"geometry":{"type":"Point","coordinates":[107.901068,13.169267]}},{"type":"Feature","properties":{"name":"Sửa chữa xe máy","group":"commerce","kind":"motorcycle_repair","osmId":"n11684393652"},"geometry":{"type":"Point","coordinates":[107.877062,13.066232]}},{"type":"Feature","properties":{"name":"Sửa chữa xe máy","group":"commerce","kind":"motorcycle_repair","osmId":"n11684393653"},"geometry":{"type":"Point","coordinates":[107.875811,13.06489]}},{"type":"Feature","properties":{"name":"Sửa chữa xe máy","group":"commerce","kind":"motorcycle_repair","osmId":"n11684533994"},"geometry":{"type":"Point","coordinates":[107.826971,13.15379]}},{"type":"Feature","properties":{"name":"Cửa hàng Xăng dầu","group":"commerce","kind":"fuel","osmId":"n11684535198"},"geometry":{"type":"Point","coordinates":[107.865864,13.107877]}},{"type":"Feature","properties":{"name":"Sửa chữa xe máy","group":"commerce","kind":"motorcycle_repair","osmId":"n11684535199"},"geometry":{"type":"Point","coordinates":[107.890876,13.081848]}},{"type":"Feature","properties":{"name":"Sửa chữa xe máy","group":"commerce","kind":"motorcycle_repair","osmId":"n11684539695"},"geometry":{"type":"Point","coordinates":[107.880483,13.094841]}},{"type":"Feature","properties":{"name":"Sửa chữa xe máy","group":"commerce","kind":"motorcycle_repair","osmId":"n11684543270"},"geometry":{"type":"Point","coordinates":[107.886077,13.088523]}},{"type":"Feature","properties":{"name":"Sửa chữa xe máy","group":"commerce","kind":"motorcycle_repair","osmId":"n11684556136"},"geometry":{"type":"Point","coordinates":[107.85336,13.047645]}},{"type":"Feature","properties":{"name":"Sửa chữa xe máy","group":"commerce","kind":"motorcycle_repair","osmId":"n11684558217"},"geometry":{"type":"Point","coordinates":[107.86454,13.057692]}},{"type":"Feature","properties":{"name":"Cửa hàng Xăng dầu","group":"commerce","kind":"fuel","osmId":"n11684558636"},"geometry":{"type":"Point","coordinates":[107.879557,13.06905]}},{"type":"Feature","properties":{"name":"Cửa hàng Xăng dầu","group":"commerce","kind":"fuel","osmId":"n11684558637"},"geometry":{"type":"Point","coordinates":[107.872783,13.058815]}},{"type":"Feature","properties":{"name":"Cửa hàng Xăng dầu","group":"commerce","kind":"fuel","osmId":"n11684559350"},"geometry":{"type":"Point","coordinates":[107.851943,13.045967]}},{"type":"Feature","properties":{"name":"Sửa chữa xe máy","group":"commerce","kind":"motorcycle_repair","osmId":"n11684560783"},"geometry":{"type":"Point","coordinates":[107.88764,13.07325]}},{"type":"Feature","properties":{"name":"Sửa chữa xe máy","group":"commerce","kind":"motorcycle_repair","osmId":"n11684561803"},"geometry":{"type":"Point","coordinates":[107.875593,13.099291]}},{"type":"Feature","properties":{"name":"Sửa chữa xe máy","group":"commerce","kind":"motorcycle_repair","osmId":"n11684561804"},"geometry":{"type":"Point","coordinates":[107.874322,13.060739]}},{"type":"Feature","properties":{"name":"Cửa hàng Xăng dầu","group":"commerce","kind":"fuel","osmId":"n11684564472"},"geometry":{"type":"Point","coordinates":[107.889514,13.076834]}},{"type":"Feature","properties":{"name":"Sửa chữa xe máy","group":"commerce","kind":"motorcycle_repair","osmId":"n11684564473"},"geometry":{"type":"Point","coordinates":[107.875079,13.063251]}},{"type":"Feature","properties":{"name":"Sửa chữa xe máy","group":"commerce","kind":"motorcycle_repair","osmId":"n11684564732"},"geometry":{"type":"Point","coordinates":[107.889377,13.075359]}},{"type":"Feature","properties":{"name":"H'Mông","group":"place","kind":"village","osmId":"n12381891044"},"geometry":{"type":"Point","coordinates":[108.006503,12.996166]}},{"type":"Feature","properties":{"name":"Thôn 14","group":"place","kind":"village","osmId":"n12618272750"},"geometry":{"type":"Point","coordinates":[107.813508,13.121586]}},{"type":"Feature","properties":{"name":"Thôn 12","group":"place","kind":"village","osmId":"n12618272751"},"geometry":{"type":"Point","coordinates":[107.815395,13.133069]}},{"type":"Feature","properties":{"name":"Thôn 11","group":"place","kind":"village","osmId":"n12618272752"},"geometry":{"type":"Point","coordinates":[107.812497,13.134982]}},{"type":"Feature","properties":{"name":"Thôn 10","group":"place","kind":"village","osmId":"n12618272753"},"geometry":{"type":"Point","coordinates":[107.815523,13.127544]}},{"type":"Feature","properties":{"name":"Thôn 1","group":"place","kind":"village","osmId":"n12618272754"},"geometry":{"type":"Point","coordinates":[107.826735,13.116691]}},{"type":"Feature","properties":{"name":"Thôn 4","group":"place","kind":"village","osmId":"n12618272755"},"geometry":{"type":"Point","coordinates":[107.838263,13.106052]}},{"type":"Feature","properties":{"name":"Thôn 4","group":"place","kind":"village","osmId":"n12618282801"},"geometry":{"type":"Point","coordinates":[107.823913,13.163489]}},{"type":"Feature","properties":{"name":"Thôn 11","group":"place","kind":"village","osmId":"n12618282805"},"geometry":{"type":"Point","coordinates":[107.821357,13.170163]}},{"type":"Feature","properties":{"name":"Thôn 19","group":"place","kind":"village","osmId":"n12618282812"},"geometry":{"type":"Point","coordinates":[107.83945,13.138437]}},{"type":"Feature","properties":{"name":"Thôn 18","group":"place","kind":"village","osmId":"n12618282813"},"geometry":{"type":"Point","coordinates":[107.891171,13.081416]}},{"type":"Feature","properties":{"name":"Thôn 17","group":"place","kind":"village","osmId":"n12618282814"},"geometry":{"type":"Point","coordinates":[107.829166,13.150344]}},{"type":"Feature","properties":{"name":"Thôn 16","group":"place","kind":"village","osmId":"n12618282815"},"geometry":{"type":"Point","coordinates":[107.854494,13.130043]}},{"type":"Feature","properties":{"name":"Thôn 15","group":"place","kind":"village","osmId":"n12618282816"},"geometry":{"type":"Point","coordinates":[107.869414,13.131121]}},{"type":"Feature","properties":{"name":"Thôn 14","group":"place","kind":"village","osmId":"n12618282817"},"geometry":{"type":"Point","coordinates":[107.894173,13.076826]}},{"type":"Feature","properties":{"name":"Thôn 13","group":"place","kind":"village","osmId":"n12618282818"},"geometry":{"type":"Point","coordinates":[107.885907,13.088842]}},{"type":"Feature","properties":{"name":"Thôn 12","group":"place","kind":"village","osmId":"n12618282819"},"geometry":{"type":"Point","coordinates":[107.866988,13.131467]}},{"type":"Feature","properties":{"name":"Thôn 11","group":"place","kind":"village","osmId":"n12618282820"},"geometry":{"type":"Point","coordinates":[107.826291,13.155059]}},{"type":"Feature","properties":{"name":"Thôn 10","group":"place","kind":"village","osmId":"n12618282821"},"geometry":{"type":"Point","coordinates":[107.832636,13.146179]}},{"type":"Feature","properties":{"name":"Thôn 9","group":"place","kind":"village","osmId":"n12618282822"},"geometry":{"type":"Point","coordinates":[107.849122,13.124474]}},{"type":"Feature","properties":{"name":"Thôn 8","group":"place","kind":"village","osmId":"n12618282823"},"geometry":{"type":"Point","coordinates":[107.843566,13.117417]}},{"type":"Feature","properties":{"name":"Thôn 7","group":"place","kind":"village","osmId":"n12618282824"},"geometry":{"type":"Point","coordinates":[107.853822,13.112429]}},{"type":"Feature","properties":{"name":"Thôn 6","group":"place","kind":"village","osmId":"n12618282825"},"geometry":{"type":"Point","coordinates":[107.860178,13.112065]}},{"type":"Feature","properties":{"name":"Thôn 5","group":"place","kind":"village","osmId":"n12618282826"},"geometry":{"type":"Point","coordinates":[107.864832,13.110591]}},{"type":"Feature","properties":{"name":"Thôn 4","group":"place","kind":"village","osmId":"n12618282827"},"geometry":{"type":"Point","coordinates":[107.867233,13.113899]}},{"type":"Feature","properties":{"name":"Thôn 3","group":"place","kind":"village","osmId":"n12618282828"},"geometry":{"type":"Point","coordinates":[107.866279,13.10757]}},{"type":"Feature","properties":{"name":"Thôn 2","group":"place","kind":"village","osmId":"n12618282829"},"geometry":{"type":"Point","coordinates":[107.871809,13.101066]}},{"type":"Feature","properties":{"name":"Thôn 1","group":"place","kind":"village","osmId":"n12618282830"},"geometry":{"type":"Point","coordinates":[107.875774,13.099304]}},{"type":"Feature","properties":{"name":"Thôn 10","group":"place","kind":"village","osmId":"n12618282831"},"geometry":{"type":"Point","coordinates":[107.849419,13.092725]}},{"type":"Feature","properties":{"name":"Thôn 8","group":"place","kind":"village","osmId":"n12618282832"},"geometry":{"type":"Point","coordinates":[107.860557,13.092221]}},{"type":"Feature","properties":{"name":"Thôn 7","group":"place","kind":"village","osmId":"n12618282833"},"geometry":{"type":"Point","coordinates":[107.861098,13.087431]}},{"type":"Feature","properties":{"name":"Thôn 5","group":"place","kind":"village","osmId":"n12618282834"},"geometry":{"type":"Point","coordinates":[107.855792,13.104163]}},{"type":"Feature","properties":{"name":"Thôn 3","group":"place","kind":"village","osmId":"n12618282835"},"geometry":{"type":"Point","coordinates":[107.869093,13.095498]}},{"type":"Feature","properties":{"name":"Thôn 1","group":"place","kind":"village","osmId":"n12618282836"},"geometry":{"type":"Point","coordinates":[107.872816,13.090597]}},{"type":"Feature","properties":{"name":"Bình Lợi","group":"place","kind":"village","osmId":"n12618282837"},"geometry":{"type":"Point","coordinates":[108.027908,13.094432]}},{"type":"Feature","properties":{"name":"Thôn 7","group":"place","kind":"village","osmId":"n12618282838"},"geometry":{"type":"Point","coordinates":[107.889229,13.045447]}},{"type":"Feature","properties":{"name":"Thôn 6","group":"place","kind":"village","osmId":"n12618282839"},"geometry":{"type":"Point","coordinates":[107.854327,13.049156]}},{"type":"Feature","properties":{"name":"Thôn 5","group":"place","kind":"village","osmId":"n12618282840"},"geometry":{"type":"Point","coordinates":[107.863474,13.057547]}},{"type":"Feature","properties":{"name":"Thôn 4","group":"place","kind":"village","osmId":"n12618282841"},"geometry":{"type":"Point","coordinates":[107.866477,13.061359]}},{"type":"Feature","properties":{"name":"Thôn 3","group":"place","kind":"village","osmId":"n12618282842"},"geometry":{"type":"Point","coordinates":[107.868195,13.055862]}},{"type":"Feature","properties":{"name":"Thôn 2","group":"place","kind":"village","osmId":"n12618282843"},"geometry":{"type":"Point","coordinates":[107.870057,13.058501]}},{"type":"Feature","properties":{"name":"Thôn 1","group":"place","kind":"village","osmId":"n12618282844"},"geometry":{"type":"Point","coordinates":[107.874383,13.060704]}},{"type":"Feature","properties":{"name":"Thôn 12","group":"place","kind":"village","osmId":"n12618282848"},"geometry":{"type":"Point","coordinates":[107.91225,13.165462]}},{"type":"Feature","properties":{"name":"Thôn 6","group":"place","kind":"village","osmId":"n12618282850"},"geometry":{"type":"Point","coordinates":[107.879062,13.160678]}},{"type":"Feature","properties":{"name":"Thôn 5","group":"place","kind":"village","osmId":"n12618282851"},"geometry":{"type":"Point","coordinates":[107.887023,13.159927]}},{"type":"Feature","properties":{"name":"Thôn 3","group":"place","kind":"village","osmId":"n12618282854"},"geometry":{"type":"Point","coordinates":[107.905162,13.169432]}},{"type":"Feature","properties":{"name":"Thôn 1","group":"place","kind":"village","osmId":"n12618282855"},"geometry":{"type":"Point","coordinates":[107.91616,13.159648]}},{"type":"Feature","properties":{"name":"Thành Công","group":"place","kind":"suburb","osmId":"n12618282856"},"geometry":{"type":"Point","coordinates":[107.885887,13.066681]}},{"type":"Feature","properties":{"name":"Thắng Lợi","group":"place","kind":"suburb","osmId":"n12618282857"},"geometry":{"type":"Point","coordinates":[107.881515,13.072074]}},{"type":"Feature","properties":{"name":"Hoà Bình","group":"place","kind":"suburb","osmId":"n12618282858"},"geometry":{"type":"Point","coordinates":[107.880815,13.066208]}},{"type":"Feature","properties":{"name":"Đoàn Kết","group":"place","kind":"suburb","osmId":"n12618282859"},"geometry":{"type":"Point","coordinates":[107.886043,13.070689]}},{"type":"Feature","properties":{"name":"Buôn C","group":"place","kind":"village","osmId":"n12618282860"},"geometry":{"type":"Point","coordinates":[107.878342,13.075862]}},{"type":"Feature","properties":{"name":"Buôn B2","group":"place","kind":"village","osmId":"n12618282861"},"geometry":{"type":"Point","coordinates":[107.877179,13.078182]}},{"type":"Feature","properties":{"name":"Buôn B1","group":"place","kind":"village","osmId":"n12618282862"},"geometry":{"type":"Point","coordinates":[107.879535,13.079745]}},{"type":"Feature","properties":{"name":"Buôn A2","group":"place","kind":"village","osmId":"n12618282863"},"geometry":{"type":"Point","coordinates":[107.880156,13.073107]}},{"type":"Feature","properties":{"name":"Buôn A1","group":"place","kind":"village","osmId":"n12618282864"},"geometry":{"type":"Point","coordinates":[107.882725,13.076053]}},{"type":"Feature","properties":{"name":"Thôn 10","group":"place","kind":"village","osmId":"n12618282865"},"geometry":{"type":"Point","coordinates":[107.873635,13.082267]}},{"type":"Feature","properties":{"name":"Thôn 9","group":"place","kind":"village","osmId":"n12618282866"},"geometry":{"type":"Point","coordinates":[107.87286,13.066897]}},{"type":"Feature","properties":{"name":"Thôn 8","group":"place","kind":"village","osmId":"n12618282867"},"geometry":{"type":"Point","coordinates":[107.876526,13.065521]}},{"type":"Feature","properties":{"name":"Thôn 7","group":"place","kind":"village","osmId":"n12618282868"},"geometry":{"type":"Point","coordinates":[107.887445,13.056809]}},{"type":"Feature","properties":{"name":"Thôn 6","group":"place","kind":"village","osmId":"n12618282869"},"geometry":{"type":"Point","coordinates":[107.885829,13.061797]}},{"type":"Feature","properties":{"name":"Thôn 5","group":"place","kind":"village","osmId":"n12618282870"},"geometry":{"type":"Point","coordinates":[107.892531,13.067064]}},{"type":"Feature","properties":{"name":"Thôn 4","group":"place","kind":"village","osmId":"n12618282871"},"geometry":{"type":"Point","coordinates":[107.890197,13.072687]}},{"type":"Feature","properties":{"name":"Thôn 3","group":"place","kind":"village","osmId":"n12618282872"},"geometry":{"type":"Point","coordinates":[107.889474,13.075775]}},{"type":"Feature","properties":{"name":"Thôn 2","group":"place","kind":"village","osmId":"n12618282873"},"geometry":{"type":"Point","coordinates":[107.884658,13.072974]}},{"type":"Feature","properties":{"name":"Thôn 1","group":"place","kind":"village","osmId":"n12618282874"},"geometry":{"type":"Point","coordinates":[107.880969,13.078023]}},{"type":"Feature","properties":{"name":"Trung tâm Y tế Ea Súp","group":"health","kind":"hospital","osmId":"w1288604084"},"geometry":{"type":"Point","coordinates":[107.888519,13.075368]}},{"type":"Feature","properties":{"name":"Nha máy đường Dak lac","group":"commerce","kind":"outdoor","osmId":"n5450404821"},"geometry":{"type":"Point","coordinates":[107.762774,13.212641]}},{"type":"Feature","properties":{"name":"QT Hồng Duyên ( Đào Hồng Duyên ) thôn 15, xã Cư Kbang. Ea Súp 0500/01106","group":"health","kind":"pharmacy","osmId":"n9446791317"},"geometry":{"type":"Point","coordinates":[107.894248,13.200854]}},{"type":"Feature","properties":{"name":"Cửa hàng Xăng dầu","group":"commerce","kind":"fuel","osmId":"n11684414646"},"geometry":{"type":"Point","coordinates":[107.820078,13.175187]}},{"type":"Feature","properties":{"name":"Cửa hàng Xăng dầu","group":"commerce","kind":"fuel","osmId":"n11684552226"},"geometry":{"type":"Point","coordinates":[107.814756,13.203316]}},{"type":"Feature","properties":{"name":"Cửa hàng Xăng dầu","group":"commerce","kind":"fuel","osmId":"n11684558634"},"geometry":{"type":"Point","coordinates":[107.817057,13.185323]}},{"type":"Feature","properties":{"name":"Thôn 13","group":"place","kind":"village","osmId":"n12618272756"},"geometry":{"type":"Point","coordinates":[107.750279,13.218575]}},{"type":"Feature","properties":{"name":"Thanh Niên Lập Nghiệp","group":"place","kind":"village","osmId":"n12618272775"},"geometry":{"type":"Point","coordinates":[107.782408,13.346073]}},{"type":"Feature","properties":{"name":"Ba Na","group":"place","kind":"village","osmId":"n12618272789"},"geometry":{"type":"Point","coordinates":[107.86959,13.263251]}},{"type":"Feature","properties":{"name":"Thôn 7","group":"place","kind":"village","osmId":"n12618272790"},"geometry":{"type":"Point","coordinates":[107.82513,13.225152]}},{"type":"Feature","properties":{"name":"Thôn 6","group":"place","kind":"village","osmId":"n12618272791"},"geometry":{"type":"Point","coordinates":[107.829243,13.233187]}},{"type":"Feature","properties":{"name":"Thôn 5","group":"place","kind":"village","osmId":"n12618272792"},"geometry":{"type":"Point","coordinates":[107.835154,13.227834]}},{"type":"Feature","properties":{"name":"Thôn 4","group":"place","kind":"village","osmId":"n12618272793"},"geometry":{"type":"Point","coordinates":[107.833408,13.215363]}},{"type":"Feature","properties":{"name":"Thôn 3","group":"place","kind":"village","osmId":"n12618272794"},"geometry":{"type":"Point","coordinates":[107.804283,13.214407]}},{"type":"Feature","properties":{"name":"Thôn 2","group":"place","kind":"village","osmId":"n12618272795"},"geometry":{"type":"Point","coordinates":[107.815716,13.206101]}},{"type":"Feature","properties":{"name":"Thôn 1","group":"place","kind":"village","osmId":"n12618272796"},"geometry":{"type":"Point","coordinates":[107.814901,13.203226]}},{"type":"Feature","properties":{"name":"Thôn 22","group":"place","kind":"village","osmId":"n12618272797"},"geometry":{"type":"Point","coordinates":[107.790072,13.204083]}},{"type":"Feature","properties":{"name":"Thôn 21","group":"place","kind":"village","osmId":"n12618272798"},"geometry":{"type":"Point","coordinates":[107.792366,13.206584]}},{"type":"Feature","properties":{"name":"Thôn 20","group":"place","kind":"village","osmId":"n12618272799"},"geometry":{"type":"Point","coordinates":[107.798718,13.193888]}},{"type":"Feature","properties":{"name":"Thôn 19","group":"place","kind":"village","osmId":"n12618272800"},"geometry":{"type":"Point","coordinates":[107.794795,13.183224]}},{"type":"Feature","properties":{"name":"Thôn 16","group":"place","kind":"village","osmId":"n12618282802"},"geometry":{"type":"Point","coordinates":[107.781604,13.211043]}},{"type":"Feature","properties":{"name":"Thôn 15","group":"place","kind":"village","osmId":"n12618282803"},"geometry":{"type":"Point","coordinates":[107.800732,13.198654]}},{"type":"Feature","properties":{"name":"Thôn 3","group":"place","kind":"village","osmId":"n12618282804"},"geometry":{"type":"Point","coordinates":[107.797223,13.175739]}},{"type":"Feature","properties":{"name":"Thôn 10","group":"place","kind":"village","osmId":"n12618282806"},"geometry":{"type":"Point","coordinates":[107.819601,13.177223]}},{"type":"Feature","properties":{"name":"Thôn 9","group":"place","kind":"village","osmId":"n12618282807"},"geometry":{"type":"Point","coordinates":[107.816802,13.186374]}},{"type":"Feature","properties":{"name":"Thôn 8","group":"place","kind":"village","osmId":"n12618282808"},"geometry":{"type":"Point","coordinates":[107.817683,13.192713]}},{"type":"Feature","properties":{"name":"Thôn 7","group":"place","kind":"village","osmId":"n12618282809"},"geometry":{"type":"Point","coordinates":[107.815439,13.197087]}},{"type":"Feature","properties":{"name":"Thôn 6","group":"place","kind":"village","osmId":"n12618282810"},"geometry":{"type":"Point","coordinates":[107.82611,13.202312]}},{"type":"Feature","properties":{"name":"Thôn 5","group":"place","kind":"village","osmId":"n12618282811"},"geometry":{"type":"Point","coordinates":[107.835864,13.209788]}},{"type":"Feature","properties":{"name":"Thôn 16","group":"place","kind":"village","osmId":"n12618282845"},"geometry":{"type":"Point","coordinates":[107.895318,13.203288]}},{"type":"Feature","properties":{"name":"Thôn 15","group":"place","kind":"village","osmId":"n12618282846"},"geometry":{"type":"Point","coordinates":[107.899658,13.199147]}},{"type":"Feature","properties":{"name":"Thôn 14","group":"place","kind":"village","osmId":"n12618282847"},"geometry":{"type":"Point","coordinates":[107.892684,13.191244]}},{"type":"Feature","properties":{"name":"Thôn 11","group":"place","kind":"village","osmId":"n12618282849"},"geometry":{"type":"Point","coordinates":[107.8882,13.174548]}},{"type":"Feature","properties":{"name":"Thôn 4B","group":"place","kind":"village","osmId":"n12618282852"},"geometry":{"type":"Point","coordinates":[107.896183,13.174953]}},{"type":"Feature","properties":{"name":"Thôn 4A","group":"place","kind":"village","osmId":"n12618282853"},"geometry":{"type":"Point","coordinates":[107.897535,13.172327]}},{"type":"Feature","properties":{"name":"Trường Tiểu học Lê Văn Tám (Phân hiệu Buôn Ba Na)","group":"school","kind":"school","osmId":"w1362853018"},"geometry":{"type":"Point","coordinates":[107.863279,13.259695]}},{"type":"Feature","properties":{"name":"Thôn 5","group":"place","kind":"village","osmId":"n12618272764"},"geometry":{"type":"Point","coordinates":[107.62298,13.179587]}},{"type":"Feature","properties":{"name":"Thôn 2","group":"place","kind":"village","osmId":"n12618272766"},"geometry":{"type":"Point","coordinates":[107.645223,13.193788]}},{"type":"Feature","properties":{"name":"Thôn 1","group":"place","kind":"village","osmId":"n12618272767"},"geometry":{"type":"Point","coordinates":[107.630741,13.221661]}},{"type":"Feature","properties":{"name":"Du Lịch Thác 7 Nhánh","group":"poi","kind":"viewpoint","osmId":"n1653918811"},"geometry":{"type":"Point","coordinates":[107.811841,12.858527]}},{"type":"Feature","properties":{"name":"Tạp hóa phước lài","group":"commerce","kind":"convenience","osmId":"n4520021590"},"geometry":{"type":"Point","coordinates":[107.83807,12.859467]}},{"type":"Feature","properties":{"name":"Thu Thông Skype","group":"commerce","kind":"furniture","osmId":"n5483893526"},"geometry":{"type":"Point","coordinates":[107.900121,12.80615]}},{"type":"Feature","properties":{"name":"Ban don","group":"poi","kind":"artwork","osmId":"n5997688985"},"geometry":{"type":"Point","coordinates":[107.825369,12.863764]}},{"type":"Feature","properties":{"name":"QT Mai Hoa ( Tạ Thị Mai Hoa)","group":"health","kind":"pharmacy","osmId":"n6167312485"},"geometry":{"type":"Point","coordinates":[107.943646,12.774961]}},{"type":"Feature","properties":{"name":"QT Ngô Thị Kiều Dung 05","group":"health","kind":"pharmacy","osmId":"n6167324985"},"geometry":{"type":"Point","coordinates":[107.899028,12.806892]}},{"type":"Feature","properties":{"name":"QT Thuý Hà","group":"health","kind":"pharmacy","osmId":"n6167328185"},"geometry":{"type":"Point","coordinates":[107.869499,12.835306]}},{"type":"Feature","properties":{"name":"QT Tấn Phúc ( Đinh Thị Gian ) thôn 1, xã Tân Hoà.Buôn Đôn","group":"health","kind":"pharmacy","osmId":"n8301731620"},"geometry":{"type":"Point","coordinates":[107.946024,12.773315]}},{"type":"Feature","properties":{"name":"QT Ngọc Thuận ( Nguyễn Thị Ngọc Thuận ) Thôn 7 ,Tân hoà","group":"health","kind":"pharmacy","osmId":"n8301762717"},"geometry":{"type":"Point","coordinates":[107.932551,12.768363]}},{"type":"Feature","properties":{"name":"QT Thanh Vinh ( Trần Thị Thanh Vinh ) thôn 10 xã Tân Hoà 0500/00710","group":"health","kind":"pharmacy","osmId":"n8918149017"},"geometry":{"type":"Point","coordinates":[107.926503,12.765173]}},{"type":"Feature","properties":{"name":"Cửa hàng Xăng dầu","group":"commerce","kind":"fuel","osmId":"n11684532694"},"geometry":{"type":"Point","coordinates":[107.886009,12.821141]}},{"type":"Feature","properties":{"name":"Sửa chữa xe máy","group":"commerce","kind":"motorcycle_repair","osmId":"n11684533995"},"geometry":{"type":"Point","coordinates":[107.848196,12.855784]}},{"type":"Feature","properties":{"name":"Cửa hàng Xăng dầu","group":"commerce","kind":"fuel","osmId":"n11684533996"},"geometry":{"type":"Point","coordinates":[107.926205,12.766035]}},{"type":"Feature","properties":{"name":"Cửa hàng Xăng dầu","group":"commerce","kind":"fuel","osmId":"n11684539696"},"geometry":{"type":"Point","coordinates":[107.910262,12.79877]}},{"type":"Feature","properties":{"name":"Sửa chữa xe máy","group":"commerce","kind":"motorcycle_repair","osmId":"n11684543271"},"geometry":{"type":"Point","coordinates":[107.922651,12.782844]}},{"type":"Feature","properties":{"name":"Cửa hàng Xăng dầu","group":"commerce","kind":"fuel","osmId":"n11684562433"},"geometry":{"type":"Point","coordinates":[107.852883,12.851401]}},{"type":"Feature","properties":{"name":"Cửa hàng Xăng dầu","group":"commerce","kind":"fuel","osmId":"n11684562434"},"geometry":{"type":"Point","coordinates":[107.872186,12.835474]}},{"type":"Feature","properties":{"name":"Cửa hàng Xăng dầu","group":"commerce","kind":"fuel","osmId":"n11684563087"},"geometry":{"type":"Point","coordinates":[107.832162,12.859052]}},{"type":"Feature","properties":{"name":"Sửa chữa xe máy","group":"commerce","kind":"motorcycle_repair","osmId":"n11684564432"},"geometry":{"type":"Point","coordinates":[107.866498,12.836797]}},{"type":"Feature","properties":{"name":"Thôn 1","group":"place","kind":"village","osmId":"n12005334362"},"geometry":{"type":"Point","coordinates":[107.851219,12.781896]}},{"type":"Feature","properties":{"name":"Hiệp Đoàn","group":"place","kind":"village","osmId":"n12381871482"},"geometry":{"type":"Point","coordinates":[107.951859,12.841033]}},{"type":"Feature","properties":{"name":"Ea M'Droh","group":"place","kind":"village","osmId":"n12381891021"},"geometry":{"type":"Point","coordinates":[107.951709,12.902958]}},{"type":"Feature","properties":{"name":"Cuôr","group":"place","kind":"village","osmId":"n12381891023"},"geometry":{"type":"Point","coordinates":[107.948706,12.894604]}},{"type":"Feature","properties":{"name":"Thôn 16","group":"place","kind":"village","osmId":"n12428764244"},"geometry":{"type":"Point","coordinates":[107.900465,12.806041]}},{"type":"Feature","properties":{"name":"Thôn 15","group":"place","kind":"village","osmId":"n12428764245"},"geometry":{"type":"Point","coordinates":[107.904533,12.803462]}},{"type":"Feature","properties":{"name":"Thôn 14","group":"place","kind":"village","osmId":"n12428764246"},"geometry":{"type":"Point","coordinates":[107.908008,12.801263]}},{"type":"Feature","properties":{"name":"Thôn 13","group":"place","kind":"village","osmId":"n12428764247"},"geometry":{"type":"Point","coordinates":[107.913701,12.795649]}},{"type":"Feature","properties":{"name":"Thôn 12","group":"place","kind":"village","osmId":"n12428764248"},"geometry":{"type":"Point","coordinates":[107.921599,12.78655]}},{"type":"Feature","properties":{"name":"Thôn 11","group":"place","kind":"village","osmId":"n12428764249"},"geometry":{"type":"Point","coordinates":[107.92348,12.77931]}},{"type":"Feature","properties":{"name":"Thôn 10","group":"place","kind":"village","osmId":"n12428764250"},"geometry":{"type":"Point","coordinates":[107.924772,12.771061]}},{"type":"Feature","properties":{"name":"Thôn 9","group":"place","kind":"village","osmId":"n12428764251"},"geometry":{"type":"Point","coordinates":[107.928361,12.76326]}},{"type":"Feature","properties":{"name":"Thôn 8","group":"place","kind":"village","osmId":"n12428764252"},"geometry":{"type":"Point","coordinates":[107.93114,12.767282]}},{"type":"Feature","properties":{"name":"Thôn 7","group":"place","kind":"village","osmId":"n12428764253"},"geometry":{"type":"Point","coordinates":[107.93669,12.771722]}},{"type":"Feature","properties":{"name":"Thôn 5","group":"place","kind":"village","osmId":"n12428764254"},"geometry":{"type":"Point","coordinates":[107.934783,12.773078]}},{"type":"Feature","properties":{"name":"Thôn 4","group":"place","kind":"village","osmId":"n12428764255"},"geometry":{"type":"Point","coordinates":[107.940561,12.774665]}},{"type":"Feature","properties":{"name":"Thôn 3","group":"place","kind":"village","osmId":"n12428764256"},"geometry":{"type":"Point","coordinates":[107.944535,12.776207]}},{"type":"Feature","properties":{"name":"Thôn 2","group":"place","kind":"village","osmId":"n12428764257"},"geometry":{"type":"Point","coordinates":[107.945792,12.772796]}},{"type":"Feature","properties":{"name":"Thôn 1","group":"place","kind":"village","osmId":"n12428764258"},"geometry":{"type":"Point","coordinates":[107.949795,12.771669]}},{"type":"Feature","properties":{"name":"Hà Bắc","group":"place","kind":"village","osmId":"n12428764259"},"geometry":{"type":"Point","coordinates":[107.895312,12.811578]}},{"type":"Feature","properties":{"name":"Ea Ly","group":"place","kind":"village","osmId":"n12428764260"},"geometry":{"type":"Point","coordinates":[107.904893,12.818051]}},{"type":"Feature","properties":{"name":"Ea Duăt","group":"place","kind":"village","osmId":"n12428764261"},"geometry":{"type":"Point","coordinates":[107.883584,12.808143]}},{"type":"Feature","properties":{"name":"Tul B","group":"place","kind":"village","osmId":"n12428764262"},"geometry":{"type":"Point","coordinates":[107.864782,12.835909]}},{"type":"Feature","properties":{"name":"Tul A","group":"place","kind":"village","osmId":"n12428764263"},"geometry":{"type":"Point","coordinates":[107.863656,12.839541]}},{"type":"Feature","properties":{"name":"Ea Pri","group":"place","kind":"village","osmId":"n12428764264"},"geometry":{"type":"Point","coordinates":[107.858456,12.844117]}},{"type":"Feature","properties":{"name":"Thôn 9","group":"place","kind":"village","osmId":"n12428764265"},"geometry":{"type":"Point","coordinates":[107.853619,12.819717]}},{"type":"Feature","properties":{"name":"Thôn 7","group":"place","kind":"village","osmId":"n12428764266"},"geometry":{"type":"Point","coordinates":[107.873216,12.83461]}},{"type":"Feature","properties":{"name":"Thôn 5","group":"place","kind":"village","osmId":"n12428764267"},"geometry":{"type":"Point","coordinates":[107.840896,12.85835]}},{"type":"Feature","properties":{"name":"Thôn 4","group":"place","kind":"village","osmId":"n12428764268"},"geometry":{"type":"Point","coordinates":[107.879669,12.825459]}},{"type":"Feature","properties":{"name":"Thôn 3","group":"place","kind":"village","osmId":"n12428764269"},"geometry":{"type":"Point","coordinates":[107.876101,12.829448]}},{"type":"Feature","properties":{"name":"Tân Phú","group":"place","kind":"village","osmId":"n12428764271"},"geometry":{"type":"Point","coordinates":[107.916968,12.751683]}},{"type":"Feature","properties":{"name":"Jăng Pông","group":"place","kind":"village","osmId":"n12428764284"},"geometry":{"type":"Point","coordinates":[107.829245,12.868154]}},{"type":"Feature","properties":{"name":"Ndrếch","group":"place","kind":"village","osmId":"n12428764285"},"geometry":{"type":"Point","coordinates":[107.825326,12.862062]}},{"type":"Feature","properties":{"name":"Nà Xược","group":"place","kind":"village","osmId":"n12428764286"},"geometry":{"type":"Point","coordinates":[107.834393,12.861483]}},{"type":"Feature","properties":{"name":"Thôn 8","group":"place","kind":"village","osmId":"n12428764287"},"geometry":{"type":"Point","coordinates":[107.858953,12.872767]}},{"type":"Feature","properties":{"name":"Thôn 7","group":"place","kind":"village","osmId":"n12428764288"},"geometry":{"type":"Point","coordinates":[107.849979,12.873036]}},{"type":"Feature","properties":{"name":"Thôn 6","group":"place","kind":"village","osmId":"n12428764289"},"geometry":{"type":"Point","coordinates":[107.840078,12.868599]}},{"type":"Feature","properties":{"name":"Thôn 4","group":"place","kind":"village","osmId":"n12428764290"},"geometry":{"type":"Point","coordinates":[107.834076,12.859049]}},{"type":"Feature","properties":{"name":"Giáo Xứ Thánh Linh Đức Mẹ Lộ Đức","group":"worship","kind":"place_of_worship","osmId":"n1727618890"},"geometry":{"type":"Point","coordinates":[108.02983,12.673876]}},{"type":"Feature","properties":{"name":"QT Ánh Nhân (Nguyễn Thị Ánh Nhân)","group":"health","kind":"pharmacy","osmId":"n6167275986"},"geometry":{"type":"Point","coordinates":[107.99022,12.769343]}},{"type":"Feature","properties":{"name":"QT Đỗ Văn Tuyền","group":"health","kind":"pharmacy","osmId":"n6167279685"},"geometry":{"type":"Point","coordinates":[107.989676,12.77152]}},{"type":"Feature","properties":{"name":"QT Thuỷ Hoà (Nguyễn Thị Kim Thuỷ)","group":"health","kind":"pharmacy","osmId":"n6167287985"},"geometry":{"type":"Point","coordinates":[107.997035,12.778846]}},{"type":"Feature","properties":{"name":"QT Kim Hà ( Phan Thị Kim Hà)","group":"health","kind":"pharmacy","osmId":"n6167299987"},"geometry":{"type":"Point","coordinates":[107.967772,12.771954]}},{"type":"Feature","properties":{"name":"QT Cường Như ( Nguyễn Thị Bích Như)","group":"health","kind":"pharmacy","osmId":"n6167307585"},"geometry":{"type":"Point","coordinates":[107.965596,12.771227]}},{"type":"Feature","properties":{"name":"QT Hoàng Thuỷ","group":"health","kind":"pharmacy","osmId":"n6212242185"},"geometry":{"type":"Point","coordinates":[107.936834,12.740034]}},{"type":"Feature","properties":{"name":"QT Minh Lành","group":"health","kind":"pharmacy","osmId":"n6212266585"},"geometry":{"type":"Point","coordinates":[107.960816,12.694381]}},{"type":"Feature","properties":{"name":"QT Nguyễn Mùi","group":"health","kind":"pharmacy","osmId":"n6212270385"},"geometry":{"type":"Point","coordinates":[107.955781,12.700648]}},{"type":"Feature","properties":{"name":"QT Diễm Hằng ( Đỗ Thị Hằng ) buôn knia 3","group":"health","kind":"pharmacy","osmId":"n7899162086"},"geometry":{"type":"Point","coordinates":[108.013546,12.741706]}},{"type":"Feature","properties":{"name":"QT Ánh Nhân ( Nguyễn Thị Ánh Nhân ) Ea bar","group":"health","kind":"pharmacy","osmId":"n8301722620"},"geometry":{"type":"Point","coordinates":[107.99192,12.76688]}},{"type":"Feature","properties":{"name":"QT Thanh Bình ( Trần Thị Thanh Lan ) km9,xã Ea Nuôl. Buôn Đôn","group":"health","kind":"pharmacy","osmId":"n8302379928"},"geometry":{"type":"Point","coordinates":[107.96758,12.688252]}},{"type":"Feature","properties":{"name":"QT Cam Chiều ( Phạm Thị Phương ) thôn hoà nam 2, xã Ea Nuôl","group":"health","kind":"pharmacy","osmId":"n8522802117"},"geometry":{"type":"Point","coordinates":[107.965387,12.690031]}},{"type":"Feature","properties":{"name":"Cửa hàng Xăng dầu","group":"commerce","kind":"fuel","osmId":"n11684414647"},"geometry":{"type":"Point","coordinates":[108.000577,12.671892]}},{"type":"Feature","properties":{"name":"Sửa chữa xe máy","group":"commerce","kind":"motorcycle_repair","osmId":"n11684535200"},"geometry":{"type":"Point","coordinates":[107.955122,12.701325]}},{"type":"Feature","properties":{"name":"Cửa hàng Xăng dầu","group":"commerce","kind":"fuel","osmId":"n11684535826"},"geometry":{"type":"Point","coordinates":[107.99416,12.676322]}},{"type":"Feature","properties":{"name":"Cửa hàng Xăng dầu","group":"commerce","kind":"fuel","osmId":"n11684552755"},"geometry":{"type":"Point","coordinates":[107.952114,12.704583]}},{"type":"Feature","properties":{"name":"Cửa hàng Xăng dầu","group":"commerce","kind":"fuel","osmId":"n11684558639"},"geometry":{"type":"Point","coordinates":[108.012417,12.682517]}},{"type":"Feature","properties":{"name":"Cửa hàng Xăng dầu","group":"commerce","kind":"fuel","osmId":"n11684561473"},"geometry":{"type":"Point","coordinates":[107.9389,12.737343]}},{"type":"Feature","properties":{"name":"Cửa hàng Xăng dầu","group":"commerce","kind":"fuel","osmId":"n11684561681"},"geometry":{"type":"Point","coordinates":[107.965817,12.689373]}},{"type":"Feature","properties":{"name":"Cửa hàng Xăng dầu","group":"commerce","kind":"fuel","osmId":"n11684564474"},"geometry":{"type":"Point","coordinates":[107.932859,12.744794]}},{"type":"Feature","properties":{"name":"Nhà Đèn","group":"place","kind":"village","osmId":"n12005334352"},"geometry":{"type":"Point","coordinates":[107.896383,12.671014]}},{"type":"Feature","properties":{"name":"Kdun","group":"place","kind":"village","osmId":"n12136171567"},"geometry":{"type":"Point","coordinates":[108.017491,12.711533]}},{"type":"Feature","properties":{"name":"Ea Bông","group":"place","kind":"village","osmId":"n12136171568"},"geometry":{"type":"Point","coordinates":[108.026739,12.704603]}},{"type":"Feature","properties":{"name":"Thôn 8","group":"place","kind":"village","osmId":"n12136171570"},"geometry":{"type":"Point","coordinates":[107.99262,12.718554]}},{"type":"Feature","properties":{"name":"Thôn 3","group":"place","kind":"village","osmId":"n12136171571"},"geometry":{"type":"Point","coordinates":[108.017692,12.701647]}},{"type":"Feature","properties":{"name":"Thôn 2","group":"place","kind":"village","osmId":"n12136171572"},"geometry":{"type":"Point","coordinates":[108.025337,12.69591]}},{"type":"Feature","properties":{"name":"Ky","group":"place","kind":"village","osmId":"n12136171573"},"geometry":{"type":"Point","coordinates":[107.998326,12.674762]}},{"type":"Feature","properties":{"name":"Tổ dân phố 2","group":"place","kind":"suburb","osmId":"n12138214443"},"geometry":{"type":"Point","coordinates":[108.021676,12.682461]}},{"type":"Feature","properties":{"name":"Tổ dân phố 1","group":"place","kind":"suburb","osmId":"n12138214444"},"geometry":{"type":"Point","coordinates":[108.029074,12.684392]}},{"type":"Feature","properties":{"name":"Tổ dân phố 3","group":"place","kind":"suburb","osmId":"n12138214445"},"geometry":{"type":"Point","coordinates":[108.026365,12.678363]}},{"type":"Feature","properties":{"name":"Tổ dân phố 7","group":"place","kind":"suburb","osmId":"n12138214446"},"geometry":{"type":"Point","coordinates":[107.996271,12.688459]}},{"type":"Feature","properties":{"name":"Tổ dân phố 6","group":"place","kind":"suburb","osmId":"n12138214447"},"geometry":{"type":"Point","coordinates":[108.006688,12.686256]}},{"type":"Feature","properties":{"name":"Tổ dân phố 4","group":"place","kind":"suburb","osmId":"n12138214448"},"geometry":{"type":"Point","coordinates":[108.015693,12.682396]}},{"type":"Feature","properties":{"name":"Tổ dân phố 5","group":"place","kind":"suburb","osmId":"n12138214449"},"geometry":{"type":"Point","coordinates":[108.007793,12.681101]}},{"type":"Feature","properties":{"name":"Tổ dân phố 11","group":"place","kind":"suburb","osmId":"n12141615558"},"geometry":{"type":"Point","coordinates":[108.027872,12.673734]}},{"type":"Feature","properties":{"name":"Tổ dân phố 9","group":"place","kind":"suburb","osmId":"n12141615560"},"geometry":{"type":"Point","coordinates":[108.029337,12.681425]}},{"type":"Feature","properties":{"name":"Tổ dân phố 8","group":"place","kind":"suburb","osmId":"n12141615561"},"geometry":{"type":"Point","coordinates":[108.013555,12.675365]}},{"type":"Feature","properties":{"name":"Thôn 8","group":"place","kind":"village","osmId":"n12381891007"},"geometry":{"type":"Point","coordinates":[107.970235,12.813443]}},{"type":"Feature","properties":{"name":"Thôn 3","group":"place","kind":"village","osmId":"n12381891009"},"geometry":{"type":"Point","coordinates":[108.013807,12.789063]}},{"type":"Feature","properties":{"name":"Thôn 2B","group":"place","kind":"village","osmId":"n12381891010"},"geometry":{"type":"Point","coordinates":[108.011881,12.797035]}},{"type":"Feature","properties":{"name":"Thôn 2A","group":"place","kind":"village","osmId":"n12381891011"},"geometry":{"type":"Point","coordinates":[108.011454,12.803273]}},{"type":"Feature","properties":{"name":"Thôn 1B","group":"place","kind":"village","osmId":"n12381891012"},"geometry":{"type":"Point","coordinates":[108.011351,12.81024]}},{"type":"Feature","properties":{"name":"Thôn 5","group":"place","kind":"village","osmId":"n12381891081"},"geometry":{"type":"Point","coordinates":[108.028537,12.77846]}},{"type":"Feature","properties":{"name":"Thôn 4","group":"place","kind":"village","osmId":"n12381891082"},"geometry":{"type":"Point","coordinates":[108.023934,12.787975]}},{"type":"Feature","properties":{"name":"Pôk B","group":"place","kind":"village","osmId":"n12381891132"},"geometry":{"type":"Point","coordinates":[108.022035,12.809405]}},{"type":"Feature","properties":{"name":"An Phú","group":"place","kind":"village","osmId":"n12428764270"},"geometry":{"type":"Point","coordinates":[107.93767,12.739284]}},{"type":"Feature","properties":{"name":"Hòa Thanh","group":"place","kind":"village","osmId":"n12428764272"},"geometry":{"type":"Point","coordinates":[107.964238,12.728418]}},{"type":"Feature","properties":{"name":"Hòa Phú","group":"place","kind":"village","osmId":"n12428764273"},"geometry":{"type":"Point","coordinates":[107.978428,12.683467]}},{"type":"Feature","properties":{"name":"Hòa Nam 2","group":"place","kind":"village","osmId":"n12428764274"},"geometry":{"type":"Point","coordinates":[107.967292,12.693749]}},{"type":"Feature","properties":{"name":"Hòa Nam 1","group":"place","kind":"village","osmId":"n12428764275"},"geometry":{"type":"Point","coordinates":[107.973377,12.681766]}},{"type":"Feature","properties":{"name":"Hòa An","group":"place","kind":"village","osmId":"n12428764276"},"geometry":{"type":"Point","coordinates":[107.965091,12.690253]}},{"type":"Feature","properties":{"name":"Niêng 3","group":"place","kind":"village","osmId":"n12428764277"},"geometry":{"type":"Point","coordinates":[107.957721,12.712373]}},{"type":"Feature","properties":{"name":"Niêng 2","group":"place","kind":"village","osmId":"n12428764278"},"geometry":{"type":"Point","coordinates":[107.954104,12.700243]}},{"type":"Feature","properties":{"name":"Niêng 1","group":"place","kind":"village","osmId":"n12428764279"},"geometry":{"type":"Point","coordinates":[107.957076,12.696519]}},{"type":"Feature","properties":{"name":"Kô Đung B","group":"place","kind":"village","osmId":"n12428764280"},"geometry":{"type":"Point","coordinates":[107.94675,12.709584]}},{"type":"Feature","properties":{"name":"Kô Đung A","group":"place","kind":"village","osmId":"n12428764281"},"geometry":{"type":"Point","coordinates":[107.948212,12.711589]}},{"type":"Feature","properties":{"name":"Ea Mdhar 1B","group":"place","kind":"village","osmId":"n12428764282"},"geometry":{"type":"Point","coordinates":[107.941218,12.732761]}},{"type":"Feature","properties":{"name":"Ea Mdhar 1A","group":"place","kind":"village","osmId":"n12428764283"},"geometry":{"type":"Point","coordinates":[107.942818,12.73295]}},{"type":"Feature","properties":{"name":"Knia 4","group":"place","kind":"village","osmId":"n12428764291"},"geometry":{"type":"Point","coordinates":[108.012313,12.738759]}},{"type":"Feature","properties":{"name":"Knia 3","group":"place","kind":"village","osmId":"n12428764292"},"geometry":{"type":"Point","coordinates":[108.011332,12.741775]}},{"type":"Feature","properties":{"name":"Knia 2","group":"place","kind":"village","osmId":"n12428764293"},"geometry":{"type":"Point","coordinates":[108.015279,12.743708]}},{"type":"Feature","properties":{"name":"Knia 1","group":"place","kind":"village","osmId":"n12428764294"},"geometry":{"type":"Point","coordinates":[108.016309,12.739925]}},{"type":"Feature","properties":{"name":"Thôn 18B","group":"place","kind":"village","osmId":"n12428764295"},"geometry":{"type":"Point","coordinates":[107.986672,12.766058]}},{"type":"Feature","properties":{"name":"Thôn 18A","group":"place","kind":"village","osmId":"n12428764296"},"geometry":{"type":"Point","coordinates":[107.991165,12.769437]}},{"type":"Feature","properties":{"name":"Thôn 18","group":"place","kind":"village","osmId":"n12428764297"},"geometry":{"type":"Point","coordinates":[107.987734,12.769216]}},{"type":"Feature","properties":{"name":"Thôn 17B","group":"place","kind":"village","osmId":"n12428764298"},"geometry":{"type":"Point","coordinates":[107.995229,12.775643]}},{"type":"Feature","properties":{"name":"Thôn 17A","group":"place","kind":"village","osmId":"n12428764299"},"geometry":{"type":"Point","coordinates":[107.989699,12.771933]}},{"type":"Feature","properties":{"name":"Thôn 16A","group":"place","kind":"village","osmId":"n12428764300"},"geometry":{"type":"Point","coordinates":[107.986006,12.771806]}},{"type":"Feature","properties":{"name":"Thôn 16","group":"place","kind":"village","osmId":"n12428790501"},"geometry":{"type":"Point","coordinates":[107.981324,12.771167]}},{"type":"Feature","properties":{"name":"Thôn 15","group":"place","kind":"village","osmId":"n12428790502"},"geometry":{"type":"Point","coordinates":[107.983719,12.7688]}},{"type":"Feature","properties":{"name":"Thôn 11","group":"place","kind":"village","osmId":"n12428790503"},"geometry":{"type":"Point","coordinates":[108.002093,12.783231]}},{"type":"Feature","properties":{"name":"Thôn 10","group":"place","kind":"village","osmId":"n12428790504"},"geometry":{"type":"Point","coordinates":[107.998659,12.780321]}},{"type":"Feature","properties":{"name":"Thôn 9","group":"place","kind":"village","osmId":"n12428790505"},"geometry":{"type":"Point","coordinates":[107.994547,12.76571]}},{"type":"Feature","properties":{"name":"Thôn 8","group":"place","kind":"village","osmId":"n12428790506"},"geometry":{"type":"Point","coordinates":[107.991713,12.764008]}},{"type":"Feature","properties":{"name":"Thôn 7","group":"place","kind":"village","osmId":"n12428790507"},"geometry":{"type":"Point","coordinates":[107.996323,12.761974]}},{"type":"Feature","properties":{"name":"Thôn 6","group":"place","kind":"village","osmId":"n12428790508"},"geometry":{"type":"Point","coordinates":[107.999694,12.759207]}},{"type":"Feature","properties":{"name":"Thôn 5","group":"place","kind":"village","osmId":"n12428790509"},"geometry":{"type":"Point","coordinates":[107.996078,12.758771]}},{"type":"Feature","properties":{"name":"Sinh Mây","group":"place","kind":"village","osmId":"n12428790510"},"geometry":{"type":"Point","coordinates":[107.97067,12.795894]}},{"type":"Feature","properties":{"name":"Ea Kning","group":"place","kind":"village","osmId":"n12428790511"},"geometry":{"type":"Point","coordinates":[107.97161,12.79015]}},{"type":"Feature","properties":{"name":"Thôn 13","group":"place","kind":"village","osmId":"n12428790512"},"geometry":{"type":"Point","coordinates":[107.9988,12.803544]}},{"type":"Feature","properties":{"name":"Thôn 12","group":"place","kind":"village","osmId":"n12428790513"},"geometry":{"type":"Point","coordinates":[107.985648,12.806594]}},{"type":"Feature","properties":{"name":"Thôn 11","group":"place","kind":"village","osmId":"n12428790514"},"geometry":{"type":"Point","coordinates":[107.976603,12.806563]}},{"type":"Feature","properties":{"name":"Thôn 8","group":"place","kind":"village","osmId":"n12428790515"},"geometry":{"type":"Point","coordinates":[107.991414,12.790544]}},{"type":"Feature","properties":{"name":"Thôn 7","group":"place","kind":"village","osmId":"n12428790516"},"geometry":{"type":"Point","coordinates":[107.979867,12.791771]}},{"type":"Feature","properties":{"name":"Thôn 6","group":"place","kind":"village","osmId":"n12428790517"},"geometry":{"type":"Point","coordinates":[107.969127,12.780757]}},{"type":"Feature","properties":{"name":"Thôn 5","group":"place","kind":"village","osmId":"n12428790518"},"geometry":{"type":"Point","coordinates":[107.967919,12.775181]}},{"type":"Feature","properties":{"name":"Thôn 4","group":"place","kind":"village","osmId":"n12428790519"},"geometry":{"type":"Point","coordinates":[107.96548,12.770729]}},{"type":"Feature","properties":{"name":"Thôn 3","group":"place","kind":"village","osmId":"n12428790520"},"geometry":{"type":"Point","coordinates":[107.963755,12.766966]}},{"type":"Feature","properties":{"name":"Thôn 2","group":"place","kind":"village","osmId":"n12428790521"},"geometry":{"type":"Point","coordinates":[107.964145,12.773139]}},{"type":"Feature","properties":{"name":"Thôn 1","group":"place","kind":"village","osmId":"n12428790522"},"geometry":{"type":"Point","coordinates":[107.95597,12.771131]}},{"type":"Feature","properties":{"name":"Bệnh viện Phổi tỉnh Đắk Lắk","group":"health","kind":"hospital","osmId":"w183815633"},"geometry":{"type":"Point","coordinates":[108.005366,12.678898]}},{"type":"Feature","properties":{"name":"Bệnh viện Tâm thần tỉnh Đắk Lắk","group":"health","kind":"hospital","osmId":"w183815634"},"geometry":{"type":"Point","coordinates":[108.005395,12.679576]}},{"type":"Feature","properties":{"name":"UBND phường Thành Nhất","group":"civic","kind":"townhall","osmId":"w241890281"},"geometry":{"type":"Point","coordinates":[108.016305,12.682922]}},{"type":"Feature","properties":{"name":"Trường Phổ thông Dân tộc Nội trú Tây Nguyên","group":"school","kind":"school","osmId":"w241977667"},"geometry":{"type":"Point","coordinates":[108.017413,12.678995]}},{"type":"Feature","properties":{"name":"Tiểu học Lý Tự Trọng","group":"school","kind":"school","osmId":"w242179045"},"geometry":{"type":"Point","coordinates":[108.030133,12.679396]}},{"type":"Feature","properties":{"name":"QT Thanh Hà ( Hoàng Thị Thu Huyền)","group":"health","kind":"pharmacy","osmId":"n6154797785"},"geometry":{"type":"Point","coordinates":[108.018741,12.941491]}},{"type":"Feature","properties":{"name":"QT Hiện Thuỷ","group":"health","kind":"pharmacy","osmId":"n6154797787"},"geometry":{"type":"Point","coordinates":[108.023019,12.941258]}},{"type":"Feature","properties":{"name":"QT Đông Đông","group":"health","kind":"pharmacy","osmId":"n6154802285"},"geometry":{"type":"Point","coordinates":[108.021532,12.941274]}},{"type":"Feature","properties":{"name":"Tơng Liă","group":"place","kind":"village","osmId":"n12381871496"},"geometry":{"type":"Point","coordinates":[108.10583,12.942762]}},{"type":"Feature","properties":{"name":"M'Lăng","group":"place","kind":"village","osmId":"n12381871497"},"geometry":{"type":"Point","coordinates":[108.100595,12.930417]}},{"type":"Feature","properties":{"name":"Kđoh","group":"place","kind":"village","osmId":"n12381871498"},"geometry":{"type":"Point","coordinates":[108.105519,12.95959]}},{"type":"Feature","properties":{"name":"Ea Tar","group":"place","kind":"village","osmId":"n12381871499"},"geometry":{"type":"Point","coordinates":[108.083053,12.946305]}},{"type":"Feature","properties":{"name":"Ea Kiêng","group":"place","kind":"village","osmId":"n12381871500"},"geometry":{"type":"Point","coordinates":[108.123207,12.943951]}},{"type":"Feature","properties":{"name":"Đrai Sĩ","group":"place","kind":"village","osmId":"n12381891001"},"geometry":{"type":"Point","coordinates":[108.106488,12.929904]}},{"type":"Feature","properties":{"name":"Thôn 4","group":"place","kind":"village","osmId":"n12381891002"},"geometry":{"type":"Point","coordinates":[108.097931,12.923918]}},{"type":"Feature","properties":{"name":"Thôn 3","group":"place","kind":"village","osmId":"n12381891003"},"geometry":{"type":"Point","coordinates":[108.092729,12.923649]}},{"type":"Feature","properties":{"name":"Thôn 2","group":"place","kind":"village","osmId":"n12381891004"},"geometry":{"type":"Point","coordinates":[108.086745,12.922696]}},{"type":"Feature","properties":{"name":"Hợp Thành","group":"place","kind":"village","osmId":"n12381891015"},"geometry":{"type":"Point","coordinates":[107.981841,12.921837]}},{"type":"Feature","properties":{"name":"Thác Đá","group":"place","kind":"village","osmId":"n12381891024"},"geometry":{"type":"Point","coordinates":[108.074335,12.970308]}},{"type":"Feature","properties":{"name":"Đoàn Kết","group":"place","kind":"village","osmId":"n12381891025"},"geometry":{"type":"Point","coordinates":[108.098517,13.000075]}},{"type":"Feature","properties":{"name":"Wing","group":"place","kind":"village","osmId":"n12381891026"},"geometry":{"type":"Point","coordinates":[108.062347,12.981947]}},{"type":"Feature","properties":{"name":"Xê Đăng","group":"place","kind":"village","osmId":"n12381891027"},"geometry":{"type":"Point","coordinates":[108.07712,13.045041]}},{"type":"Feature","properties":{"name":"Triết","group":"place","kind":"village","osmId":"n12381891028"},"geometry":{"type":"Point","coordinates":[108.063426,12.958163]}},{"type":"Feature","properties":{"name":"Thái","group":"place","kind":"village","osmId":"n12381891029"},"geometry":{"type":"Point","coordinates":[108.067352,12.990099]}},{"type":"Feature","properties":{"name":"Luk","group":"place","kind":"village","osmId":"n12381891030"},"geometry":{"type":"Point","coordinates":[108.062139,13.011821]}},{"type":"Feature","properties":{"name":"Gia Rai","group":"place","kind":"village","osmId":"n12381891031"},"geometry":{"type":"Point","coordinates":[108.089046,13.014854]}},{"type":"Feature","properties":{"name":"Dao","group":"place","kind":"village","osmId":"n12381891032"},"geometry":{"type":"Point","coordinates":[108.090323,12.981931]}},{"type":"Feature","properties":{"name":"Ayun","group":"place","kind":"village","osmId":"n12381891033"},"geometry":{"type":"Point","coordinates":[108.070814,12.998475]}},{"type":"Feature","properties":{"name":"Thôn 15","group":"place","kind":"village","osmId":"n12381891034"},"geometry":{"type":"Point","coordinates":[108.072264,12.980338]}},{"type":"Feature","properties":{"name":"Yă Wăm B","group":"place","kind":"village","osmId":"n12381891042"},"geometry":{"type":"Point","coordinates":[108.010207,12.931802]}},{"type":"Feature","properties":{"name":"Yă Wăm A","group":"place","kind":"village","osmId":"n12381891043"},"geometry":{"type":"Point","coordinates":[108.030839,12.943421]}},{"type":"Feature","properties":{"name":"Thôn 14","group":"place","kind":"village","osmId":"n12381891045"},"geometry":{"type":"Point","coordinates":[108.044356,12.954641]}},{"type":"Feature","properties":{"name":"Thôn 11","group":"place","kind":"village","osmId":"n12381891046"},"geometry":{"type":"Point","coordinates":[108.040279,12.937314]}},{"type":"Feature","properties":{"name":"Thôn 10","group":"place","kind":"village","osmId":"n12381891047"},"geometry":{"type":"Point","coordinates":[108.013803,12.942711]}},{"type":"Feature","properties":{"name":"Thôn 9","group":"place","kind":"village","osmId":"n12381891048"},"geometry":{"type":"Point","coordinates":[108.044666,12.926659]}},{"type":"Feature","properties":{"name":"Thôn 8","group":"place","kind":"village","osmId":"n12381891049"},"geometry":{"type":"Point","coordinates":[108.035186,12.919618]}},{"type":"Feature","properties":{"name":"Thôn 7","group":"place","kind":"village","osmId":"n12381891050"},"geometry":{"type":"Point","coordinates":[108.024159,12.951734]}},{"type":"Feature","properties":{"name":"Thôn 6","group":"place","kind":"village","osmId":"n12381891051"},"geometry":{"type":"Point","coordinates":[108.01565,12.938893]}},{"type":"Feature","properties":{"name":"Thôn 5","group":"place","kind":"village","osmId":"n12381891052"},"geometry":{"type":"Point","coordinates":[108.023079,12.93446]}},{"type":"Feature","properties":{"name":"Thôn 2","group":"place","kind":"village","osmId":"n12381891053"},"geometry":{"type":"Point","coordinates":[108.010002,12.948152]}},{"type":"Feature","properties":{"name":"Thôn 1","group":"place","kind":"village","osmId":"n12381891054"},"geometry":{"type":"Point","coordinates":[108.021363,12.94107]}},{"type":"Feature","properties":{"name":"Ea Sang","group":"place","kind":"village","osmId":"n12381891062"},"geometry":{"type":"Point","coordinates":[108.077898,12.918414]}},{"type":"Feature","properties":{"name":"Ea Sin","group":"place","kind":"village","osmId":"n12479667949"},"geometry":{"type":"Point","coordinates":[108.118499,13.049869]}},{"type":"Feature","properties":{"name":"Ea Pông","group":"place","kind":"village","osmId":"n12479667950"},"geometry":{"type":"Point","coordinates":[108.112438,13.061185]}},{"type":"Feature","properties":{"name":"Cư Mtao","group":"place","kind":"village","osmId":"n12479667953"},"geometry":{"type":"Point","coordinates":[108.123909,13.073111]}},{"type":"Feature","properties":{"name":"Cư Kanh","group":"place","kind":"village","osmId":"n12479667954"},"geometry":{"type":"Point","coordinates":[108.116747,13.06635]}},{"type":"Feature","properties":{"name":"Ea Dho","group":"place","kind":"village","osmId":"n12479667971"},"geometry":{"type":"Point","coordinates":[108.120939,13.020322]}},{"type":"Feature","properties":{"name":"QT Uyên Chi","group":"health","kind":"pharmacy","osmId":"n6154750286"},"geometry":{"type":"Point","coordinates":[107.970005,12.858235]}},{"type":"Feature","properties":{"name":"QT Nguyễn Th","group":"health","kind":"pharmacy","osmId":"n6154750287"},"geometry":{"type":"Point","coordinates":[107.965553,12.858866]}},{"type":"Feature","properties":{"name":"QT Thành Công","group":"health","kind":"pharmacy","osmId":"n6154782585"},"geometry":{"type":"Point","coordinates":[107.992242,12.876714]}},{"type":"Feature","properties":{"name":"QT cường lợi","group":"health","kind":"pharmacy","osmId":"n7123978385"},"geometry":{"type":"Point","coordinates":[108.013862,12.817743]}},{"type":"Feature","properties":{"name":"QT Ngọc Trâm ( Hoàng Thị Ngọc Trâm ) số 20 thôn 1 xã Ea M’Nang","group":"health","kind":"pharmacy","osmId":"n8301648917"},"geometry":{"type":"Point","coordinates":[108.013743,12.815467]}},{"type":"Feature","properties":{"name":"QT Thế Anh ( Trần Thị Khanh ) thôn hiệp đạt xã quảng hiệp 0500/01594","group":"health","kind":"pharmacy","osmId":"n9184385917"},"geometry":{"type":"Point","coordinates":[107.994775,12.839419]}},{"type":"Feature","properties":{"name":"QT Tây số 27 ( Phan Thị Hoàng Ly ) thôn 2 xã Cư M’gar 0500/01604","group":"health","kind":"pharmacy","osmId":"n9184436417"},"geometry":{"type":"Point","coordinates":[108.022246,12.836949]}},{"type":"Feature","properties":{"name":"Hiệp Tiến","group":"place","kind":"village","osmId":"n12381871473"},"geometry":{"type":"Point","coordinates":[107.958611,12.857058]}},{"type":"Feature","properties":{"name":"Hiệp Thịnh","group":"place","kind":"village","osmId":"n12381871474"},"geometry":{"type":"Point","coordinates":[107.971495,12.859623]}},{"type":"Feature","properties":{"name":"Hiệp Thắng","group":"place","kind":"village","osmId":"n12381871475"},"geometry":{"type":"Point","coordinates":[107.980938,12.868617]}},{"type":"Feature","properties":{"name":"Hiệp Thành","group":"place","kind":"village","osmId":"n12381871476"},"geometry":{"type":"Point","coordinates":[107.956906,12.874798]}},{"type":"Feature","properties":{"name":"Hiệp Nhất","group":"place","kind":"village","osmId":"n12381871477"},"geometry":{"type":"Point","coordinates":[107.993912,12.874205]}},{"type":"Feature","properties":{"name":"Hiệp Lợi","group":"place","kind":"village","osmId":"n12381871478"},"geometry":{"type":"Point","coordinates":[108.000467,12.853271]}},{"type":"Feature","properties":{"name":"Hiệp Kết","group":"place","kind":"village","osmId":"n12381871479"},"geometry":{"type":"Point","coordinates":[107.964091,12.825256]}},{"type":"Feature","properties":{"name":"Hiệp Hưng","group":"place","kind":"village","osmId":"n12381871480"},"geometry":{"type":"Point","coordinates":[107.964831,12.863076]}},{"type":"Feature","properties":{"name":"Hiệp Hoà","group":"place","kind":"village","osmId":"n12381871481"},"geometry":{"type":"Point","coordinates":[107.973259,12.851104]}},{"type":"Feature","properties":{"name":"Hiệp Đạt","group":"place","kind":"village","osmId":"n12381871483"},"geometry":{"type":"Point","coordinates":[108.00534,12.844194]}},{"type":"Feature","properties":{"name":"Hiệp Bình","group":"place","kind":"village","osmId":"n12381871484"},"geometry":{"type":"Point","coordinates":[107.999671,12.8684]}},{"type":"Feature","properties":{"name":"Bình Hoà","group":"place","kind":"village","osmId":"n12381891006"},"geometry":{"type":"Point","coordinates":[107.992518,12.839077]}},{"type":"Feature","properties":{"name":"Thôn 6","group":"place","kind":"village","osmId":"n12381891008"},"geometry":{"type":"Point","coordinates":[107.989085,12.82935]}},{"type":"Feature","properties":{"name":"Thôn 1A","group":"place","kind":"village","osmId":"n12381891013"},"geometry":{"type":"Point","coordinates":[108.014098,12.816026]}},{"type":"Feature","properties":{"name":"Thạch Sơn","group":"place","kind":"village","osmId":"n12381891014"},"geometry":{"type":"Point","coordinates":[107.99549,12.915337]}},{"type":"Feature","properties":{"name":"Hợp Hoà","group":"place","kind":"village","osmId":"n12381891016"},"geometry":{"type":"Point","coordinates":[107.966649,12.915573]}},{"type":"Feature","properties":{"name":"Đồng Tâm","group":"place","kind":"village","osmId":"n12381891017"},"geometry":{"type":"Point","coordinates":[108.0146,12.904827]}},{"type":"Feature","properties":{"name":"Đồng Giao","group":"place","kind":"village","osmId":"n12381891018"},"geometry":{"type":"Point","coordinates":[107.961037,12.900421]}},{"type":"Feature","properties":{"name":"Đoàn Kết","group":"place","kind":"village","osmId":"n12381891019"},"geometry":{"type":"Point","coordinates":[107.994217,12.882881]}},{"type":"Feature","properties":{"name":"Đại Thành","group":"place","kind":"village","osmId":"n12381891020"},"geometry":{"type":"Point","coordinates":[107.966275,12.886365]}},{"type":"Feature","properties":{"name":"Dhung","group":"place","kind":"village","osmId":"n12381891022"},"geometry":{"type":"Point","coordinates":[107.991095,12.894026]}},{"type":"Feature","properties":{"name":"Thôn 4","group":"place","kind":"village","osmId":"n12381891093"},"geometry":{"type":"Point","coordinates":[108.022334,12.849348]}},{"type":"Feature","properties":{"name":"Thôn 3","group":"place","kind":"village","osmId":"n12381891094"},"geometry":{"type":"Point","coordinates":[108.016691,12.838661]}},{"type":"Feature","properties":{"name":"Thôn 2","group":"place","kind":"village","osmId":"n12381891095"},"geometry":{"type":"Point","coordinates":[108.021492,12.837183]}},{"type":"Feature","properties":{"name":"Ea Pôk","group":"place","kind":"town","osmId":"n369501832"},"geometry":{"type":"Point","coordinates":[108.071251,12.777414]}},{"type":"Feature","properties":{"name":"Quảng Phú","group":"place","kind":"town","osmId":"n369501939"},"geometry":{"type":"Point","coordinates":[108.080172,12.817048]}},{"type":"Feature","properties":{"name":"QT Thành Tài (Trần Thị Thanh Thuý)","group":"health","kind":"pharmacy","osmId":"n6154750285"},"geometry":{"type":"Point","coordinates":[108.079313,12.825568]}},{"type":"Feature","properties":{"name":"QT Phú Thiện ( Nguyễn Thị Thanh Nga)","group":"health","kind":"pharmacy","osmId":"n6154905187"},"geometry":{"type":"Point","coordinates":[108.075091,12.81888]}},{"type":"Feature","properties":{"name":"QT Trần Thị Ngọ","group":"health","kind":"pharmacy","osmId":"n6154983585"},"geometry":{"type":"Point","coordinates":[108.073671,12.81948]}},{"type":"Feature","properties":{"name":"QT Phạm Thị Mỹ Hạnh","group":"health","kind":"pharmacy","osmId":"n6154984085"},"geometry":{"type":"Point","coordinates":[108.074536,12.819155]}},{"type":"Feature","properties":{"name":"QT Dương Thị Ngọc Liên","group":"health","kind":"pharmacy","osmId":"n6155025485"},"geometry":{"type":"Point","coordinates":[108.075716,12.810572]}},{"type":"Feature","properties":{"name":"QT Hoàng Thị Tú","group":"health","kind":"pharmacy","osmId":"n6155036585"},"geometry":{"type":"Point","coordinates":[108.071358,12.778829]}},{"type":"Feature","properties":{"name":"QT Nguyễn Thị Kim Yến 06","group":"health","kind":"pharmacy","osmId":"n6155036586"},"geometry":{"type":"Point","coordinates":[108.071486,12.778322]}},{"type":"Feature","properties":{"name":"QT Kim Thuý ( Vương Thị Thuý)","group":"health","kind":"pharmacy","osmId":"n6155062285"},"geometry":{"type":"Point","coordinates":[108.048086,12.797394]}},{"type":"Feature","properties":{"name":"QT Khánh Ly ( Võ Thị Khánh Ly )Ea pok","group":"health","kind":"pharmacy","osmId":"n7899040485"},"geometry":{"type":"Point","coordinates":[108.071294,12.777697]}},{"type":"Feature","properties":{"name":"QT Quảng Phú","group":"health","kind":"pharmacy","osmId":"n7899047885"},"geometry":{"type":"Point","coordinates":[108.075512,12.815341]}},{"type":"Feature","properties":{"name":"QT Đông Hà Vy ( Nguyễn Thị Binh )","group":"health","kind":"pharmacy","osmId":"n7899053285"},"geometry":{"type":"Point","coordinates":[108.074046,12.819281]}},{"type":"Feature","properties":{"name":"QT Số 10 Cô Oanh ( Trần Thị Oanh ) 22 CMT 8","group":"health","kind":"pharmacy","osmId":"n7899057785"},"geometry":{"type":"Point","coordinates":[108.07572,12.818982]}},{"type":"Feature","properties":{"name":"Thôn 1","group":"place","kind":"village","osmId":"n12136166393"},"geometry":{"type":"Point","coordinates":[108.10938,12.755149]}},{"type":"Feature","properties":{"name":"Tiến Thịnh","group":"place","kind":"village","osmId":"n12381871467"},"geometry":{"type":"Point","coordinates":[108.083036,12.811698]}},{"type":"Feature","properties":{"name":"Tiến Thành","group":"place","kind":"village","osmId":"n12381871468"},"geometry":{"type":"Point","coordinates":[108.070712,12.796096]}},{"type":"Feature","properties":{"name":"Tiến Phú","group":"place","kind":"village","osmId":"n12381871469"},"geometry":{"type":"Point","coordinates":[108.074225,12.81044]}},{"type":"Feature","properties":{"name":"Tiến Phát","group":"place","kind":"village","osmId":"n12381871470"},"geometry":{"type":"Point","coordinates":[108.070027,12.80943]}},{"type":"Feature","properties":{"name":"Tiến Đạt","group":"place","kind":"village","osmId":"n12381871471"},"geometry":{"type":"Point","coordinates":[108.078295,12.80773]}},{"type":"Feature","properties":{"name":"Tiến Cường","group":"place","kind":"village","osmId":"n12381871472"},"geometry":{"type":"Point","coordinates":[108.083957,12.809538]}},{"type":"Feature","properties":{"name":"Tân Sơn","group":"place","kind":"village","osmId":"n12381891063"},"geometry":{"type":"Point","coordinates":[108.140651,12.790775]}},{"type":"Feature","properties":{"name":"Kroa A","group":"place","kind":"village","osmId":"n12381891074"},"geometry":{"type":"Point","coordinates":[108.132153,12.746323]}},{"type":"Feature","properties":{"name":"Sút M'Grư","group":"place","kind":"village","osmId":"n12381891076"},"geometry":{"type":"Point","coordinates":[108.072114,12.748499]}},{"type":"Feature","properties":{"name":"Sút M'Đưng","group":"place","kind":"village","osmId":"n12381891077"},"geometry":{"type":"Point","coordinates":[108.046505,12.755524]}},{"type":"Feature","properties":{"name":"Sút M'Drang","group":"place","kind":"village","osmId":"n12381891078"},"geometry":{"type":"Point","coordinates":[108.040806,12.757969]}},{"type":"Feature","properties":{"name":"Sút H'Luốt","group":"place","kind":"village","osmId":"n12381891079"},"geometry":{"type":"Point","coordinates":[108.034179,12.760013]}},{"type":"Feature","properties":{"name":"Thôn 6","group":"place","kind":"village","osmId":"n12381891080"},"geometry":{"type":"Point","coordinates":[108.071951,12.761935]}},{"type":"Feature","properties":{"name":"Thôn 3","group":"place","kind":"village","osmId":"n12381891083"},"geometry":{"type":"Point","coordinates":[108.054205,12.778502]}},{"type":"Feature","properties":{"name":"Thôn 2","group":"place","kind":"village","osmId":"n12381891084"},"geometry":{"type":"Point","coordinates":[108.054676,12.76529]}},{"type":"Feature","properties":{"name":"Thôn 1","group":"place","kind":"village","osmId":"n12381891085"},"geometry":{"type":"Point","coordinates":[108.068916,12.7638]}},{"type":"Feature","properties":{"name":"Trăp","group":"place","kind":"village","osmId":"n12381891086"},"geometry":{"type":"Point","coordinates":[108.046878,12.836834]}},{"type":"Feature","properties":{"name":"Ka Na B","group":"place","kind":"village","osmId":"n12381891087"},"geometry":{"type":"Point","coordinates":[108.064483,12.826402]}},{"type":"Feature","properties":{"name":"Ka Na A","group":"place","kind":"village","osmId":"n12381891088"},"geometry":{"type":"Point","coordinates":[108.073454,12.824864]}},{"type":"Feature","properties":{"name":"Huk B","group":"place","kind":"village","osmId":"n12381891089"},"geometry":{"type":"Point","coordinates":[108.059259,12.826272]}},{"type":"Feature","properties":{"name":"Huk A","group":"place","kind":"village","osmId":"n12381891090"},"geometry":{"type":"Point","coordinates":[108.063186,12.82496]}},{"type":"Feature","properties":{"name":"Dhung","group":"place","kind":"village","osmId":"n12381891091"},"geometry":{"type":"Point","coordinates":[108.042668,12.83579]}},{"type":"Feature","properties":{"name":"Bling","group":"place","kind":"village","osmId":"n12381891092"},"geometry":{"type":"Point","coordinates":[108.048045,12.833554]}},{"type":"Feature","properties":{"name":"Thôn 1","group":"place","kind":"village","osmId":"n12381891096"},"geometry":{"type":"Point","coordinates":[108.027524,12.833833]}},{"type":"Feature","properties":{"name":"Tổ dân phố 4","group":"place","kind":"suburb","osmId":"n12381891117"},"geometry":{"type":"Point","coordinates":[108.083727,12.820652]}},{"type":"Feature","properties":{"name":"Tổ dân phố 8","group":"place","kind":"suburb","osmId":"n12381891118"},"geometry":{"type":"Point","coordinates":[108.088981,12.835679]}},{"type":"Feature","properties":{"name":"Tổ dân phố 7","group":"place","kind":"suburb","osmId":"n12381891119"},"geometry":{"type":"Point","coordinates":[108.084097,12.823434]}},{"type":"Feature","properties":{"name":"Tổ dân phố 6","group":"place","kind":"suburb","osmId":"n12381891120"},"geometry":{"type":"Point","coordinates":[108.078451,12.827036]}},{"type":"Feature","properties":{"name":"Tổ dân phố 2","group":"place","kind":"suburb","osmId":"n12381891121"},"geometry":{"type":"Point","coordinates":[108.080723,12.818]}},{"type":"Feature","properties":{"name":"Tổ dân phố 3A","group":"place","kind":"suburb","osmId":"n12381891122"},"geometry":{"type":"Point","coordinates":[108.086682,12.81823]}},{"type":"Feature","properties":{"name":"Tổ dân phố 3","group":"place","kind":"suburb","osmId":"n12381891123"},"geometry":{"type":"Point","coordinates":[108.08164,12.814464]}},{"type":"Feature","properties":{"name":"Tổ dân phố 1","group":"place","kind":"suburb","osmId":"n12381891124"},"geometry":{"type":"Point","coordinates":[108.073559,12.814184]}},{"type":"Feature","properties":{"name":"Tổ dân phố 5","group":"place","kind":"suburb","osmId":"n12381891125"},"geometry":{"type":"Point","coordinates":[108.073336,12.819182]}},{"type":"Feature","properties":{"name":"Quyết Thắng","group":"place","kind":"suburb","osmId":"n12381891126"},"geometry":{"type":"Point","coordinates":[108.073647,12.780409]}},{"type":"Feature","properties":{"name":"Tân Tiến","group":"place","kind":"suburb","osmId":"n12381891127"},"geometry":{"type":"Point","coordinates":[108.067741,12.77817]}},{"type":"Feature","properties":{"name":"Toàn Thắng","group":"place","kind":"suburb","osmId":"n12381891128"},"geometry":{"type":"Point","coordinates":[108.070638,12.774657]}},{"type":"Feature","properties":{"name":"Cư H'Lâm","group":"place","kind":"suburb","osmId":"n12381891129"},"geometry":{"type":"Point","coordinates":[108.078873,12.7903]}},{"type":"Feature","properties":{"name":"An Bình","group":"place","kind":"village","osmId":"n12381891130"},"geometry":{"type":"Point","coordinates":[108.103604,12.785846]}},{"type":"Feature","properties":{"name":"Lang","group":"place","kind":"village","osmId":"n12381891131"},"geometry":{"type":"Point","coordinates":[108.106721,12.768508]}},{"type":"Feature","properties":{"name":"Pôk A","group":"place","kind":"village","osmId":"n12381891133"},"geometry":{"type":"Point","coordinates":[108.048736,12.796848]}},{"type":"Feature","properties":{"name":"Ea Sút","group":"place","kind":"village","osmId":"n12381891134"},"geometry":{"type":"Point","coordinates":[108.118604,12.78894]}},{"type":"Feature","properties":{"name":"Ea Mắp","group":"place","kind":"village","osmId":"n12381891135"},"geometry":{"type":"Point","coordinates":[108.083646,12.783431]}},{"type":"Feature","properties":{"name":"Thôn 8","group":"place","kind":"village","osmId":"n12381891136"},"geometry":{"type":"Point","coordinates":[108.07505,12.797434]}},{"type":"Feature","properties":{"name":"Thôn 4","group":"place","kind":"village","osmId":"n12381891137"},"geometry":{"type":"Point","coordinates":[108.053775,12.788155]}},{"type":"Feature","properties":{"name":"Trung tâm Y tế Cư M'gar","group":"health","kind":"hospital","osmId":"w1288604098"},"geometry":{"type":"Point","coordinates":[108.073892,12.82018]}},{"type":"Feature","properties":{"name":"Đạt Lý","group":"place","kind":"village","osmId":"n369501408"},"geometry":{"type":"Point","coordinates":[108.124665,12.733858]}},{"type":"Feature","properties":{"name":"Khu Du Lịch Ea Nhái","group":"poi","kind":"attraction","osmId":"n1727508950"},"geometry":{"type":"Point","coordinates":[108.20793,12.718571]}},{"type":"Feature","properties":{"name":"Cây xăng Hồng Thu","group":"commerce","kind":"fuel","osmId":"n4400995094"},"geometry":{"type":"Point","coordinates":[108.21926,12.796903]}},{"type":"Feature","properties":{"name":"PV Oil","group":"commerce","kind":"fuel","osmId":"n4401011792"},"geometry":{"type":"Point","coordinates":[108.179833,12.761823]}},{"type":"Feature","properties":{"name":"Bác Nam","group":"commerce","kind":"fuel","osmId":"n4401044593"},"geometry":{"type":"Point","coordinates":[108.158181,12.745168]}},{"type":"Feature","properties":{"name":"Petrolimex","group":"commerce","kind":"fuel","osmId":"n4401054991"},"geometry":{"type":"Point","coordinates":[108.158241,12.746492]}},{"type":"Feature","properties":{"name":"PV Oil","group":"commerce","kind":"fuel","osmId":"n4401056790"},"geometry":{"type":"Point","coordinates":[108.171038,12.756031]}},{"type":"Feature","properties":{"name":"Thalexim Station","group":"commerce","kind":"fuel","osmId":"n4401057990"},"geometry":{"type":"Point","coordinates":[108.182539,12.765588]}},{"type":"Feature","properties":{"name":"Petrolimex","group":"commerce","kind":"fuel","osmId":"n4401058090"},"geometry":{"type":"Point","coordinates":[108.222984,12.802088]}},{"type":"Feature","properties":{"name":"QT THU HẰNG","group":"health","kind":"pharmacy","osmId":"n6149286493"},"geometry":{"type":"Point","coordinates":[108.227607,12.808646]}},{"type":"Feature","properties":{"name":"QT THU TRANG","group":"health","kind":"pharmacy","osmId":"n6149286494"},"geometry":{"type":"Point","coordinates":[108.225661,12.806648]}},{"type":"Feature","properties":{"name":"QT THỚI THỊ QUA","group":"health","kind":"pharmacy","osmId":"n6149287791"},"geometry":{"type":"Point","coordinates":[108.219305,12.797121]}},{"type":"Feature","properties":{"name":"BS HƯỜNG","group":"health","kind":"pharmacy","osmId":"n6149288390"},"geometry":{"type":"Point","coordinates":[108.223883,12.802828]}},{"type":"Feature","properties":{"name":"QT 76 (Hà thị kiều oanh)","group":"health","kind":"pharmacy","osmId":"n6149288393"},"geometry":{"type":"Point","coordinates":[108.116161,12.731752]}},{"type":"Feature","properties":{"name":"QT LỆ QUYÊN","group":"health","kind":"pharmacy","osmId":"n6149293385"},"geometry":{"type":"Point","coordinates":[108.221538,12.802589]}},{"type":"Feature","properties":{"name":"QT Cô hiệu","group":"health","kind":"pharmacy","osmId":"n6149293430"},"geometry":{"type":"Point","coordinates":[108.218354,12.789739]}},{"type":"Feature","properties":{"name":"QT Kim Phụng (","group":"health","kind":"pharmacy","osmId":"n6149318105"},"geometry":{"type":"Point","coordinates":[108.180711,12.763069]}},{"type":"Feature","properties":{"name":"QT Trần Ly Ly 78","group":"health","kind":"pharmacy","osmId":"n6359477185"},"geometry":{"type":"Point","coordinates":[108.117123,12.731847]}},{"type":"Feature","properties":{"name":"QT Đoàn Thị Trinh Tuyết","group":"health","kind":"pharmacy","osmId":"n6359933985"},"geometry":{"type":"Point","coordinates":[108.219882,12.789897]}},{"type":"Feature","properties":{"name":"QT Nguyễn Thị Hoa","group":"health","kind":"pharmacy","osmId":"n6359934085"},"geometry":{"type":"Point","coordinates":[108.219847,12.789943]}},{"type":"Feature","properties":{"name":"QT Quỳnh Mai","group":"health","kind":"pharmacy","osmId":"n6359946086"},"geometry":{"type":"Point","coordinates":[108.17831,12.761274]}},{"type":"Feature","properties":{"name":"QT Ngọc Hân","group":"health","kind":"pharmacy","osmId":"n6472135785"},"geometry":{"type":"Point","coordinates":[108.144941,12.738069]}},{"type":"Feature","properties":{"name":"QT Thành Tâm ( BS Nguyễn Văn Thu )","group":"health","kind":"pharmacy","osmId":"n7418872488"},"geometry":{"type":"Point","coordinates":[108.219491,12.789426]}},{"type":"Feature","properties":{"name":"QT 05 ( Nguyễn Thị Linh ) vinh quang","group":"health","kind":"pharmacy","osmId":"n7418872587"},"geometry":{"type":"Point","coordinates":[108.166588,12.750979]}},{"type":"Feature","properties":{"name":"Cửa hàng Xăng dầu","group":"commerce","kind":"fuel","osmId":"n11684564475"},"geometry":{"type":"Point","coordinates":[108.224299,12.716148]}},{"type":"Feature","properties":{"name":"Thôn 8","group":"place","kind":"village","osmId":"n12136166386"},"geometry":{"type":"Point","coordinates":[108.143521,12.734326]}},{"type":"Feature","properties":{"name":"Thôn 7","group":"place","kind":"village","osmId":"n12136166387"},"geometry":{"type":"Point","coordinates":[108.117133,12.736822]}},{"type":"Feature","properties":{"name":"Thôn 6","group":"place","kind":"village","osmId":"n12136166388"},"geometry":{"type":"Point","coordinates":[108.130705,12.733655]}},{"type":"Feature","properties":{"name":"Thôn 4","group":"place","kind":"village","osmId":"n12136166390"},"geometry":{"type":"Point","coordinates":[108.138341,12.733173]}},{"type":"Feature","properties":{"name":"Thôn 3","group":"place","kind":"village","osmId":"n12136166391"},"geometry":{"type":"Point","coordinates":[108.122397,12.736156]}},{"type":"Feature","properties":{"name":"Thôn 2","group":"place","kind":"village","osmId":"n12136166392"},"geometry":{"type":"Point","coordinates":[108.120889,12.731734]}},{"type":"Feature","properties":{"name":"Hòa Bắc","group":"place","kind":"village","osmId":"n12179801796"},"geometry":{"type":"Point","coordinates":[108.19487,12.729708]}},{"type":"Feature","properties":{"name":"Briêng B","group":"place","kind":"village","osmId":"n12179801910"},"geometry":{"type":"Point","coordinates":[108.205235,12.733339]}},{"type":"Feature","properties":{"name":"Briêng A","group":"place","kind":"village","osmId":"n12179801911"},"geometry":{"type":"Point","coordinates":[108.203237,12.72184]}},{"type":"Feature","properties":{"name":"Tây Hà 6","group":"place","kind":"village","osmId":"n12300612464"},"geometry":{"type":"Point","coordinates":[108.217618,12.798273]}},{"type":"Feature","properties":{"name":"Tây Hà 5","group":"place","kind":"village","osmId":"n12300612465"},"geometry":{"type":"Point","coordinates":[108.220273,12.799771]}},{"type":"Feature","properties":{"name":"Tây Hà 4","group":"place","kind":"village","osmId":"n12300612466"},"geometry":{"type":"Point","coordinates":[108.218639,12.790176]}},{"type":"Feature","properties":{"name":"Tây Hà 3","group":"place","kind":"village","osmId":"n12300612467"},"geometry":{"type":"Point","coordinates":[108.218512,12.793104]}},{"type":"Feature","properties":{"name":"Tây Hà 2","group":"place","kind":"village","osmId":"n12300612468"},"geometry":{"type":"Point","coordinates":[108.217157,12.794339]}},{"type":"Feature","properties":{"name":"Tây Hà 1","group":"place","kind":"village","osmId":"n12300612469"},"geometry":{"type":"Point","coordinates":[108.216811,12.791237]}},{"type":"Feature","properties":{"name":"Sơn Lộc 1","group":"place","kind":"village","osmId":"n12300612472"},"geometry":{"type":"Point","coordinates":[108.222176,12.789568]}},{"type":"Feature","properties":{"name":"Gram A2","group":"place","kind":"village","osmId":"n12300612477"},"geometry":{"type":"Point","coordinates":[108.209482,12.794414]}},{"type":"Feature","properties":{"name":"Gram A1","group":"place","kind":"village","osmId":"n12300612478"},"geometry":{"type":"Point","coordinates":[108.209779,12.797941]}},{"type":"Feature","properties":{"name":"Thôn 9B","group":"place","kind":"village","osmId":"n12300612479"},"geometry":{"type":"Point","coordinates":[108.22623,12.804702]}},{"type":"Feature","properties":{"name":"Tân Phú","group":"place","kind":"village","osmId":"n12381891064"},"geometry":{"type":"Point","coordinates":[108.194676,12.777483]}},{"type":"Feature","properties":{"name":"Phú Thành","group":"place","kind":"village","osmId":"n12381891065"},"geometry":{"type":"Point","coordinates":[108.206142,12.780985]}},{"type":"Feature","properties":{"name":"Phú Phong","group":"place","kind":"village","osmId":"n12381891066"},"geometry":{"type":"Point","coordinates":[108.18967,12.778835]}},{"type":"Feature","properties":{"name":"Đoàn Kết","group":"place","kind":"village","osmId":"n12381891067"},"geometry":{"type":"Point","coordinates":[108.171323,12.771066]}},{"type":"Feature","properties":{"name":"An Phú","group":"place","kind":"village","osmId":"n12381891068"},"geometry":{"type":"Point","coordinates":[108.190937,12.775068]}},{"type":"Feature","properties":{"name":"Yông","group":"place","kind":"village","osmId":"n12381891069"},"geometry":{"type":"Point","coordinates":[108.152314,12.78076]}},{"type":"Feature","properties":{"name":"Hô","group":"place","kind":"village","osmId":"n12381891070"},"geometry":{"type":"Point","coordinates":[108.159003,12.799643]}},{"type":"Feature","properties":{"name":"Yông B","group":"place","kind":"village","osmId":"n12381891071"},"geometry":{"type":"Point","coordinates":[108.147675,12.786958]}},{"type":"Feature","properties":{"name":"Tah B","group":"place","kind":"village","osmId":"n12381891072"},"geometry":{"type":"Point","coordinates":[108.157487,12.7808]}},{"type":"Feature","properties":{"name":"Tah","group":"place","kind":"village","osmId":"n12381891073"},"geometry":{"type":"Point","coordinates":[108.155761,12.784404]}},{"type":"Feature","properties":{"name":"Gram B","group":"place","kind":"village","osmId":"n12381891075"},"geometry":{"type":"Point","coordinates":[108.197597,12.784503]}},{"type":"Feature","properties":{"name":"Kroa C","group":"place","kind":"village","osmId":"n12381891111"},"geometry":{"type":"Point","coordinates":[108.149361,12.739274]}},{"type":"Feature","properties":{"name":"Kroa B","group":"place","kind":"village","osmId":"n12381891112"},"geometry":{"type":"Point","coordinates":[108.153527,12.746577]}},{"type":"Feature","properties":{"name":"Ko H'Neh","group":"place","kind":"village","osmId":"n12381891113"},"geometry":{"type":"Point","coordinates":[108.181058,12.763212]}},{"type":"Feature","properties":{"name":"Cuôr Đăng B","group":"place","kind":"village","osmId":"n12381891114"},"geometry":{"type":"Point","coordinates":[108.162711,12.757894]}},{"type":"Feature","properties":{"name":"Cuôr Đăng A","group":"place","kind":"village","osmId":"n12381891115"},"geometry":{"type":"Point","coordinates":[108.175455,12.756162]}},{"type":"Feature","properties":{"name":"Aring","group":"place","kind":"village","osmId":"n12381891116"},"geometry":{"type":"Point","coordinates":[108.200362,12.761779]}},{"type":"Feature","properties":{"name":"Trường Trung học cơ sở Ngô Quyền","group":"school","kind":"school","osmId":"n13016534754"},"geometry":{"type":"Point","coordinates":[108.220896,12.789397]}},{"type":"Feature","properties":{"name":"Trường Tiểu học Nguyễn Văn Trỗi","group":"school","kind":"school","osmId":"n13016534755"},"geometry":{"type":"Point","coordinates":[108.221531,12.789022]}},{"type":"Feature","properties":{"name":"Chợ Cư Bao","group":"commerce","kind":"marketplace","osmId":"n13016534756"},"geometry":{"type":"Point","coordinates":[108.220152,12.790232]}},{"type":"Feature","properties":{"name":"Nhà Thờ Giáo xứ Công Chính","group":"worship","kind":"place_of_worship","osmId":"n13016534757"},"geometry":{"type":"Point","coordinates":[108.219173,12.794038]}},{"type":"Feature","properties":{"name":"MÂY Hair Salon","group":"commerce","kind":"hairdresser","osmId":"n13457296845"},"geometry":{"type":"Point","coordinates":[108.220845,12.788769]}},{"type":"Feature","properties":{"name":"Cư Bao","group":"place","kind":"suburb","osmId":"n13744489686"},"geometry":{"type":"Point","coordinates":[108.217979,12.790105]}},{"type":"Feature","properties":{"name":"QT Thảo Nguyên ( Ngô Thị Thảo )","group":"health","kind":"pharmacy","osmId":"n6154802287"},"geometry":{"type":"Point","coordinates":[108.072276,12.90932]}},{"type":"Feature","properties":{"name":"QT Nguyễn Thị Kim Tuyến 20","group":"health","kind":"pharmacy","osmId":"n6154829485"},"geometry":{"type":"Point","coordinates":[108.071007,12.908459]}},{"type":"Feature","properties":{"name":"QT Lưu Thị Oanh","group":"health","kind":"pharmacy","osmId":"n6154840689"},"geometry":{"type":"Point","coordinates":[108.104677,12.854048]}},{"type":"Feature","properties":{"name":"QT Bảo Quyên","group":"health","kind":"pharmacy","osmId":"n6154961885"},"geometry":{"type":"Point","coordinates":[108.100929,12.847462]}},{"type":"Feature","properties":{"name":"QT Hoàng Lan ( Phạm Thị Lan ) buôn sang B,xã Ea H’ĐING","group":"health","kind":"pharmacy","osmId":"n8301529817"},"geometry":{"type":"Point","coordinates":[108.069507,12.903409]}},{"type":"Feature","properties":{"name":"QT số 34 Sen Sơn ( Vũ Thị Sen ) thôn 8Ea Kpam 0500/01565","group":"health","kind":"pharmacy","osmId":"n8921163520"},"geometry":{"type":"Point","coordinates":[108.102796,12.850454]}},{"type":"Feature","properties":{"name":"H'Ra B","group":"place","kind":"village","osmId":"n12381871494"},"geometry":{"type":"Point","coordinates":[108.139996,12.877763]}},{"type":"Feature","properties":{"name":"Thôn 1","group":"place","kind":"village","osmId":"n12381891005"},"geometry":{"type":"Point","coordinates":[108.088604,12.915248]}},{"type":"Feature","properties":{"name":"Bling","group":"place","kind":"village","osmId":"n12381891035"},"geometry":{"type":"Point","coordinates":[108.110705,12.888266]}},{"type":"Feature","properties":{"name":"Thôn 8","group":"place","kind":"village","osmId":"n12381891036"},"geometry":{"type":"Point","coordinates":[108.103764,12.850858]}},{"type":"Feature","properties":{"name":"Thôn 7","group":"place","kind":"village","osmId":"n12381891037"},"geometry":{"type":"Point","coordinates":[108.084116,12.868056]}},{"type":"Feature","properties":{"name":"Thôn 6","group":"place","kind":"village","osmId":"n12381891038"},"geometry":{"type":"Point","coordinates":[108.094224,12.863696]}},{"type":"Feature","properties":{"name":"Thôn 3","group":"place","kind":"village","osmId":"n12381891039"},"geometry":{"type":"Point","coordinates":[108.118796,12.859009]}},{"type":"Feature","properties":{"name":"Thôn 2","group":"place","kind":"village","osmId":"n12381891040"},"geometry":{"type":"Point","coordinates":[108.113309,12.847496]}},{"type":"Feature","properties":{"name":"Thôn 1","group":"place","kind":"village","osmId":"n12381891041"},"geometry":{"type":"Point","coordinates":[108.098795,12.845066]}},{"type":"Feature","properties":{"name":"Yók","group":"place","kind":"village","osmId":"n12381891055"},"geometry":{"type":"Point","coordinates":[108.062752,12.886896]}},{"type":"Feature","properties":{"name":"Trăp","group":"place","kind":"village","osmId":"n12381891056"},"geometry":{"type":"Point","coordinates":[108.049673,12.879689]}},{"type":"Feature","properties":{"name":"Tar","group":"place","kind":"village","osmId":"n12381891057"},"geometry":{"type":"Point","coordinates":[108.054435,12.911927]}},{"type":"Feature","properties":{"name":"H'Ring","group":"place","kind":"village","osmId":"n12381891058"},"geometry":{"type":"Point","coordinates":[108.046163,12.872699]}},{"type":"Feature","properties":{"name":"Ea Sang B","group":"place","kind":"village","osmId":"n12381891059"},"geometry":{"type":"Point","coordinates":[108.069043,12.901669]}},{"type":"Feature","properties":{"name":"An Phú","group":"place","kind":"village","osmId":"n12381891060"},"geometry":{"type":"Point","coordinates":[108.071203,12.908857]}},{"type":"Feature","properties":{"name":"Drang","group":"place","kind":"village","osmId":"n12381891061"},"geometry":{"type":"Point","coordinates":[108.035605,12.868519]}},{"type":"Feature","properties":{"name":"H'Đing","group":"place","kind":"village","osmId":"n12381891102"},"geometry":{"type":"Point","coordinates":[108.12346,12.901952]}},{"type":"Feature","properties":{"name":"QT Tuấn Anh","group":"health","kind":"pharmacy","osmId":"n6152809586"},"geometry":{"type":"Point","coordinates":[108.168347,12.972446]}},{"type":"Feature","properties":{"name":"QT Ngọc Dung ( Nguyễn Thị Dung )","group":"health","kind":"pharmacy","osmId":"n6420214999"},"geometry":{"type":"Point","coordinates":[108.162841,12.973335]}},{"type":"Feature","properties":{"name":"QT Ngọc Thanh ( Trần Thị Ngọc Thanh ) thôn Cư Bang xã Cư Pơng","group":"health","kind":"pharmacy","osmId":"n7983611885"},"geometry":{"type":"Point","coordinates":[108.167052,12.972581]}},{"type":"Feature","properties":{"name":"QT Như Quỳnh ( Huỳnh Thị Mỹ Hiền )thôn 2 xã Ea Ngai","group":"health","kind":"pharmacy","osmId":"n7983646985"},"geometry":{"type":"Point","coordinates":[108.205851,12.952472]}},{"type":"Feature","properties":{"name":"QT Trang ( Lê Thị Huyền Trang ) thôn 9 xã Ea Ngai","group":"health","kind":"pharmacy","osmId":"n7983653885"},"geometry":{"type":"Point","coordinates":[108.210574,12.951626]}},{"type":"Feature","properties":{"name":"QT Thuý Hằng (Trần Thị Thuý Hằng ) thôn 5 Cư Liê Mnong","group":"health","kind":"pharmacy","osmId":"n7983925386"},"geometry":{"type":"Point","coordinates":[108.189538,12.910378]}},{"type":"Feature","properties":{"name":"QT Mai Thảo ( Nguyễn Thị Mai Thảo ) xã Cư Pơng 0500/01526","group":"health","kind":"pharmacy","osmId":"n9116114917"},"geometry":{"type":"Point","coordinates":[108.169853,12.972068]}},{"type":"Feature","properties":{"name":"Thạch Hà","group":"place","kind":"village","osmId":"n12381871485"},"geometry":{"type":"Point","coordinates":[108.145956,12.900216]}},{"type":"Feature","properties":{"name":"Yao","group":"place","kind":"village","osmId":"n12381871486"},"geometry":{"type":"Point","coordinates":[108.19464,12.869455]}},{"type":"Feature","properties":{"name":"Tu","group":"place","kind":"village","osmId":"n12381871487"},"geometry":{"type":"Point","coordinates":[108.166177,12.881506]}},{"type":"Feature","properties":{"name":"Triă","group":"place","kind":"village","osmId":"n12381871488"},"geometry":{"type":"Point","coordinates":[108.167885,12.873371]}},{"type":"Feature","properties":{"name":"Sah B","group":"place","kind":"village","osmId":"n12381871489"},"geometry":{"type":"Point","coordinates":[108.145662,12.878304]}},{"type":"Feature","properties":{"name":"Sah A","group":"place","kind":"village","osmId":"n12381871490"},"geometry":{"type":"Point","coordinates":[108.161323,12.87954]}},{"type":"Feature","properties":{"name":"Pơr","group":"place","kind":"village","osmId":"n12381871491"},"geometry":{"type":"Point","coordinates":[108.191089,12.895687]}},{"type":"Feature","properties":{"name":"Phơng","group":"place","kind":"village","osmId":"n12381871492"},"geometry":{"type":"Point","coordinates":[108.169823,12.879357]}},{"type":"Feature","properties":{"name":"Knia","group":"place","kind":"village","osmId":"n12381871493"},"geometry":{"type":"Point","coordinates":[108.166323,12.883825]}},{"type":"Feature","properties":{"name":"H'Ra A","group":"place","kind":"village","osmId":"n12381871495"},"geometry":{"type":"Point","coordinates":[108.166015,12.876051]}},{"type":"Feature","properties":{"name":"Tân Thành","group":"place","kind":"village","osmId":"n12381891097"},"geometry":{"type":"Point","coordinates":[108.187973,12.908593]}},{"type":"Feature","properties":{"name":"Thống Nhất","group":"place","kind":"village","osmId":"n12381891098"},"geometry":{"type":"Point","coordinates":[108.191309,12.904459]}},{"type":"Feature","properties":{"name":"Đắk Hà Tây","group":"place","kind":"village","osmId":"n12381891099"},"geometry":{"type":"Point","coordinates":[108.148342,12.976329]}},{"type":"Feature","properties":{"name":"Đắk Hà Đông","group":"place","kind":"village","osmId":"n12381891100"},"geometry":{"type":"Point","coordinates":[108.16323,12.969872]}},{"type":"Feature","properties":{"name":"Phơng","group":"place","kind":"village","osmId":"n12381891101"},"geometry":{"type":"Point","coordinates":[108.160203,12.923318]}},{"type":"Feature","properties":{"name":"Đrao B","group":"place","kind":"village","osmId":"n12381891103"},"geometry":{"type":"Point","coordinates":[108.150838,12.906323]}},{"type":"Feature","properties":{"name":"Đrao","group":"place","kind":"village","osmId":"n12381891104"},"geometry":{"type":"Point","coordinates":[108.149401,12.90827]}},{"type":"Feature","properties":{"name":"Brăh","group":"place","kind":"village","osmId":"n12381891105"},"geometry":{"type":"Point","coordinates":[108.171111,12.915782]}},{"type":"Feature","properties":{"name":"Thôn 8","group":"place","kind":"village","osmId":"n12381891106"},"geometry":{"type":"Point","coordinates":[108.167221,12.899987]}},{"type":"Feature","properties":{"name":"Thôn 5","group":"place","kind":"village","osmId":"n12381891107"},"geometry":{"type":"Point","coordinates":[108.189455,12.915658]}},{"type":"Feature","properties":{"name":"Thôn 3","group":"place","kind":"village","osmId":"n12381891108"},"geometry":{"type":"Point","coordinates":[108.149978,12.900274]}},{"type":"Feature","properties":{"name":"Thôn 2","group":"place","kind":"village","osmId":"n12381891109"},"geometry":{"type":"Point","coordinates":[108.195551,12.911978]}},{"type":"Feature","properties":{"name":"Thôn 1","group":"place","kind":"village","osmId":"n12381891110"},"geometry":{"type":"Point","coordinates":[108.198704,12.92015]}},{"type":"Feature","properties":{"name":"Thôn 9","group":"place","kind":"village","osmId":"n12479667955"},"geometry":{"type":"Point","coordinates":[108.221171,12.955922]}},{"type":"Feature","properties":{"name":"Thôn 8","group":"place","kind":"village","osmId":"n12479667956"},"geometry":{"type":"Point","coordinates":[108.20746,12.918624]}},{"type":"Feature","properties":{"name":"Thôn 4","group":"place","kind":"village","osmId":"n12479667957"},"geometry":{"type":"Point","coordinates":[108.209753,12.931456]}},{"type":"Feature","properties":{"name":"Thôn 3","group":"place","kind":"village","osmId":"n12479667958"},"geometry":{"type":"Point","coordinates":[108.210073,12.94526]}},{"type":"Feature","properties":{"name":"Thôn 2","group":"place","kind":"village","osmId":"n12479667959"},"geometry":{"type":"Point","coordinates":[108.20715,12.952642]}},{"type":"Feature","properties":{"name":"Thôn 1","group":"place","kind":"village","osmId":"n12479667960"},"geometry":{"type":"Point","coordinates":[108.186903,12.95702]}},{"type":"Feature","properties":{"name":"Cư Bang","group":"place","kind":"village","osmId":"n12479667961"},"geometry":{"type":"Point","coordinates":[108.16382,12.973272]}},{"type":"Feature","properties":{"name":"Mỏ đá Phục Hưng","group":"commerce","kind":"tyres","osmId":"n4164258989"},"geometry":{"type":"Point","coordinates":[108.277445,12.998565]}},{"type":"Feature","properties":{"name":"Gạch TC Thiên Phúc","group":"commerce","kind":"tyres","osmId":"n4164283789"},"geometry":{"type":"Point","coordinates":[108.229893,12.961914]}},{"type":"Feature","properties":{"name":"PV Oil","group":"commerce","kind":"fuel","osmId":"n4401044592"},"geometry":{"type":"Point","coordinates":[108.254124,12.945621]}},{"type":"Feature","properties":{"name":"PV Oil","group":"commerce","kind":"fuel","osmId":"n4401047592"},"geometry":{"type":"Point","coordinates":[108.261005,12.937595]}},{"type":"Feature","properties":{"name":"Petrolimex","group":"commerce","kind":"fuel","osmId":"n4401054990"},"geometry":{"type":"Point","coordinates":[108.234915,12.978042]}},{"type":"Feature","properties":{"name":"PV Oil","group":"commerce","kind":"fuel","osmId":"n4401057989"},"geometry":{"type":"Point","coordinates":[108.257831,12.941628]}},{"type":"Feature","properties":{"name":"đại lý Mạnh Hưng","group":"health","kind":"pharmacy","osmId":"n5698170721"},"geometry":{"type":"Point","coordinates":[108.245109,12.953521]}},{"type":"Feature","properties":{"name":"QT BÁCH KHOA","group":"health","kind":"pharmacy","osmId":"n6149272090"},"geometry":{"type":"Point","coordinates":[108.259711,12.939532]}},{"type":"Feature","properties":{"name":"QT I SOA MLO","group":"health","kind":"pharmacy","osmId":"n6149286487"},"geometry":{"type":"Point","coordinates":[108.253195,12.950935]}},{"type":"Feature","properties":{"name":"QT ánh Nga ( lâm thị Nga )","group":"health","kind":"pharmacy","osmId":"n6149286497"},"geometry":{"type":"Point","coordinates":[108.253238,12.946094]}},{"type":"Feature","properties":{"name":"QT kim linh (võ thị kim linh)","group":"health","kind":"pharmacy","osmId":"n6149286498"},"geometry":{"type":"Point","coordinates":[108.261222,12.935142]}},{"type":"Feature","properties":{"name":"TÂN NGÂN SỸ","group":"health","kind":"pharmacy","osmId":"n6149287287"},"geometry":{"type":"Point","coordinates":[108.245515,12.953717]}},{"type":"Feature","properties":{"name":"QT trường an ( Nguyễn văn an)","group":"health","kind":"pharmacy","osmId":"n6149287290"},"geometry":{"type":"Point","coordinates":[108.247426,12.953076]}},{"type":"Feature","properties":{"name":"QT trung tín (vương thị kim mai)","group":"health","kind":"pharmacy","osmId":"n6149287291"},"geometry":{"type":"Point","coordinates":[108.247496,12.952951]}},{"type":"Feature","properties":{"name":"QT MINH CHÂU","group":"health","kind":"pharmacy","osmId":"n6149287786"},"geometry":{"type":"Point","coordinates":[108.248667,12.951514]}},{"type":"Feature","properties":{"name":"QT lan hương ( phạm thị lan hương)","group":"health","kind":"pharmacy","osmId":"n6149287792"},"geometry":{"type":"Point","coordinates":[108.240865,12.949716]}},{"type":"Feature","properties":{"name":"QT CÔ THU","group":"health","kind":"pharmacy","osmId":"n6149288386"},"geometry":{"type":"Point","coordinates":[108.246356,12.954407]}},{"type":"Feature","properties":{"name":"QT Lan Minh","group":"health","kind":"pharmacy","osmId":"n6149293435"},"geometry":{"type":"Point","coordinates":[108.254895,12.944615]}},{"type":"Feature","properties":{"name":"QT Tâm Phúc ( Nguyễn Thị Thanh Tùng)","group":"health","kind":"pharmacy","osmId":"n6149307689"},"geometry":{"type":"Point","coordinates":[108.246862,12.954173]}},{"type":"Feature","properties":{"name":"QT Phương Ngân ( Vương Thị Kim Duyễn)","group":"health","kind":"pharmacy","osmId":"n6149318107"},"geometry":{"type":"Point","coordinates":[108.246013,12.953981]}},{"type":"Feature","properties":{"name":"QT Thuý Loan","group":"health","kind":"pharmacy","osmId":"n6149324985"},"geometry":{"type":"Point","coordinates":[108.244439,12.952873]}},{"type":"Feature","properties":{"name":"QT Đinh Thị Lý","group":"health","kind":"pharmacy","osmId":"n6152846385"},"geometry":{"type":"Point","coordinates":[108.263008,12.929266]}},{"type":"Feature","properties":{"name":"QT Yến Kim ( Nguyễn Thị Yến ) pơng đrang","group":"health","kind":"pharmacy","osmId":"n7418872487"},"geometry":{"type":"Point","coordinates":[108.241598,12.972034]}},{"type":"Feature","properties":{"name":"QT số 11 ( Trần Thị Thơm ) pơdrang","group":"health","kind":"pharmacy","osmId":"n7983296585"},"geometry":{"type":"Point","coordinates":[108.247367,12.953234]}},{"type":"Feature","properties":{"name":"QT Hà Giang (Nguyễn Thị Hà Giang ) thôn 10 Pơng Đrang","group":"health","kind":"pharmacy","osmId":"n7983325085"},"geometry":{"type":"Point","coordinates":[108.238889,12.948125]}},{"type":"Feature","properties":{"name":"QT số 12 ( Khúc Văn Thung ) thôn 14 xã pơng đrang","group":"health","kind":"pharmacy","osmId":"n7983342885"},"geometry":{"type":"Point","coordinates":[108.238916,12.974748]}},{"type":"Feature","properties":{"name":"QT Minh Châu ( Lê Thị Châu ) pơng đrang","group":"health","kind":"pharmacy","osmId":"n8239056517"},"geometry":{"type":"Point","coordinates":[108.248106,12.952496]}},{"type":"Feature","properties":{"name":"QT Ngọc Phước ( Lê Thị Ngọc Ý ) koretvina","group":"health","kind":"pharmacy","osmId":"n8239068317"},"geometry":{"type":"Point","coordinates":[108.241453,12.972578]}},{"type":"Feature","properties":{"name":"QT Thành Trúc","group":"health","kind":"pharmacy","osmId":"n9116189517"},"geometry":{"type":"Point","coordinates":[108.246225,12.959328]}},{"type":"Feature","properties":{"name":"Pơng Drang","group":"place","kind":"town","osmId":"n10944188313"},"geometry":{"type":"Point","coordinates":[108.246506,12.962806]}},{"type":"Feature","properties":{"name":"Qt","group":"health","kind":"pharmacy","osmId":"n11481605969"},"geometry":{"type":"Point","coordinates":[108.241429,12.972207]}},{"type":"Feature","properties":{"name":"Cửa hàng Xăng dầu","group":"commerce","kind":"fuel","osmId":"n11676616360"},"geometry":{"type":"Point","coordinates":[108.246195,12.958348]}},{"type":"Feature","properties":{"name":"PV Oil","group":"commerce","kind":"fuel","osmId":"n11676648077"},"geometry":{"type":"Point","coordinates":[108.24274,12.97124]}},{"type":"Feature","properties":{"name":"Klia","group":"place","kind":"village","osmId":"n12300622906"},"geometry":{"type":"Point","coordinates":[108.252452,12.938228]}},{"type":"Feature","properties":{"name":"Tân Thịnh","group":"place","kind":"village","osmId":"n12479667920"},"geometry":{"type":"Point","coordinates":[108.289572,12.939679]}},{"type":"Feature","properties":{"name":"Tân Hoà","group":"place","kind":"village","osmId":"n12479667921"},"geometry":{"type":"Point","coordinates":[108.296587,12.933428]}},{"type":"Feature","properties":{"name":"Thôn 6","group":"place","kind":"village","osmId":"n12479667922"},"geometry":{"type":"Point","coordinates":[108.273837,12.98238]}},{"type":"Feature","properties":{"name":"Thôn 5","group":"place","kind":"village","osmId":"n12479667923"},"geometry":{"type":"Point","coordinates":[108.29117,12.967409]}},{"type":"Feature","properties":{"name":"Thôn 4","group":"place","kind":"village","osmId":"n12479667924"},"geometry":{"type":"Point","coordinates":[108.266213,12.957814]}},{"type":"Feature","properties":{"name":"Thôn 3","group":"place","kind":"village","osmId":"n12479667925"},"geometry":{"type":"Point","coordinates":[108.275519,12.949852]}},{"type":"Feature","properties":{"name":"Thôn 2","group":"place","kind":"village","osmId":"n12479667926"},"geometry":{"type":"Point","coordinates":[108.285803,12.931128]}},{"type":"Feature","properties":{"name":"Thôn 1","group":"place","kind":"village","osmId":"n12479667927"},"geometry":{"type":"Point","coordinates":[108.281606,12.949719]}},{"type":"Feature","properties":{"name":"Tân Lập 6","group":"place","kind":"suburb","osmId":"n12479667928"},"geometry":{"type":"Point","coordinates":[108.247039,12.95182]}},{"type":"Feature","properties":{"name":"Tân Lập 5","group":"place","kind":"suburb","osmId":"n12479667929"},"geometry":{"type":"Point","coordinates":[108.250903,12.947922]}},{"type":"Feature","properties":{"name":"Tân Lập 4","group":"place","kind":"suburb","osmId":"n12479667930"},"geometry":{"type":"Point","coordinates":[108.255475,12.946742]}},{"type":"Feature","properties":{"name":"Tân Lập 3","group":"place","kind":"suburb","osmId":"n12479667931"},"geometry":{"type":"Point","coordinates":[108.257288,12.944964]}},{"type":"Feature","properties":{"name":"Tân Lập 2","group":"place","kind":"suburb","osmId":"n12479667932"},"geometry":{"type":"Point","coordinates":[108.254382,12.944234]}},{"type":"Feature","properties":{"name":"Tâng Mai","group":"place","kind":"suburb","osmId":"n12479667933"},"geometry":{"type":"Point","coordinates":[108.228704,12.942862]}},{"type":"Feature","properties":{"name":"Tổ dân phố Ea Tút","group":"place","kind":"suburb","osmId":"n12479667934"},"geometry":{"type":"Point","coordinates":[108.237707,12.952173]}},{"type":"Feature","properties":{"name":"Ea Nur","group":"place","kind":"suburb","osmId":"n12479667935"},"geometry":{"type":"Point","coordinates":[108.239714,12.944222]}},{"type":"Feature","properties":{"name":"Cư Blang","group":"place","kind":"suburb","osmId":"n12479667936"},"geometry":{"type":"Point","coordinates":[108.253796,12.953267]}},{"type":"Feature","properties":{"name":"Tổ dân phố 15","group":"place","kind":"suburb","osmId":"n12479667937"},"geometry":{"type":"Point","coordinates":[108.239301,12.972779]}},{"type":"Feature","properties":{"name":"Tổ dân phố 14","group":"place","kind":"suburb","osmId":"n12479667938"},"geometry":{"type":"Point","coordinates":[108.239985,12.975545]}},{"type":"Feature","properties":{"name":"Tổ dân phố 13","group":"place","kind":"suburb","osmId":"n12479667939"},"geometry":{"type":"Point","coordinates":[108.24366,12.971857]}},{"type":"Feature","properties":{"name":"Tổ dân phố 12","group":"place","kind":"suburb","osmId":"n12479667940"},"geometry":{"type":"Point","coordinates":[108.244193,12.968654]}},{"type":"Feature","properties":{"name":"Tổ dân phố 11","group":"place","kind":"suburb","osmId":"n12479667941"},"geometry":{"type":"Point","coordinates":[108.258418,12.994853]}},{"type":"Feature","properties":{"name":"Tổ dân phố 10","group":"place","kind":"suburb","osmId":"n12479667942"},"geometry":{"type":"Point","coordinates":[108.236574,12.945625]}},{"type":"Feature","properties":{"name":"Tổ dân phố 9A","group":"place","kind":"suburb","osmId":"n12479667943"},"geometry":{"type":"Point","coordinates":[108.245411,12.959824]}},{"type":"Feature","properties":{"name":"Tổ dân phố 9","group":"place","kind":"suburb","osmId":"n12479667944"},"geometry":{"type":"Point","coordinates":[108.245433,12.966052]}},{"type":"Feature","properties":{"name":"Tổ dân phố 8A","group":"place","kind":"suburb","osmId":"n12479667945"},"geometry":{"type":"Point","coordinates":[108.24731,12.955018]}},{"type":"Feature","properties":{"name":"Tổ dân phố 8","group":"place","kind":"suburb","osmId":"n12479667946"},"geometry":{"type":"Point","coordinates":[108.248927,12.96043]}},{"type":"Feature","properties":{"name":"Tổ dân phố 7","group":"place","kind":"suburb","osmId":"n12479667947"},"geometry":{"type":"Point","coordinates":[108.241957,12.956806]}},{"type":"Feature","properties":{"name":"Ea Nho","group":"place","kind":"village","osmId":"n12479692414"},"geometry":{"type":"Point","coordinates":[108.209285,12.998528]}},{"type":"Feature","properties":{"name":"Trang","group":"place","kind":"village","osmId":"n12558663078"},"geometry":{"type":"Point","coordinates":[108.295861,12.949839]}},{"type":"Feature","properties":{"name":"Năng","group":"place","kind":"village","osmId":"n12558663079"},"geometry":{"type":"Point","coordinates":[108.292843,12.951225]}},{"type":"Feature","properties":{"name":"Giêr","group":"place","kind":"village","osmId":"n12558663082"},"geometry":{"type":"Point","coordinates":[108.299354,12.974592]}},{"type":"Feature","properties":{"name":"Đê","group":"place","kind":"village","osmId":"n12558663083"},"geometry":{"type":"Point","coordinates":[108.301342,12.965871]}},{"type":"Feature","properties":{"name":"Hồ","group":"place","kind":"village","osmId":"n12558663085"},"geometry":{"type":"Point","coordinates":[108.300758,12.95346]}},{"type":"Feature","properties":{"name":"Nhà cộng đồng TDP Ea Tút","group":"civic","kind":"community_centre","osmId":"n13142432295"},"geometry":{"type":"Point","coordinates":[108.235983,12.952862]}},{"type":"Feature","properties":{"name":"Ê Đê - Farmer's Garden","group":"poi","kind":"museum","osmId":"n13592184426"},"geometry":{"type":"Point","coordinates":[108.234806,12.952655]}},{"type":"Feature","properties":{"name":"Bach hoa Xanh","group":"commerce","kind":"supermarket","osmId":"n13760519401"},"geometry":{"type":"Point","coordinates":[108.247123,12.954255]}},{"type":"Feature","properties":{"name":"BK Petro","group":"commerce","kind":"fuel","osmId":"n4401047591"},"geometry":{"type":"Point","coordinates":[108.22521,13.015499]}},{"type":"Feature","properties":{"name":"Cuong Anh Petro","group":"commerce","kind":"fuel","osmId":"n4456223892"},"geometry":{"type":"Point","coordinates":[108.218246,13.060356]}},{"type":"Feature","properties":{"name":"đại lý hùng anh","group":"health","kind":"pharmacy","osmId":"n5694150372"},"geometry":{"type":"Point","coordinates":[108.220625,13.102885]}},{"type":"Feature","properties":{"name":"QT YẾN KIM","group":"health","kind":"pharmacy","osmId":"n6149288387"},"geometry":{"type":"Point","coordinates":[108.2177,13.039361]}},{"type":"Feature","properties":{"name":"QT CHÚ THÙNG","group":"health","kind":"pharmacy","osmId":"n6149289785"},"geometry":{"type":"Point","coordinates":[108.213757,13.043767]}},{"type":"Feature","properties":{"name":"QT Tín Lê ( Nguyễn Thị Tín ) Thôn An Bình xã Cư Kbo","group":"health","kind":"pharmacy","osmId":"n7983370785"},"geometry":{"type":"Point","coordinates":[108.262888,13.007957]}},{"type":"Feature","properties":{"name":"QT Đại Nguyên ( Võ Thị Nguyên ) thôn Kty xã Chư Kbo","group":"health","kind":"pharmacy","osmId":"n7983404185"},"geometry":{"type":"Point","coordinates":[108.217454,13.038121]}},{"type":"Feature","properties":{"name":"QT Mỹ Kiều ( Hoàng Thị Mỹ Kiều ) buôn Kmu xã Cư Né","group":"health","kind":"pharmacy","osmId":"n7983436385"},"geometry":{"type":"Point","coordinates":[108.231094,13.078429]}},{"type":"Feature","properties":{"name":"QT Thịnh Tâm ( Tạ Thị Ánh Hoa ) thôn Ea Cung xã Cư Né","group":"health","kind":"pharmacy","osmId":"n7983439685"},"geometry":{"type":"Point","coordinates":[108.231896,13.078437]}},{"type":"Feature","properties":{"name":"Mipecorp","group":"commerce","kind":"fuel","osmId":"n11676645794"},"geometry":{"type":"Point","coordinates":[108.219546,13.083582]}},{"type":"Feature","properties":{"name":"Trường Trung học cơ sở Phan Bội Châu","group":"school","kind":"school","osmId":"n12252377813"},"geometry":{"type":"Point","coordinates":[108.224002,13.027074]}},{"type":"Feature","properties":{"name":"Trường Trung học phổ thông Nguyễn Văn Cừ","group":"school","kind":"school","osmId":"n12252777293"},"geometry":{"type":"Point","coordinates":[108.219358,13.052373]}},{"type":"Feature","properties":{"name":"Ea Siếk","group":"place","kind":"village","osmId":"n12479667978"},"geometry":{"type":"Point","coordinates":[108.25535,13.095766]}},{"type":"Feature","properties":{"name":"Ea Plai","group":"place","kind":"village","osmId":"n12479667979"},"geometry":{"type":"Point","coordinates":[108.236749,13.108609]}},{"type":"Feature","properties":{"name":"Ea Nguôi","group":"place","kind":"village","osmId":"n12479667980"},"geometry":{"type":"Point","coordinates":[108.245042,13.104975]}},{"type":"Feature","properties":{"name":"Ea Kung","group":"place","kind":"village","osmId":"n12479667981"},"geometry":{"type":"Point","coordinates":[108.229185,13.078943]}},{"type":"Feature","properties":{"name":"Ea Krôm","group":"place","kind":"village","osmId":"n12479667982"},"geometry":{"type":"Point","coordinates":[108.265784,13.0712]}},{"type":"Feature","properties":{"name":"Ea Kroa","group":"place","kind":"village","osmId":"n12479667983"},"geometry":{"type":"Point","coordinates":[108.226654,13.061652]}},{"type":"Feature","properties":{"name":"Kô","group":"place","kind":"village","osmId":"n12479667984"},"geometry":{"type":"Point","coordinates":[108.246334,13.075186]}},{"type":"Feature","properties":{"name":"Mùi 3","group":"place","kind":"village","osmId":"n12479667985"},"geometry":{"type":"Point","coordinates":[108.220672,13.101175]}},{"type":"Feature","properties":{"name":"Mùi 2","group":"place","kind":"village","osmId":"n12479667986"},"geometry":{"type":"Point","coordinates":[108.223672,13.096824]}},{"type":"Feature","properties":{"name":"Mùi 1","group":"place","kind":"village","osmId":"n12479667987"},"geometry":{"type":"Point","coordinates":[108.223207,13.094563]}},{"type":"Feature","properties":{"name":"Ktơng Drun","group":"place","kind":"village","osmId":"n12479667988"},"geometry":{"type":"Point","coordinates":[108.231771,13.083994]}},{"type":"Feature","properties":{"name":"Kmu","group":"place","kind":"village","osmId":"n12479667989"},"geometry":{"type":"Point","coordinates":[108.23806,13.062343]}},{"type":"Feature","properties":{"name":"Kdrô 2","group":"place","kind":"village","osmId":"n12479667990"},"geometry":{"type":"Point","coordinates":[108.219015,13.055745]}},{"type":"Feature","properties":{"name":"Kdrô 1","group":"place","kind":"village","osmId":"n12479667991"},"geometry":{"type":"Point","coordinates":[108.22022,13.06399]}},{"type":"Feature","properties":{"name":"Ea Zin","group":"place","kind":"village","osmId":"n12479667992"},"geometry":{"type":"Point","coordinates":[108.247132,13.117065]}},{"type":"Feature","properties":{"name":"Đrao","group":"place","kind":"village","osmId":"n12479667993"},"geometry":{"type":"Point","coordinates":[108.226847,13.087425]}},{"type":"Feature","properties":{"name":"Drăh 2","group":"place","kind":"village","osmId":"n12479667994"},"geometry":{"type":"Point","coordinates":[108.247103,13.067803]}},{"type":"Feature","properties":{"name":"Drăh 1","group":"place","kind":"village","osmId":"n12479667995"},"geometry":{"type":"Point","coordinates":[108.2479,13.070277]}},{"type":"Feature","properties":{"name":"Dhiă 2","group":"place","kind":"village","osmId":"n12479667996"},"geometry":{"type":"Point","coordinates":[108.23506,13.076442]}},{"type":"Feature","properties":{"name":"Dhiă 1","group":"place","kind":"village","osmId":"n12479667997"},"geometry":{"type":"Point","coordinates":[108.23438,13.079113]}},{"type":"Feature","properties":{"name":"Thôn 6","group":"place","kind":"village","osmId":"n12479667998"},"geometry":{"type":"Point","coordinates":[108.2114,13.045231]}},{"type":"Feature","properties":{"name":"Trung Lộc","group":"place","kind":"village","osmId":"n12479667999"},"geometry":{"type":"Point","coordinates":[108.231058,13.048222]}},{"type":"Feature","properties":{"name":"Thống Nhất","group":"place","kind":"village","osmId":"n12479668000"},"geometry":{"type":"Point","coordinates":[108.266165,13.004378]}},{"type":"Feature","properties":{"name":"Tân Lập","group":"place","kind":"village","osmId":"n12479692401"},"geometry":{"type":"Point","coordinates":[108.275693,13.048325]}},{"type":"Feature","properties":{"name":"Quảng Hà","group":"place","kind":"village","osmId":"n12479692402"},"geometry":{"type":"Point","coordinates":[108.259872,13.001964]}},{"type":"Feature","properties":{"name":"Nam Thái","group":"place","kind":"village","osmId":"n12479692403"},"geometry":{"type":"Point","coordinates":[108.225395,13.04476]}},{"type":"Feature","properties":{"name":"Nam Tân","group":"place","kind":"village","osmId":"n12479692404"},"geometry":{"type":"Point","coordinates":[108.219106,13.035272]}},{"type":"Feature","properties":{"name":"Nam Anh","group":"place","kind":"village","osmId":"n12479692405"},"geometry":{"type":"Point","coordinates":[108.223615,13.025934]}},{"type":"Feature","properties":{"name":"Liên Hóa","group":"place","kind":"village","osmId":"n12479692406"},"geometry":{"type":"Point","coordinates":[108.281504,13.014131]}},{"type":"Feature","properties":{"name":"Kty 5","group":"place","kind":"village","osmId":"n12479692407"},"geometry":{"type":"Point","coordinates":[108.21693,13.040393]}},{"type":"Feature","properties":{"name":"Kty","group":"place","kind":"village","osmId":"n12479692408"},"geometry":{"type":"Point","coordinates":[108.218596,13.025303]}},{"type":"Feature","properties":{"name":"Kty 2","group":"place","kind":"village","osmId":"n12479692409"},"geometry":{"type":"Point","coordinates":[108.225552,13.020198]}},{"type":"Feature","properties":{"name":"Kty 1","group":"place","kind":"village","osmId":"n12479692410"},"geometry":{"type":"Point","coordinates":[108.225766,13.013806]}},{"type":"Feature","properties":{"name":"Kim Phú","group":"place","kind":"village","osmId":"n12479692411"},"geometry":{"type":"Point","coordinates":[108.247832,13.035693]}},{"type":"Feature","properties":{"name":"Hợp Thành","group":"place","kind":"village","osmId":"n12479692412"},"geometry":{"type":"Point","coordinates":[108.263358,13.032786]}},{"type":"Feature","properties":{"name":"Hoà Lộc","group":"place","kind":"village","osmId":"n12479692413"},"geometry":{"type":"Point","coordinates":[108.262895,13.011416]}},{"type":"Feature","properties":{"name":"Bình Minh","group":"place","kind":"village","osmId":"n12479692415"},"geometry":{"type":"Point","coordinates":[108.270353,13.012559]}},{"type":"Feature","properties":{"name":"An Bình","group":"place","kind":"village","osmId":"n12479692416"},"geometry":{"type":"Point","coordinates":[108.260476,13.005362]}},{"type":"Feature","properties":{"name":"Tân Bắc","group":"place","kind":"village","osmId":"n12558663030"},"geometry":{"type":"Point","coordinates":[108.299489,13.056604]}},{"type":"Feature","properties":{"name":"Tân An","group":"place","kind":"village","osmId":"n12558663031"},"geometry":{"type":"Point","coordinates":[108.283082,13.066084]}},{"type":"Feature","properties":{"name":"Ea Chiêu 1","group":"place","kind":"village","osmId":"n12558663042"},"geometry":{"type":"Point","coordinates":[108.287085,13.086733]}},{"type":"Feature","properties":{"name":"Hà Quảng","group":"place","kind":"village","osmId":"n12558663072"},"geometry":{"type":"Point","coordinates":[108.298182,13.022466]}},{"type":"Feature","properties":{"name":"Ea Ksô A","group":"place","kind":"village","osmId":"n12645360753"},"geometry":{"type":"Point","coordinates":[108.2314,13.121193]}},{"type":"Feature","properties":{"name":"Ea Ksô","group":"place","kind":"village","osmId":"n12645360754"},"geometry":{"type":"Point","coordinates":[108.235693,13.122004]}},{"type":"Feature","properties":{"name":"Thôn 4","group":"place","kind":"village","osmId":"n12645360765"},"geometry":{"type":"Point","coordinates":[108.21016,13.120017]}},{"type":"Feature","properties":{"name":"QT Huy Vũ ( Hoàng Thị Ngọ ) buôn ea druich, xã Cư Pơng","group":"health","kind":"pharmacy","osmId":"n8347559317"},"geometry":{"type":"Point","coordinates":[108.144409,13.015157]}},{"type":"Feature","properties":{"name":"QT Thuỳ Anh (Hoàng Thị Thuỷ) Buôn Ea Brơ, xã cư pơng 0500/01634","group":"health","kind":"pharmacy","osmId":"n9648049117"},"geometry":{"type":"Point","coordinates":[108.176123,13.035497]}},{"type":"Feature","properties":{"name":"Ea My","group":"place","kind":"village","osmId":"n12479667948"},"geometry":{"type":"Point","coordinates":[108.143618,13.055976]}},{"type":"Feature","properties":{"name":"Ea Kring","group":"place","kind":"village","osmId":"n12479667951"},"geometry":{"type":"Point","coordinates":[108.159436,13.087684]}},{"type":"Feature","properties":{"name":"Ea Kap","group":"place","kind":"village","osmId":"n12479667952"},"geometry":{"type":"Point","coordinates":[108.176386,13.099915]}},{"type":"Feature","properties":{"name":"Xóm A","group":"place","kind":"village","osmId":"n12479667962"},"geometry":{"type":"Point","coordinates":[108.137064,13.016932]}},{"type":"Feature","properties":{"name":"Tlan","group":"place","kind":"village","osmId":"n12479667963"},"geometry":{"type":"Point","coordinates":[108.143053,13.013711]}},{"type":"Feature","properties":{"name":"Khal","group":"place","kind":"village","osmId":"n12479667964"},"geometry":{"type":"Point","coordinates":[108.14161,13.016074]}},{"type":"Feature","properties":{"name":"Kđoh","group":"place","kind":"village","osmId":"n12479667965"},"geometry":{"type":"Point","coordinates":[108.14468,13.01785]}},{"type":"Feature","properties":{"name":"Kbuôr","group":"place","kind":"village","osmId":"n12479667966"},"geometry":{"type":"Point","coordinates":[108.154518,13.010529]}},{"type":"Feature","properties":{"name":"Ea Tuk","group":"place","kind":"village","osmId":"n12479667967"},"geometry":{"type":"Point","coordinates":[108.157923,13.014077]}},{"type":"Feature","properties":{"name":"Ea Liăng","group":"place","kind":"village","osmId":"n12479667968"},"geometry":{"type":"Point","coordinates":[108.149317,13.006563]}},{"type":"Feature","properties":{"name":"Ea Klok","group":"place","kind":"village","osmId":"n12479667969"},"geometry":{"type":"Point","coordinates":[108.145517,13.009036]}},{"type":"Feature","properties":{"name":"Ea Druich","group":"place","kind":"village","osmId":"n12479667970"},"geometry":{"type":"Point","coordinates":[108.148078,13.012079]}},{"type":"Feature","properties":{"name":"Ea Brơ","group":"place","kind":"village","osmId":"n12479667972"},"geometry":{"type":"Point","coordinates":[108.17818,13.036901]}},{"type":"Feature","properties":{"name":"Đrây Huê","group":"place","kind":"village","osmId":"n12479667973"},"geometry":{"type":"Point","coordinates":[108.150349,13.008967]}},{"type":"Feature","properties":{"name":"Cư Yuôt","group":"place","kind":"village","osmId":"n12479667974"},"geometry":{"type":"Point","coordinates":[108.146087,12.985506]}},{"type":"Feature","properties":{"name":"Cư Hriết","group":"place","kind":"village","osmId":"n12479667975"},"geometry":{"type":"Point","coordinates":[108.17756,13.034766]}},{"type":"Feature","properties":{"name":"Adrơng Prong","group":"place","kind":"village","osmId":"n12479667976"},"geometry":{"type":"Point","coordinates":[108.161541,13.010656]}},{"type":"Feature","properties":{"name":"Adrơng Điết","group":"place","kind":"village","osmId":"n12479667977"},"geometry":{"type":"Point","coordinates":[108.153425,12.997844]}},{"type":"Feature","properties":{"name":"Drăn","group":"place","kind":"village","osmId":"n12645360711"},"geometry":{"type":"Point","coordinates":[108.109976,13.093982]}},{"type":"Feature","properties":{"name":"Thôn 1","group":"place","kind":"village","osmId":"n12645360717"},"geometry":{"type":"Point","coordinates":[108.104147,13.123107]}},{"type":"Feature","properties":{"name":"Thôn 8","group":"place","kind":"village","osmId":"n12645360761"},"geometry":{"type":"Point","coordinates":[108.133918,13.109544]}},{"type":"Feature","properties":{"name":"Ea Drăng","group":"place","kind":"town","osmId":"n369494277"},"geometry":{"type":"Point","coordinates":[108.209486,13.20583]}},{"type":"Feature","properties":{"name":"Nha Nghi Mai Phuong","group":"poi","kind":"hotel","osmId":"n2626620528"},"geometry":{"type":"Point","coordinates":[108.205461,13.201139]}},{"type":"Feature","properties":{"name":"PV Oil","group":"commerce","kind":"fuel","osmId":"n4400934420"},"geometry":{"type":"Point","coordinates":[108.20285,13.214326]}},{"type":"Feature","properties":{"name":"Petrolimex","group":"commerce","kind":"fuel","osmId":"n4401009398"},"geometry":{"type":"Point","coordinates":[108.205353,13.190845]}},{"type":"Feature","properties":{"name":"Petrolimex","group":"commerce","kind":"fuel","osmId":"n4401011791"},"geometry":{"type":"Point","coordinates":[108.218146,13.17352]}},{"type":"Feature","properties":{"name":"Petrolimex","group":"commerce","kind":"fuel","osmId":"n4401018492"},"geometry":{"type":"Point","coordinates":[108.222664,13.137686]}},{"type":"Feature","properties":{"name":"PV Oil","group":"commerce","kind":"fuel","osmId":"n4401044590"},"geometry":{"type":"Point","coordinates":[108.215526,13.179077]}},{"type":"Feature","properties":{"name":"SEG","group":"commerce","kind":"fuel","osmId":"n4401047590"},"geometry":{"type":"Point","coordinates":[108.210988,13.18403]}},{"type":"Feature","properties":{"name":"Nhà Hàng - Khách Sạn HOA ĐÀO","group":"poi","kind":"hotel","osmId":"n5358949023"},"geometry":{"type":"Point","coordinates":[108.206043,13.211718]}},{"type":"Feature","properties":{"name":"cường ny khách sạn, nhà xe","group":"poi","kind":"hotel","osmId":"n5694013021"},"geometry":{"type":"Point","coordinates":[108.206574,13.203048]}},{"type":"Feature","properties":{"name":"QT Minh Khôi","group":"health","kind":"pharmacy","osmId":"n6215427785"},"geometry":{"type":"Point","coordinates":[108.256831,13.197895]}},{"type":"Feature","properties":{"name":"QT Hải Tấn","group":"health","kind":"pharmacy","osmId":"n6359551085"},"geometry":{"type":"Point","coordinates":[108.224222,13.136712]}},{"type":"Feature","properties":{"name":"QT Hoàng Lực","group":"health","kind":"pharmacy","osmId":"n6359556688"},"geometry":{"type":"Point","coordinates":[108.206002,13.201841]}},{"type":"Feature","properties":{"name":"QT Gia khang","group":"health","kind":"pharmacy","osmId":"n6359568085"},"geometry":{"type":"Point","coordinates":[108.203614,13.196884]}},{"type":"Feature","properties":{"name":"QT Trung tâm (Nguyễn Thị Hoa)","group":"health","kind":"pharmacy","osmId":"n6359577385"},"geometry":{"type":"Point","coordinates":[108.205692,13.200946]}},{"type":"Feature","properties":{"name":"QT Ngọc Hương","group":"health","kind":"pharmacy","osmId":"n6359583685"},"geometry":{"type":"Point","coordinates":[108.20575,13.20166]}},{"type":"Feature","properties":{"name":"QT Phong Phú 1","group":"health","kind":"pharmacy","osmId":"n6359591085"},"geometry":{"type":"Point","coordinates":[108.206087,13.202349]}},{"type":"Feature","properties":{"name":"QT Phong Phú","group":"health","kind":"pharmacy","osmId":"n6359592686"},"geometry":{"type":"Point","coordinates":[108.207425,13.201518]}},{"type":"Feature","properties":{"name":"QT Chuyên Thanh","group":"health","kind":"pharmacy","osmId":"n6359598185"},"geometry":{"type":"Point","coordinates":[108.207483,13.201565]}},{"type":"Feature","properties":{"name":"QT Huỳnh Thị Trâm","group":"health","kind":"pharmacy","osmId":"n6359601285"},"geometry":{"type":"Point","coordinates":[108.207641,13.201644]}},{"type":"Feature","properties":{"name":"QT Hồng Ngọc ( chu thị hồng Ngọc )","group":"health","kind":"pharmacy","osmId":"n6359601287"},"geometry":{"type":"Point","coordinates":[108.208067,13.201866]}},{"type":"Feature","properties":{"name":"QT Phương Thảo( vũ thị phương thảo)","group":"health","kind":"pharmacy","osmId":"n6359613885"},"geometry":{"type":"Point","coordinates":[108.215925,13.201434]}},{"type":"Feature","properties":{"name":"QT hạnh hân ( Phan thị ánh tuyết)","group":"health","kind":"pharmacy","osmId":"n6359615986"},"geometry":{"type":"Point","coordinates":[108.234455,13.191657]}},{"type":"Feature","properties":{"name":"QT Sức Khoẻ","group":"health","kind":"pharmacy","osmId":"n6359660385"},"geometry":{"type":"Point","coordinates":[108.202705,13.217118]}},{"type":"Feature","properties":{"name":"QT Trần Thị Mỹ Hạnh ( 12","group":"health","kind":"pharmacy","osmId":"n6415560286"},"geometry":{"type":"Point","coordinates":[108.061747,13.211424]}},{"type":"Feature","properties":{"name":"QT Vũ Thị Hồng 10","group":"health","kind":"pharmacy","osmId":"n6415560287"},"geometry":{"type":"Point","coordinates":[108.061544,13.211428]}},{"type":"Feature","properties":{"name":"QT Hồ Thị Hạ","group":"health","kind":"pharmacy","osmId":"n6415579586"},"geometry":{"type":"Point","coordinates":[108.062369,13.21143]}},{"type":"Feature","properties":{"name":"QT Cô Thuý ( Trần Thị Thuý)","group":"health","kind":"pharmacy","osmId":"n6415582986"},"geometry":{"type":"Point","coordinates":[108.063753,13.211364]}},{"type":"Feature","properties":{"name":"Nhà Nghỉ HOÀNG THỊNH","group":"poi","kind":"hotel","osmId":"n7092923087"},"geometry":{"type":"Point","coordinates":[108.216886,13.201081]}},{"type":"Feature","properties":{"name":"QT Cao Hoài Nam","group":"health","kind":"pharmacy","osmId":"n7393753094"},"geometry":{"type":"Point","coordinates":[108.062468,13.211493]}},{"type":"Feature","properties":{"name":"QT Thiện Nhân ( Ngô Minh Thiện ) c2 dlieya","group":"health","kind":"pharmacy","osmId":"n7418872485"},"geometry":{"type":"Point","coordinates":[108.226914,13.193379]}},{"type":"Feature","properties":{"name":"QT Bình An","group":"health","kind":"pharmacy","osmId":"n7418872586"},"geometry":{"type":"Point","coordinates":[108.203796,13.222042]}},{"type":"Feature","properties":{"name":"QT Hương Thảo ( Lê Thị Tâm ) 420 giải phóng","group":"health","kind":"pharmacy","osmId":"n7418872685"},"geometry":{"type":"Point","coordinates":[108.204946,13.199582]}},{"type":"Feature","properties":{"name":"QT Trường Sơn ( Nguyễn Thị Kim Lan ) 410 giải phóng","group":"health","kind":"pharmacy","osmId":"n7418872686"},"geometry":{"type":"Point","coordinates":[108.204725,13.199163]}},{"type":"Feature","properties":{"name":"QT PKĐK Tâm Phúc 462 giải phóng","group":"health","kind":"pharmacy","osmId":"n7819545887"},"geometry":{"type":"Point","coordinates":[108.205477,13.200749]}},{"type":"Feature","properties":{"name":"QT Toan Tươi ( Nguyễn Thị Mỹ Nhung ) thôn 8b Ea Wy","group":"health","kind":"pharmacy","osmId":"n7819551185"},"geometry":{"type":"Point","coordinates":[108.0802,13.217671]}},{"type":"Feature","properties":{"name":"QT Tương Lai ( Đỗ Thị Lai ) Cư Mốt","group":"health","kind":"pharmacy","osmId":"n7965513585"},"geometry":{"type":"Point","coordinates":[108.101148,13.219974]}},{"type":"Feature","properties":{"name":"QT Thuỳ Lâm ( Lê Thị Thuỳ Lâm ) TDP7","group":"health","kind":"pharmacy","osmId":"n8096236817"},"geometry":{"type":"Point","coordinates":[108.2046,13.202491]}},{"type":"Feature","properties":{"name":"Thôn 11","group":"place","kind":"village","osmId":"n12645330892"},"geometry":{"type":"Point","coordinates":[108.062911,13.211635]}},{"type":"Feature","properties":{"name":"Thôn 8B","group":"place","kind":"village","osmId":"n12645330893"},"geometry":{"type":"Point","coordinates":[108.082747,13.22243]}},{"type":"Feature","properties":{"name":"Thôn 8A","group":"place","kind":"village","osmId":"n12645330894"},"geometry":{"type":"Point","coordinates":[108.079804,13.217584]}},{"type":"Feature","properties":{"name":"Thôn 7B","group":"place","kind":"village","osmId":"n12645330895"},"geometry":{"type":"Point","coordinates":[108.075072,13.214975]}},{"type":"Feature","properties":{"name":"Thôn 7A","group":"place","kind":"village","osmId":"n12645330896"},"geometry":{"type":"Point","coordinates":[108.076037,13.214309]}},{"type":"Feature","properties":{"name":"Thôn 6B","group":"place","kind":"village","osmId":"n12645330897"},"geometry":{"type":"Point","coordinates":[108.066028,13.210799]}},{"type":"Feature","properties":{"name":"Thôn 6A","group":"place","kind":"village","osmId":"n12645330898"},"geometry":{"type":"Point","coordinates":[108.07108,13.211681]}},{"type":"Feature","properties":{"name":"Thôn 5B","group":"place","kind":"village","osmId":"n12645330899"},"geometry":{"type":"Point","coordinates":[108.067288,13.207861]}},{"type":"Feature","properties":{"name":"Thôn 5A","group":"place","kind":"village","osmId":"n12645330900"},"geometry":{"type":"Point","coordinates":[108.066322,13.211982]}},{"type":"Feature","properties":{"name":"Thôn 4B","group":"place","kind":"village","osmId":"n12645360701"},"geometry":{"type":"Point","coordinates":[108.06161,13.209426]}},{"type":"Feature","properties":{"name":"Thôn 4A","group":"place","kind":"village","osmId":"n12645360702"},"geometry":{"type":"Point","coordinates":[108.0594,13.212558]}},{"type":"Feature","properties":{"name":"Thôn 3B","group":"place","kind":"village","osmId":"n12645360703"},"geometry":{"type":"Point","coordinates":[108.0599,13.217471]}},{"type":"Feature","properties":{"name":"Thôn 3A","group":"place","kind":"village","osmId":"n12645360704"},"geometry":{"type":"Point","coordinates":[108.06371,13.215169]}},{"type":"Feature","properties":{"name":"Thôn 2B","group":"place","kind":"village","osmId":"n12645360705"},"geometry":{"type":"Point","coordinates":[108.060021,13.222007]}},{"type":"Feature","properties":{"name":"Thôn 1B","group":"place","kind":"village","osmId":"n12645360708"},"geometry":{"type":"Point","coordinates":[108.069091,13.220211]}},{"type":"Feature","properties":{"name":"Ea Tiêu","group":"place","kind":"village","osmId":"n12645360710"},"geometry":{"type":"Point","coordinates":[108.088291,13.086517]}},{"type":"Feature","properties":{"name":"Bình Sơn","group":"place","kind":"village","osmId":"n12645360712"},"geometry":{"type":"Point","coordinates":[108.07238,13.079805]}},{"type":"Feature","properties":{"name":"Bình Minh","group":"place","kind":"village","osmId":"n12645360713"},"geometry":{"type":"Point","coordinates":[108.064897,13.081169]}},{"type":"Feature","properties":{"name":"Thôn 4","group":"place","kind":"village","osmId":"n12645360714"},"geometry":{"type":"Point","coordinates":[108.094622,13.105979]}},{"type":"Feature","properties":{"name":"Thôn 3","group":"place","kind":"village","osmId":"n12645360715"},"geometry":{"type":"Point","coordinates":[108.104696,13.132825]}},{"type":"Feature","properties":{"name":"Thôn 2","group":"place","kind":"village","osmId":"n12645360716"},"geometry":{"type":"Point","coordinates":[108.088439,13.135047]}},{"type":"Feature","properties":{"name":"Ea Sir B","group":"place","kind":"village","osmId":"n12645360751"},"geometry":{"type":"Point","coordinates":[108.231021,13.144009]}},{"type":"Feature","properties":{"name":"Ea Sir A","group":"place","kind":"village","osmId":"n12645360752"},"geometry":{"type":"Point","coordinates":[108.229786,13.140275]}},{"type":"Feature","properties":{"name":"Ea Đen","group":"place","kind":"village","osmId":"n12645360755"},"geometry":{"type":"Point","coordinates":[108.224681,13.149959]}},{"type":"Feature","properties":{"name":"Kdruh A","group":"place","kind":"village","osmId":"n12645360756"},"geometry":{"type":"Point","coordinates":[108.240521,13.142879]}},{"type":"Feature","properties":{"name":"Kdruh","group":"place","kind":"village","osmId":"n12645360757"},"geometry":{"type":"Point","coordinates":[108.232834,13.140385]}},{"type":"Feature","properties":{"name":"Briêng C","group":"place","kind":"village","osmId":"n12645360758"},"geometry":{"type":"Point","coordinates":[108.212912,13.137274]}},{"type":"Feature","properties":{"name":"Briêng B","group":"place","kind":"village","osmId":"n12645360759"},"geometry":{"type":"Point","coordinates":[108.199835,13.141588]}},{"type":"Feature","properties":{"name":"Briêng A","group":"place","kind":"village","osmId":"n12645360760"},"geometry":{"type":"Point","coordinates":[108.203769,13.143265]}},{"type":"Feature","properties":{"name":"Thôn 7","group":"place","kind":"village","osmId":"n12645360762"},"geometry":{"type":"Point","coordinates":[108.164446,13.159194]}},{"type":"Feature","properties":{"name":"Thôn 6","group":"place","kind":"village","osmId":"n12645360763"},"geometry":{"type":"Point","coordinates":[108.263752,13.140294]}},{"type":"Feature","properties":{"name":"Thôn 5","group":"place","kind":"village","osmId":"n12645360764"},"geometry":{"type":"Point","coordinates":[108.184254,13.148348]}},{"type":"Feature","properties":{"name":"Thôn 3","group":"place","kind":"village","osmId":"n12645360766"},"geometry":{"type":"Point","coordinates":[108.236643,13.133937]}},{"type":"Feature","properties":{"name":"Thôn 2A","group":"place","kind":"village","osmId":"n12645360767"},"geometry":{"type":"Point","coordinates":[108.224087,13.136819]}},{"type":"Feature","properties":{"name":"Thôn 2","group":"place","kind":"village","osmId":"n12645360768"},"geometry":{"type":"Point","coordinates":[108.226294,13.13286]}},{"type":"Feature","properties":{"name":"Thôn 1","group":"place","kind":"village","osmId":"n12645360769"},"geometry":{"type":"Point","coordinates":[108.220131,13.136725]}},{"type":"Feature","properties":{"name":"Đung B","group":"place","kind":"village","osmId":"n12645360770"},"geometry":{"type":"Point","coordinates":[108.176782,13.19201]}},{"type":"Feature","properties":{"name":"Đung A","group":"place","kind":"village","osmId":"n12645360771"},"geometry":{"type":"Point","coordinates":[108.178504,13.195672]}},{"type":"Feature","properties":{"name":"Thôn 10","group":"place","kind":"village","osmId":"n12645360772"},"geometry":{"type":"Point","coordinates":[108.194087,13.196732]}},{"type":"Feature","properties":{"name":"Thôn 9","group":"place","kind":"village","osmId":"n12645360773"},"geometry":{"type":"Point","coordinates":[108.138972,13.149497]}},{"type":"Feature","properties":{"name":"Thôn 8","group":"place","kind":"village","osmId":"n12645360774"},"geometry":{"type":"Point","coordinates":[108.156726,13.16753]}},{"type":"Feature","properties":{"name":"Thôn 7","group":"place","kind":"village","osmId":"n12645360775"},"geometry":{"type":"Point","coordinates":[108.100688,13.137493]}},{"type":"Feature","properties":{"name":"Thôn 6","group":"place","kind":"village","osmId":"n12645360776"},"geometry":{"type":"Point","coordinates":[108.108465,13.133216]}},{"type":"Feature","properties":{"name":"Thôn 5","group":"place","kind":"village","osmId":"n12645360777"},"geometry":{"type":"Point","coordinates":[108.163808,13.204113]}},{"type":"Feature","properties":{"name":"Thôn 4","group":"place","kind":"village","osmId":"n12645360778"},"geometry":{"type":"Point","coordinates":[108.218941,13.172208]}},{"type":"Feature","properties":{"name":"Thôn 3","group":"place","kind":"village","osmId":"n12645360779"},"geometry":{"type":"Point","coordinates":[108.200991,13.184107]}},{"type":"Feature","properties":{"name":"Thôn 2","group":"place","kind":"village","osmId":"n12645360780"},"geometry":{"type":"Point","coordinates":[108.18705,13.196376]}},{"type":"Feature","properties":{"name":"Thôn 1","group":"place","kind":"village","osmId":"n12645360781"},"geometry":{"type":"Point","coordinates":[108.193843,13.198352]}},{"type":"Feature","properties":{"name":"Tri C3","group":"place","kind":"village","osmId":"n12645362794"},"geometry":{"type":"Point","coordinates":[108.244275,13.189211]}},{"type":"Feature","properties":{"name":"Tri C2","group":"place","kind":"village","osmId":"n12645362795"},"geometry":{"type":"Point","coordinates":[108.22659,13.193827]}},{"type":"Feature","properties":{"name":"Tri C1","group":"place","kind":"village","osmId":"n12645362796"},"geometry":{"type":"Point","coordinates":[108.232357,13.192409]}},{"type":"Feature","properties":{"name":"Drai","group":"place","kind":"village","osmId":"n12645362797"},"geometry":{"type":"Point","coordinates":[108.259309,13.200368]}},{"type":"Feature","properties":{"name":"Choăh","group":"place","kind":"village","osmId":"n12645362798"},"geometry":{"type":"Point","coordinates":[108.255098,13.198953]}},{"type":"Feature","properties":{"name":"Tri B","group":"place","kind":"village","osmId":"n12645362799"},"geometry":{"type":"Point","coordinates":[108.239583,13.190668]}},{"type":"Feature","properties":{"name":"Tri Gha","group":"place","kind":"village","osmId":"n12645362800"},"geometry":{"type":"Point","coordinates":[108.24226,13.201194]}},{"type":"Feature","properties":{"name":"Tir","group":"place","kind":"village","osmId":"n12645362801"},"geometry":{"type":"Point","coordinates":[108.241618,13.20291]}},{"type":"Feature","properties":{"name":"Sék","group":"place","kind":"village","osmId":"n12645362803"},"geometry":{"type":"Point","coordinates":[108.236418,13.199697]}},{"type":"Feature","properties":{"name":"Drai Điêt","group":"place","kind":"village","osmId":"n12645362804"},"geometry":{"type":"Point","coordinates":[108.256176,13.190733]}},{"type":"Feature","properties":{"name":"Thôn 4","group":"place","kind":"village","osmId":"n12645362806"},"geometry":{"type":"Point","coordinates":[108.260817,13.178399]}},{"type":"Feature","properties":{"name":"Thôn 3","group":"place","kind":"village","osmId":"n12645362807"},"geometry":{"type":"Point","coordinates":[108.265616,13.208532]}},{"type":"Feature","properties":{"name":"Thôn 2","group":"place","kind":"village","osmId":"n12645362808"},"geometry":{"type":"Point","coordinates":[108.272448,13.210801]}},{"type":"Feature","properties":{"name":"Thôn 1","group":"place","kind":"village","osmId":"n12645362809"},"geometry":{"type":"Point","coordinates":[108.242728,13.186276]}},{"type":"Feature","properties":{"name":"Thôn 11","group":"place","kind":"village","osmId":"n12645362810"},"geometry":{"type":"Point","coordinates":[108.113534,13.183359]}},{"type":"Feature","properties":{"name":"Thôn 9","group":"place","kind":"village","osmId":"n12645362811"},"geometry":{"type":"Point","coordinates":[108.100212,13.20452]}},{"type":"Feature","properties":{"name":"Thôn 7","group":"place","kind":"village","osmId":"n12645362812"},"geometry":{"type":"Point","coordinates":[108.110204,13.208417]}},{"type":"Feature","properties":{"name":"Thôn 6B","group":"place","kind":"village","osmId":"n12645362813"},"geometry":{"type":"Point","coordinates":[108.09972,13.219573]}},{"type":"Feature","properties":{"name":"Thôn 6A","group":"place","kind":"village","osmId":"n12645362814"},"geometry":{"type":"Point","coordinates":[108.103972,13.215582]}},{"type":"Feature","properties":{"name":"Tơ Yoa","group":"place","kind":"village","osmId":"n12645362821"},"geometry":{"type":"Point","coordinates":[108.005043,13.210567]}},{"type":"Feature","properties":{"name":"Thôn 10B","group":"place","kind":"village","osmId":"n12645362822"},"geometry":{"type":"Point","coordinates":[108.018654,13.209681]}},{"type":"Feature","properties":{"name":"Thôn 10A","group":"place","kind":"village","osmId":"n12645362823"},"geometry":{"type":"Point","coordinates":[108.043837,13.210272]}},{"type":"Feature","properties":{"name":"Thôn 9","group":"place","kind":"village","osmId":"n12645362824"},"geometry":{"type":"Point","coordinates":[108.072871,13.201056]}},{"type":"Feature","properties":{"name":"Thôn 5","group":"place","kind":"village","osmId":"n12645362825"},"geometry":{"type":"Point","coordinates":[108.03044,13.209353]}},{"type":"Feature","properties":{"name":"Thôn 4","group":"place","kind":"village","osmId":"n12645362826"},"geometry":{"type":"Point","coordinates":[108.0535,13.205144]}},{"type":"Feature","properties":{"name":"Thôn 3","group":"place","kind":"village","osmId":"n12645362827"},"geometry":{"type":"Point","coordinates":[108.063738,13.192362]}},{"type":"Feature","properties":{"name":"Tổ dân phố 14","group":"place","kind":"suburb","osmId":"n12645362828"},"geometry":{"type":"Point","coordinates":[108.214884,13.195459]}},{"type":"Feature","properties":{"name":"Tổ dân phố 12","group":"place","kind":"suburb","osmId":"n12645362829"},"geometry":{"type":"Point","coordinates":[108.205362,13.222164]}},{"type":"Feature","properties":{"name":"Tổ dân phố 11","group":"place","kind":"suburb","osmId":"n12645362830"},"geometry":{"type":"Point","coordinates":[108.204456,13.193754]}},{"type":"Feature","properties":{"name":"Tổ dân phố 1","group":"place","kind":"suburb","osmId":"n12645362831"},"geometry":{"type":"Point","coordinates":[108.218883,13.199494]}},{"type":"Feature","properties":{"name":"Tổ dân phố 5","group":"place","kind":"suburb","osmId":"n12645362832"},"geometry":{"type":"Point","coordinates":[108.208739,13.187291]}},{"type":"Feature","properties":{"name":"Tổ dân phố 4","group":"place","kind":"suburb","osmId":"n12645362833"},"geometry":{"type":"Point","coordinates":[108.21478,13.180112]}},{"type":"Feature","properties":{"name":"Tổ dân phố 8","group":"place","kind":"suburb","osmId":"n12645362834"},"geometry":{"type":"Point","coordinates":[108.209528,13.209422]}},{"type":"Feature","properties":{"name":"Tổ dân phố 10","group":"place","kind":"suburb","osmId":"n12645362835"},"geometry":{"type":"Point","coordinates":[108.204845,13.206555]}},{"type":"Feature","properties":{"name":"Tổ dân phố 6","group":"place","kind":"suburb","osmId":"n12645362836"},"geometry":{"type":"Point","coordinates":[108.201948,13.198564]}},{"type":"Feature","properties":{"name":"Tổ dân phố 13","group":"place","kind":"suburb","osmId":"n12645362837"},"geometry":{"type":"Point","coordinates":[108.213047,13.2096]}},{"type":"Feature","properties":{"name":"Tổ dân phố 9","group":"place","kind":"suburb","osmId":"n12645362838"},"geometry":{"type":"Point","coordinates":[108.20316,13.216856]}},{"type":"Feature","properties":{"name":"Tổ dân phố 7","group":"place","kind":"suburb","osmId":"n12645362839"},"geometry":{"type":"Point","coordinates":[108.204818,13.202554]}},{"type":"Feature","properties":{"name":"Tổ dân phố 2","group":"place","kind":"suburb","osmId":"n12645362840"},"geometry":{"type":"Point","coordinates":[108.209402,13.203904]}},{"type":"Feature","properties":{"name":"Lê Đá","group":"place","kind":"village","osmId":"n12645362841"},"geometry":{"type":"Point","coordinates":[108.202334,13.222526]}},{"type":"Feature","properties":{"name":"B'Lếch","group":"place","kind":"village","osmId":"n12645362843"},"geometry":{"type":"Point","coordinates":[108.215914,13.203769]}},{"type":"Feature","properties":{"name":"Bach hoa Xanh","group":"commerce","kind":"supermarket","osmId":"n13919783901"},"geometry":{"type":"Point","coordinates":[108.224913,13.136505]}},{"type":"Feature","properties":{"name":"Trung tâm Y tế Ea H'leo","group":"health","kind":"hospital","osmId":"w1288604091"},"geometry":{"type":"Point","coordinates":[108.213955,13.201342]}},{"type":"Feature","properties":{"name":"Trường Tiểu học Kim Đồng","group":"school","kind":"school","osmId":"w1417973157"},"geometry":{"type":"Point","coordinates":[108.215424,13.202326]}},{"type":"Feature","properties":{"name":"HĐND - UBND Xã Ea Drăng","group":"civic","kind":"townhall","osmId":"w1417973183"},"geometry":{"type":"Point","coordinates":[108.210239,13.204782]}},{"type":"Feature","properties":{"name":"PV Oil","group":"commerce","kind":"fuel","osmId":"n4400994007"},"geometry":{"type":"Point","coordinates":[108.155409,13.249083]}},{"type":"Feature","properties":{"name":"Apollo Oil","group":"commerce","kind":"fuel","osmId":"n4401009397"},"geometry":{"type":"Point","coordinates":[108.17221,13.240032]}},{"type":"Feature","properties":{"name":"Petrolimex","group":"commerce","kind":"fuel","osmId":"n4401051293"},"geometry":{"type":"Point","coordinates":[108.196528,13.226873]}},{"type":"Feature","properties":{"name":"QT Đông Thuỷ","group":"health","kind":"pharmacy","osmId":"n6215304086"},"geometry":{"type":"Point","coordinates":[108.288017,13.266135]}},{"type":"Feature","properties":{"name":"QT Gia Khiêm","group":"health","kind":"pharmacy","osmId":"n6215425285"},"geometry":{"type":"Point","coordinates":[108.290459,13.266244]}},{"type":"Feature","properties":{"name":"QT Mộng Linh","group":"health","kind":"pharmacy","osmId":"n6415474285"},"geometry":{"type":"Point","coordinates":[108.15534,13.249848]}},{"type":"Feature","properties":{"name":"QT Kim Xuyến ( Nguyễn Thị Kim Xuyến ) thôn7 earal","group":"health","kind":"pharmacy","osmId":"n7393753092"},"geometry":{"type":"Point","coordinates":[108.169775,13.240082]}},{"type":"Feature","properties":{"name":"QT Ngọc Nương ( Nguyễn Thị Thanh Hà ) Chợ 86","group":"health","kind":"pharmacy","osmId":"n7393753095"},"geometry":{"type":"Point","coordinates":[108.178637,13.240392]}},{"type":"Feature","properties":{"name":"QT Ngọc Vy ( cáo Lê thị Ngọc ) earal","group":"health","kind":"pharmacy","osmId":"n7418872585"},"geometry":{"type":"Point","coordinates":[108.162887,13.240525]}},{"type":"Feature","properties":{"name":"QT Ngọc Long ( Võ Ngọc Hoàng Long ) Ea Sol","group":"health","kind":"pharmacy","osmId":"n7961953285"},"geometry":{"type":"Point","coordinates":[108.289431,13.266164]}},{"type":"Feature","properties":{"name":"QT Minh Ngọc ( Hoàng Thị Thu Huyền ) Ea Sol","group":"health","kind":"pharmacy","osmId":"n7961964885"},"geometry":{"type":"Point","coordinates":[108.293409,13.269582]}},{"type":"Feature","properties":{"name":"QT Gia Khiêm ( Trần Thị Thu Hậu ) Ea Sol","group":"health","kind":"pharmacy","osmId":"n7961972485"},"geometry":{"type":"Point","coordinates":[108.292694,13.268461]}},{"type":"Feature","properties":{"name":"QT số 7 ( Nguyễn Thị Thuý ) chợ km92 thôn 3","group":"health","kind":"pharmacy","osmId":"n8341203817"},"geometry":{"type":"Point","coordinates":[108.155135,13.249981]}},{"type":"Feature","properties":{"name":"Liên Kết","group":"place","kind":"village","osmId":"n12558663038"},"geometry":{"type":"Point","coordinates":[108.313653,13.135867]}},{"type":"Feature","properties":{"name":"Thái","group":"place","kind":"village","osmId":"n12645360718"},"geometry":{"type":"Point","coordinates":[108.292632,13.268094]}},{"type":"Feature","properties":{"name":"Tang","group":"place","kind":"village","osmId":"n12645360719"},"geometry":{"type":"Point","coordinates":[108.279437,13.265876]}},{"type":"Feature","properties":{"name":"Hoai","group":"place","kind":"village","osmId":"n12645360720"},"geometry":{"type":"Point","coordinates":[108.267215,13.253201]}},{"type":"Feature","properties":{"name":"Chư","group":"place","kind":"village","osmId":"n12645360721"},"geometry":{"type":"Point","coordinates":[108.293088,13.272629]}},{"type":"Feature","properties":{"name":"Bung Tang","group":"place","kind":"village","osmId":"n12645360723"},"geometry":{"type":"Point","coordinates":[108.290981,13.282677]}},{"type":"Feature","properties":{"name":"Ta Ly","group":"place","kind":"village","osmId":"n12645360724"},"geometry":{"type":"Point","coordinates":[108.28821,13.282318]}},{"type":"Feature","properties":{"name":"M'Nút","group":"place","kind":"village","osmId":"n12645360725"},"geometry":{"type":"Point","coordinates":[108.295852,13.244587]}},{"type":"Feature","properties":{"name":"Kri","group":"place","kind":"village","osmId":"n12645360726"},"geometry":{"type":"Point","coordinates":[108.303392,13.264906]}},{"type":"Feature","properties":{"name":"Krái","group":"place","kind":"village","osmId":"n12645360727"},"geometry":{"type":"Point","coordinates":[108.295508,13.265048]}},{"type":"Feature","properties":{"name":"Hwing Drăn","group":"place","kind":"village","osmId":"n12645360729"},"geometry":{"type":"Point","coordinates":[108.289768,13.263561]}},{"type":"Feature","properties":{"name":"Chăm Hoai","group":"place","kind":"village","osmId":"n12645360730"},"geometry":{"type":"Point","coordinates":[108.275569,13.261363]}},{"type":"Feature","properties":{"name":"Bek","group":"place","kind":"village","osmId":"n12645360731"},"geometry":{"type":"Point","coordinates":[108.286533,13.268576]}},{"type":"Feature","properties":{"name":"Thôn 7","group":"place","kind":"village","osmId":"n12645360732"},"geometry":{"type":"Point","coordinates":[108.284702,13.209836]}},{"type":"Feature","properties":{"name":"Thôn 6","group":"place","kind":"village","osmId":"n12645360733"},"geometry":{"type":"Point","coordinates":[108.294354,13.21586]}},{"type":"Feature","properties":{"name":"Thôn 5","group":"place","kind":"village","osmId":"n12645360734"},"geometry":{"type":"Point","coordinates":[108.271772,13.228825]}},{"type":"Feature","properties":{"name":"Thôn 3","group":"place","kind":"village","osmId":"n12645360735"},"geometry":{"type":"Point","coordinates":[108.286421,13.266095]}},{"type":"Feature","properties":{"name":"Thôn 2","group":"place","kind":"village","osmId":"n12645360736"},"geometry":{"type":"Point","coordinates":[108.272375,13.252072]}},{"type":"Feature","properties":{"name":"Tùng Xê","group":"place","kind":"village","osmId":"n12645360737"},"geometry":{"type":"Point","coordinates":[108.154546,13.235137]}},{"type":"Feature","properties":{"name":"Tùng Thăng","group":"place","kind":"village","osmId":"n12645360738"},"geometry":{"type":"Point","coordinates":[108.157712,13.241741]}},{"type":"Feature","properties":{"name":"Tùng Táh","group":"place","kind":"village","osmId":"n12645360739"},"geometry":{"type":"Point","coordinates":[108.155681,13.229803]}},{"type":"Feature","properties":{"name":"Tùng Kúh","group":"place","kind":"village","osmId":"n12645360740"},"geometry":{"type":"Point","coordinates":[108.166027,13.239342]}},{"type":"Feature","properties":{"name":"Đoàn Kết","group":"place","kind":"village","osmId":"n12645360741"},"geometry":{"type":"Point","coordinates":[108.187517,13.23178]}},{"type":"Feature","properties":{"name":"A Riêng","group":"place","kind":"village","osmId":"n12645360742"},"geometry":{"type":"Point","coordinates":[108.175386,13.238706]}},{"type":"Feature","properties":{"name":"Thôn 8","group":"place","kind":"village","osmId":"n12645360743"},"geometry":{"type":"Point","coordinates":[108.155687,13.263721]}},{"type":"Feature","properties":{"name":"Thôn 7","group":"place","kind":"village","osmId":"n12645360744"},"geometry":{"type":"Point","coordinates":[108.170522,13.241231]}},{"type":"Feature","properties":{"name":"Thôn 6A","group":"place","kind":"village","osmId":"n12645360745"},"geometry":{"type":"Point","coordinates":[108.182354,13.239753]}},{"type":"Feature","properties":{"name":"Thôn 6","group":"place","kind":"village","osmId":"n12645360746"},"geometry":{"type":"Point","coordinates":[108.178924,13.241768]}},{"type":"Feature","properties":{"name":"Thôn 5","group":"place","kind":"village","osmId":"n12645360747"},"geometry":{"type":"Point","coordinates":[108.18795,13.232783]}},{"type":"Feature","properties":{"name":"Thôn 3","group":"place","kind":"village","osmId":"n12645360748"},"geometry":{"type":"Point","coordinates":[108.15532,13.250063]}},{"type":"Feature","properties":{"name":"Thôn 2","group":"place","kind":"village","osmId":"n12645360749"},"geometry":{"type":"Point","coordinates":[108.158624,13.243045]}},{"type":"Feature","properties":{"name":"Thôn 1","group":"place","kind":"village","osmId":"n12645360750"},"geometry":{"type":"Point","coordinates":[108.165277,13.242969]}},{"type":"Feature","properties":{"name":"Thôn 9","group":"place","kind":"village","osmId":"n12645362762"},"geometry":{"type":"Point","coordinates":[108.155803,13.2977]}},{"type":"Feature","properties":{"name":"Hiao 2","group":"place","kind":"village","osmId":"n12645362775"},"geometry":{"type":"Point","coordinates":[108.312985,13.208565]}},{"type":"Feature","properties":{"name":"Thôn 6","group":"place","kind":"village","osmId":"n12645362787"},"geometry":{"type":"Point","coordinates":[108.301008,13.210145]}},{"type":"Feature","properties":{"name":"Thôn 1","group":"place","kind":"village","osmId":"n12645362793"},"geometry":{"type":"Point","coordinates":[108.292251,13.209107]}},{"type":"Feature","properties":{"name":"Sék Điết","group":"place","kind":"village","osmId":"n12645362802"},"geometry":{"type":"Point","coordinates":[108.297683,13.154922]}},{"type":"Feature","properties":{"name":"Thôn 5","group":"place","kind":"village","osmId":"n12645362805"},"geometry":{"type":"Point","coordinates":[108.283311,13.148339]}},{"type":"Feature","properties":{"name":"Lê B","group":"place","kind":"village","osmId":"n12645362842"},"geometry":{"type":"Point","coordinates":[108.211089,13.222911]}},{"type":"Feature","properties":{"name":"Bach Hoa Xanh","group":"commerce","kind":"supermarket","osmId":"n13637291101"},"geometry":{"type":"Point","coordinates":[108.155441,13.250255]}},{"type":"Feature","properties":{"name":"QT Hoa Cúc ( Nguyễn Thị Cúc ) cư mốt","group":"health","kind":"pharmacy","osmId":"n7393753093"},"geometry":{"type":"Point","coordinates":[108.101859,13.236031]}},{"type":"Feature","properties":{"name":"Thôn 2A","group":"place","kind":"village","osmId":"n12645360706"},"geometry":{"type":"Point","coordinates":[108.06283,13.223143]}},{"type":"Feature","properties":{"name":"Thôn 1C","group":"place","kind":"village","osmId":"n12645360707"},"geometry":{"type":"Point","coordinates":[108.077159,13.230638]}},{"type":"Feature","properties":{"name":"Thôn 1A","group":"place","kind":"village","osmId":"n12645360709"},"geometry":{"type":"Point","coordinates":[108.067168,13.225452]}},{"type":"Feature","properties":{"name":"Thôn 5","group":"place","kind":"village","osmId":"n12645362815"},"geometry":{"type":"Point","coordinates":[108.098891,13.231057]}},{"type":"Feature","properties":{"name":"Thôn 4B","group":"place","kind":"village","osmId":"n12645362816"},"geometry":{"type":"Point","coordinates":[108.09025,13.255532]}},{"type":"Feature","properties":{"name":"Thôn 4A","group":"place","kind":"village","osmId":"n12645362817"},"geometry":{"type":"Point","coordinates":[108.094984,13.250718]}},{"type":"Feature","properties":{"name":"Thôn 3","group":"place","kind":"village","osmId":"n12645362818"},"geometry":{"type":"Point","coordinates":[108.102417,13.23658]}},{"type":"Feature","properties":{"name":"Thôn 2","group":"place","kind":"village","osmId":"n12645362819"},"geometry":{"type":"Point","coordinates":[108.110052,13.238014]}},{"type":"Feature","properties":{"name":"Thôn 1","group":"place","kind":"village","osmId":"n12645362820"},"geometry":{"type":"Point","coordinates":[108.115294,13.241401]}},{"type":"Feature","properties":{"name":"QT Tâm Sương ( Nguyễn Thị Sương ) thôn Dlieya A","group":"health","kind":"pharmacy","osmId":"n7975830886"},"geometry":{"type":"Point","coordinates":[108.388658,13.145388]}},{"type":"Feature","properties":{"name":"QT Như Quỳnh ( Nguyễn Thị Như Quỳnh ) Ea Hao","group":"health","kind":"pharmacy","osmId":"n8095593317"},"geometry":{"type":"Point","coordinates":[108.325956,13.210444]}},{"type":"Feature","properties":{"name":"Yên Khánh","group":"place","kind":"village","osmId":"n12558663033"},"geometry":{"type":"Point","coordinates":[108.32784,13.136303]}},{"type":"Feature","properties":{"name":"Ea Heo","group":"place","kind":"village","osmId":"n12558663040"},"geometry":{"type":"Point","coordinates":[108.340898,13.131952]}},{"type":"Feature","properties":{"name":"Bắc Trung","group":"place","kind":"village","osmId":"n12558663048"},"geometry":{"type":"Point","coordinates":[108.35211,13.134556]}},{"type":"Feature","properties":{"name":"Tân Thành","group":"place","kind":"village","osmId":"n12558663099"},"geometry":{"type":"Point","coordinates":[108.398524,13.132168]}},{"type":"Feature","properties":{"name":"Ea Ngai","group":"place","kind":"village","osmId":"n12558663103"},"geometry":{"type":"Point","coordinates":[108.377448,13.130261]}},{"type":"Feature","properties":{"name":"Dliê Ya A","group":"place","kind":"village","osmId":"n12558663119"},"geometry":{"type":"Point","coordinates":[108.391651,13.147707]}},{"type":"Feature","properties":{"name":"Chăm","group":"place","kind":"village","osmId":"n12645360722"},"geometry":{"type":"Point","coordinates":[108.332678,13.322685]}},{"type":"Feature","properties":{"name":"Ea Yú","group":"place","kind":"village","osmId":"n12645360728"},"geometry":{"type":"Point","coordinates":[108.319333,13.234565]}},{"type":"Feature","properties":{"name":"Krái","group":"place","kind":"village","osmId":"n12645362773"},"geometry":{"type":"Point","coordinates":[108.334839,13.221336]}},{"type":"Feature","properties":{"name":"Kra","group":"place","kind":"village","osmId":"n12645362774"},"geometry":{"type":"Point","coordinates":[108.316296,13.206843]}},{"type":"Feature","properties":{"name":"Hiao 1","group":"place","kind":"village","osmId":"n12645362776"},"geometry":{"type":"Point","coordinates":[108.319494,13.208373]}},{"type":"Feature","properties":{"name":"Bir","group":"place","kind":"village","osmId":"n12645362777"},"geometry":{"type":"Point","coordinates":[108.334817,13.218005]}},{"type":"Feature","properties":{"name":"Thôn 11","group":"place","kind":"village","osmId":"n12645362778"},"geometry":{"type":"Point","coordinates":[108.351239,13.194107]}},{"type":"Feature","properties":{"name":"Thôn 10","group":"place","kind":"village","osmId":"n12645362779"},"geometry":{"type":"Point","coordinates":[108.370547,13.1437]}},{"type":"Feature","properties":{"name":"Thôn 9B","group":"place","kind":"village","osmId":"n12645362780"},"geometry":{"type":"Point","coordinates":[108.332806,13.157326]}},{"type":"Feature","properties":{"name":"Thôn 9A","group":"place","kind":"village","osmId":"n12645362781"},"geometry":{"type":"Point","coordinates":[108.336145,13.147995]}},{"type":"Feature","properties":{"name":"Thôn 8B","group":"place","kind":"village","osmId":"n12645362782"},"geometry":{"type":"Point","coordinates":[108.326662,13.157585]}},{"type":"Feature","properties":{"name":"Thôn 8A","group":"place","kind":"village","osmId":"n12645362783"},"geometry":{"type":"Point","coordinates":[108.326312,13.15222]}},{"type":"Feature","properties":{"name":"Thôn 7C","group":"place","kind":"village","osmId":"n12645362784"},"geometry":{"type":"Point","coordinates":[108.343467,13.214477]}},{"type":"Feature","properties":{"name":"Thôn 7B","group":"place","kind":"village","osmId":"n12645362785"},"geometry":{"type":"Point","coordinates":[108.352249,13.206363]}},{"type":"Feature","properties":{"name":"Thôn 7A","group":"place","kind":"village","osmId":"n12645362786"},"geometry":{"type":"Point","coordinates":[108.36473,13.222224]}},{"type":"Feature","properties":{"name":"Thôn 5B","group":"place","kind":"village","osmId":"n12645362788"},"geometry":{"type":"Point","coordinates":[108.331796,13.178716]}},{"type":"Feature","properties":{"name":"Thôn 5A","group":"place","kind":"village","osmId":"n12645362789"},"geometry":{"type":"Point","coordinates":[108.330939,13.200874]}},{"type":"Feature","properties":{"name":"Thôn 4B","group":"place","kind":"village","osmId":"n12645362790"},"geometry":{"type":"Point","coordinates":[108.325843,13.194037]}},{"type":"Feature","properties":{"name":"Thôn 4A","group":"place","kind":"village","osmId":"n12645362791"},"geometry":{"type":"Point","coordinates":[108.326247,13.208057]}},{"type":"Feature","properties":{"name":"Thôn 2","group":"place","kind":"village","osmId":"n12645362792"},"geometry":{"type":"Point","coordinates":[108.32508,13.211103]}},{"type":"Feature","properties":{"name":"Krông Năng","group":"place","kind":"town","osmId":"n369501692"},"geometry":{"type":"Point","coordinates":[108.343434,12.951766]}},{"type":"Feature","properties":{"name":"QT Hà Tình ( Nguyễn Thị Ba)","group":"health","kind":"pharmacy","osmId":"n6149289789"},"geometry":{"type":"Point","coordinates":[108.316618,12.95513]}},{"type":"Feature","properties":{"name":"QT Hoàng Thị Thanh Lan 17","group":"health","kind":"pharmacy","osmId":"n6149289790"},"geometry":{"type":"Point","coordinates":[108.376004,12.91852]}},{"type":"Feature","properties":{"name":"QT Lộc Duyên","group":"health","kind":"pharmacy","osmId":"n6149289791"},"geometry":{"type":"Point","coordinates":[108.345002,12.975835]}},{"type":"Feature","properties":{"name":"QT Vinh Thuỳ","group":"health","kind":"pharmacy","osmId":"n6149295600"},"geometry":{"type":"Point","coordinates":[108.301672,12.951896]}},{"type":"Feature","properties":{"name":"QT Trung Khoa(Đinh Thị Xiêm)","group":"health","kind":"pharmacy","osmId":"n6149295601"},"geometry":{"type":"Point","coordinates":[108.305396,12.952023]}},{"type":"Feature","properties":{"name":"QT Bình An(Phạm Xuân Kiên)","group":"health","kind":"pharmacy","osmId":"n6149295602"},"geometry":{"type":"Point","coordinates":[108.338534,12.949632]}},{"type":"Feature","properties":{"name":"QT Vương Long","group":"health","kind":"pharmacy","osmId":"n6149295603"},"geometry":{"type":"Point","coordinates":[108.345189,12.976105]}},{"type":"Feature","properties":{"name":"QT Thiên Lý","group":"health","kind":"pharmacy","osmId":"n6149305692"},"geometry":{"type":"Point","coordinates":[108.343803,12.946485]}},{"type":"Feature","properties":{"name":"QT Trần Thị Hà 06","group":"health","kind":"pharmacy","osmId":"n6149305693"},"geometry":{"type":"Point","coordinates":[108.34297,12.948987]}},{"type":"Feature","properties":{"name":"QT Trọng Hồng","group":"health","kind":"pharmacy","osmId":"n6149305696"},"geometry":{"type":"Point","coordinates":[108.302053,12.951834]}},{"type":"Feature","properties":{"name":"Chị Huệ TPKD BV Krong Năng","group":"health","kind":"pharmacy","osmId":"n6149305698"},"geometry":{"type":"Point","coordinates":[108.343017,12.953043]}},{"type":"Feature","properties":{"name":"QT Đậu Thị Thuỷ Chung","group":"health","kind":"pharmacy","osmId":"n6149305699"},"geometry":{"type":"Point","coordinates":[108.34115,12.951659]}},{"type":"Feature","properties":{"name":"QT số02 ( Hồ Thụy) đăk 118 Nguyễn Tất Thành","group":"health","kind":"pharmacy","osmId":"n7424805685"},"geometry":{"type":"Point","coordinates":[108.337819,12.951692]}},{"type":"Feature","properties":{"name":"QT Phú Thành( Phạm Trung Thành) chợ Phú Xuân","group":"health","kind":"pharmacy","osmId":"n7428462886"},"geometry":{"type":"Point","coordinates":[108.3758,12.918593]}},{"type":"Feature","properties":{"name":"QT 13 ( Huỳnh Thị Thanh Thuỷ )","group":"health","kind":"pharmacy","osmId":"n7428463085"},"geometry":{"type":"Point","coordinates":[108.345724,12.977181]}},{"type":"Feature","properties":{"name":"QT Hồng Ân ( Võ Thị Lệ )","group":"health","kind":"pharmacy","osmId":"n7428463086"},"geometry":{"type":"Point","coordinates":[108.347578,12.94474]}},{"type":"Feature","properties":{"name":"QT Thái Bình ( Phạm Văn Linh ) thôn trung hồ","group":"health","kind":"pharmacy","osmId":"n7436635787"},"geometry":{"type":"Point","coordinates":[108.302497,12.951867]}},{"type":"Feature","properties":{"name":"QT số 8 ( Nguyễn Thị Phương Thảo ) thôn Tân Lộc, Ea Tóh","group":"health","kind":"pharmacy","osmId":"n7436640385"},"geometry":{"type":"Point","coordinates":[108.31363,13.009041]}},{"type":"Feature","properties":{"name":"QT Phương Đông ( Phạm Thị Hoàng Sao ) 55 hùng vương","group":"health","kind":"pharmacy","osmId":"n7819536086"},"geometry":{"type":"Point","coordinates":[108.34347,12.953062]}},{"type":"Feature","properties":{"name":"QT sơn Hà ( Trần Sơn Hà ) Phú Lộc","group":"health","kind":"pharmacy","osmId":"n7819545886"},"geometry":{"type":"Point","coordinates":[108.345562,12.977241]}},{"type":"Feature","properties":{"name":"Điện Máy Khánh Hợp (new)","group":"commerce","kind":"electronics","osmId":"n9100127553"},"geometry":{"type":"Point","coordinates":[108.34468,12.952215]}},{"type":"Feature","properties":{"name":"Giang Thọ","group":"place","kind":"village","osmId":"n12558633462"},"geometry":{"type":"Point","coordinates":[108.399663,12.935644]}},{"type":"Feature","properties":{"name":"Giang Phú","group":"place","kind":"village","osmId":"n12558633465"},"geometry":{"type":"Point","coordinates":[108.393619,12.987023]}},{"type":"Feature","properties":{"name":"Giang Phong","group":"place","kind":"village","osmId":"n12558633466"},"geometry":{"type":"Point","coordinates":[108.398356,12.97966]}},{"type":"Feature","properties":{"name":"Giang Hoà","group":"place","kind":"village","osmId":"n12558633470"},"geometry":{"type":"Point","coordinates":[108.401165,12.976136]}},{"type":"Feature","properties":{"name":"Giang Bình","group":"place","kind":"village","osmId":"n12558633471"},"geometry":{"type":"Point","coordinates":[108.39606,12.983086]}},{"type":"Feature","properties":{"name":"Xuân Vĩnh","group":"place","kind":"village","osmId":"n12558633472"},"geometry":{"type":"Point","coordinates":[108.341941,12.93066]}},{"type":"Feature","properties":{"name":"Xuân Thành","group":"place","kind":"village","osmId":"n12558633476"},"geometry":{"type":"Point","coordinates":[108.375489,12.920965]}},{"type":"Feature","properties":{"name":"Xuân Phú","group":"place","kind":"village","osmId":"n12558633479"},"geometry":{"type":"Point","coordinates":[108.3847,12.917763]}},{"type":"Feature","properties":{"name":"Xuân Hoà","group":"place","kind":"village","osmId":"n12558633484"},"geometry":{"type":"Point","coordinates":[108.376131,12.91855]}},{"type":"Feature","properties":{"name":"Lộc Yên","group":"place","kind":"village","osmId":"n12558633500"},"geometry":{"type":"Point","coordinates":[108.332556,13.012667]}},{"type":"Feature","properties":{"name":"Lộc Phú","group":"place","kind":"village","osmId":"n12558663001"},"geometry":{"type":"Point","coordinates":[108.341368,13.009895]}},{"type":"Feature","properties":{"name":"Lộc Tiến","group":"place","kind":"village","osmId":"n12558663002"},"geometry":{"type":"Point","coordinates":[108.352506,12.974624]}},{"type":"Feature","properties":{"name":"Lộc Thuận","group":"place","kind":"village","osmId":"n12558663003"},"geometry":{"type":"Point","coordinates":[108.339921,12.996343]}},{"type":"Feature","properties":{"name":"Lộc Thịnh","group":"place","kind":"village","osmId":"n12558663004"},"geometry":{"type":"Point","coordinates":[108.352337,12.970306]}},{"type":"Feature","properties":{"name":"Lộc Thiện","group":"place","kind":"village","osmId":"n12558663005"},"geometry":{"type":"Point","coordinates":[108.348916,12.976091]}},{"type":"Feature","properties":{"name":"Lộc Thạnh","group":"place","kind":"village","osmId":"n12558663006"},"geometry":{"type":"Point","coordinates":[108.348263,12.964338]}},{"type":"Feature","properties":{"name":"Lộc Thái","group":"place","kind":"village","osmId":"n12558663007"},"geometry":{"type":"Point","coordinates":[108.369975,13.015492]}},{"type":"Feature","properties":{"name":"Lộc Tân","group":"place","kind":"village","osmId":"n12558663008"},"geometry":{"type":"Point","coordinates":[108.345354,12.975297]}},{"type":"Feature","properties":{"name":"Lộc Tài","group":"place","kind":"village","osmId":"n12558663009"},"geometry":{"type":"Point","coordinates":[108.342926,12.979652]}},{"type":"Feature","properties":{"name":"Lộc Phước","group":"place","kind":"village","osmId":"n12558663010"},"geometry":{"type":"Point","coordinates":[108.355075,12.963662]}},{"type":"Feature","properties":{"name":"Lộc Thành","group":"place","kind":"village","osmId":"n12558663011"},"geometry":{"type":"Point","coordinates":[108.329934,12.985915]}},{"type":"Feature","properties":{"name":"Lộc Dũng","group":"place","kind":"village","osmId":"n12558663012"},"geometry":{"type":"Point","coordinates":[108.353654,13.004471]}},{"type":"Feature","properties":{"name":"Lộc Bằng","group":"place","kind":"village","osmId":"n12558663013"},"geometry":{"type":"Point","coordinates":[108.353606,13.020288]}},{"type":"Feature","properties":{"name":"Lộc An","group":"place","kind":"village","osmId":"n12558663014"},"geometry":{"type":"Point","coordinates":[108.355962,12.978711]}},{"type":"Feature","properties":{"name":"Tân Nam","group":"place","kind":"village","osmId":"n12558663021"},"geometry":{"type":"Point","coordinates":[108.325578,13.025883]}},{"type":"Feature","properties":{"name":"Tân Mỹ","group":"place","kind":"village","osmId":"n12558663022"},"geometry":{"type":"Point","coordinates":[108.328489,12.998042]}},{"type":"Feature","properties":{"name":"Tân Lộc","group":"place","kind":"village","osmId":"n12558663023"},"geometry":{"type":"Point","coordinates":[108.318833,12.999482]}},{"type":"Feature","properties":{"name":"Tân Hiệp","group":"place","kind":"village","osmId":"n12558663026"},"geometry":{"type":"Point","coordinates":[108.314781,13.017438]}},{"type":"Feature","properties":{"name":"Tam Hoà","group":"place","kind":"village","osmId":"n12558663058"},"geometry":{"type":"Point","coordinates":[108.400174,13.008273]}},{"type":"Feature","properties":{"name":"Trung Hồ","group":"place","kind":"village","osmId":"n12558663073"},"geometry":{"type":"Point","coordinates":[108.306175,12.951996]}},{"type":"Feature","properties":{"name":"Quảng An","group":"place","kind":"village","osmId":"n12558663074"},"geometry":{"type":"Point","coordinates":[108.304636,13.006839]}},{"type":"Feature","properties":{"name":"Hồ Tiếng","group":"place","kind":"village","osmId":"n12558663075"},"geometry":{"type":"Point","coordinates":[108.320435,12.955523]}},{"type":"Feature","properties":{"name":"Hoà Bình","group":"place","kind":"village","osmId":"n12558663076"},"geometry":{"type":"Point","coordinates":[108.315619,12.983319]}},{"type":"Feature","properties":{"name":"Wik","group":"place","kind":"village","osmId":"n12558663077"},"geometry":{"type":"Point","coordinates":[108.307101,12.968671]}},{"type":"Feature","properties":{"name":"M'Rưm","group":"place","kind":"village","osmId":"n12558663080"},"geometry":{"type":"Point","coordinates":[108.302581,12.949711]}},{"type":"Feature","properties":{"name":"M'Ngoan","group":"place","kind":"village","osmId":"n12558663081"},"geometry":{"type":"Point","coordinates":[108.320603,12.946962]}},{"type":"Feature","properties":{"name":"A Lê","group":"place","kind":"village","osmId":"n12558663084"},"geometry":{"type":"Point","coordinates":[108.313978,12.947432]}},{"type":"Feature","properties":{"name":"Ea Đốk","group":"place","kind":"village","osmId":"n12558663107"},"geometry":{"type":"Point","coordinates":[108.364867,13.027446]}},{"type":"Feature","properties":{"name":"Tổ dân phố 1","group":"place","kind":"suburb","osmId":"n12558663128"},"geometry":{"type":"Point","coordinates":[108.335873,12.952161]}},{"type":"Feature","properties":{"name":"Tổ dân phố 7","group":"place","kind":"suburb","osmId":"n12558663130"},"geometry":{"type":"Point","coordinates":[108.354761,12.933133]}},{"type":"Feature","properties":{"name":"Tổ dân phố 5","group":"place","kind":"suburb","osmId":"n12558663131"},"geometry":{"type":"Point","coordinates":[108.344169,12.946596]}},{"type":"Feature","properties":{"name":"Tổ dân phố 4","group":"place","kind":"suburb","osmId":"n12558663132"},"geometry":{"type":"Point","coordinates":[108.347726,12.954386]}},{"type":"Feature","properties":{"name":"Tổ dân phố 2","group":"place","kind":"suburb","osmId":"n12558663133"},"geometry":{"type":"Point","coordinates":[108.341895,12.953162]}},{"type":"Feature","properties":{"name":"Tổ dân phố 3","group":"place","kind":"suburb","osmId":"n12558663134"},"geometry":{"type":"Point","coordinates":[108.341391,12.950397]}},{"type":"Feature","properties":{"name":"Bình Minh","group":"place","kind":"village","osmId":"n12558663135"},"geometry":{"type":"Point","coordinates":[108.392701,12.926247]}},{"type":"Feature","properties":{"name":"Wiao B","group":"place","kind":"village","osmId":"n12558663136"},"geometry":{"type":"Point","coordinates":[108.347307,12.944318]}},{"type":"Feature","properties":{"name":"Wiao A","group":"place","kind":"village","osmId":"n12558663137"},"geometry":{"type":"Point","coordinates":[108.351731,12.945542]}},{"type":"Feature","properties":{"name":"Ur","group":"place","kind":"village","osmId":"n12558663138"},"geometry":{"type":"Point","coordinates":[108.354488,12.938824]}},{"type":"Feature","properties":{"name":"Liểu","group":"commerce","kind":"furniture","osmId":"n5493912822"},"geometry":{"type":"Point","coordinates":[108.332467,13.038905]}},{"type":"Feature","properties":{"name":"Liểu skype","group":"commerce","kind":"furniture","osmId":"n5493932021"},"geometry":{"type":"Point","coordinates":[108.36826,13.046915]}},{"type":"Feature","properties":{"name":"Htx thanh niên eatan","group":"health","kind":"pharmacy","osmId":"n5694382422"},"geometry":{"type":"Point","coordinates":[108.3281,13.110029]}},{"type":"Feature","properties":{"name":"QT Hoàng Tú","group":"health","kind":"pharmacy","osmId":"n6149289792"},"geometry":{"type":"Point","coordinates":[108.330331,13.117743]}},{"type":"Feature","properties":{"name":"QT Thu Huyền","group":"health","kind":"pharmacy","osmId":"n6149289793"},"geometry":{"type":"Point","coordinates":[108.39667,13.120193]}},{"type":"Feature","properties":{"name":"QT Hưng","group":"health","kind":"pharmacy","osmId":"n6149295604"},"geometry":{"type":"Point","coordinates":[108.324081,13.034391]}},{"type":"Feature","properties":{"name":"QT Huế Tựu","group":"health","kind":"pharmacy","osmId":"n6149295605"},"geometry":{"type":"Point","coordinates":[108.32769,13.035814]}},{"type":"Feature","properties":{"name":"QT Thu Trâm","group":"health","kind":"pharmacy","osmId":"n6149295606"},"geometry":{"type":"Point","coordinates":[108.330581,13.117446]}},{"type":"Feature","properties":{"name":"QT Y Thim MLO","group":"health","kind":"pharmacy","osmId":"n6149295607"},"geometry":{"type":"Point","coordinates":[108.357927,13.060427]}},{"type":"Feature","properties":{"name":"QT Thuỷ Hiền","group":"health","kind":"pharmacy","osmId":"n6149305694"},"geometry":{"type":"Point","coordinates":[108.357989,13.061383]}},{"type":"Feature","properties":{"name":"QT Lộc Hương","group":"health","kind":"pharmacy","osmId":"n6149305695"},"geometry":{"type":"Point","coordinates":[108.357958,13.06009]}},{"type":"Feature","properties":{"name":"QT Phan Thị Phượng","group":"health","kind":"pharmacy","osmId":"n6149307691"},"geometry":{"type":"Point","coordinates":[108.325272,13.03464]}},{"type":"Feature","properties":{"name":"QT Mỹ Trang","group":"health","kind":"pharmacy","osmId":"n6149307692"},"geometry":{"type":"Point","coordinates":[108.357698,13.060861]}},{"type":"Feature","properties":{"name":"QT Số 09 ( Hoàng Văn Dũng ) thôn Giang Minh, Eapuk","group":"health","kind":"pharmacy","osmId":"n7424805686"},"geometry":{"type":"Point","coordinates":[108.425841,12.987439]}},{"type":"Feature","properties":{"name":"QT Anh Khoa ( Lê Thị Nga ) dlieya","group":"health","kind":"pharmacy","osmId":"n7424805687"},"geometry":{"type":"Point","coordinates":[108.365334,13.062977]}},{"type":"Feature","properties":{"name":"QT Hoàng Quyên ( Hoàng Thị Quyên ) Thôn Tam Phong, Ea Tam","group":"health","kind":"pharmacy","osmId":"n7424805886"},"geometry":{"type":"Point","coordinates":[108.419004,13.012892]}},{"type":"Feature","properties":{"name":"QT Hiền Trang ( Phan Thanh Hiền ) Giang Minh, Eapuk","group":"health","kind":"pharmacy","osmId":"n7424805985"},"geometry":{"type":"Point","coordinates":[108.423958,12.98867]}},{"type":"Feature","properties":{"name":"QT Thủ Thuỳ ( Giang Thu Thuỳ ) Tam Thịnh, Ea Tam","group":"health","kind":"pharmacy","osmId":"n7424806085"},"geometry":{"type":"Point","coordinates":[108.416627,13.004404]}},{"type":"Feature","properties":{"name":"QT Số 04 ( Đỗ Thị Hương Thảo ) Thôn Tam Lập , Ea Tam","group":"health","kind":"pharmacy","osmId":"n7424806086"},"geometry":{"type":"Point","coordinates":[108.42249,13.017786]}},{"type":"Feature","properties":{"name":"UBND Xã Ea Tam","group":"civic","kind":"community_centre","osmId":"n7424806087"},"geometry":{"type":"Point","coordinates":[108.422703,13.018243]}},{"type":"Feature","properties":{"name":"QT Hoa Hồng ( Lê Thị Hồng )Ngã Tư Ea Tóh","group":"health","kind":"pharmacy","osmId":"n7424806185"},"geometry":{"type":"Point","coordinates":[108.333033,13.041719]}},{"type":"Feature","properties":{"name":"QT Hải Yến ( Huỳnh Thị Kiều ) Ea Tân","group":"health","kind":"pharmacy","osmId":"n7424806385"},"geometry":{"type":"Point","coordinates":[108.329886,13.115453]}},{"type":"Feature","properties":{"name":"QT Ngọc Như ( Huỳnh Văn Ngọc ) Tân Quảng , Ea Tóh","group":"health","kind":"pharmacy","osmId":"n7428462885"},"geometry":{"type":"Point","coordinates":[108.327022,13.034942]}},{"type":"Feature","properties":{"name":"QT Ngọc Hoa","group":"health","kind":"pharmacy","osmId":"n7428462985"},"geometry":{"type":"Point","coordinates":[108.324358,13.034392]}},{"type":"Feature","properties":{"name":"QT Kim Hưng ( Thôn Bắc Trung ,Ea Tân )","group":"health","kind":"pharmacy","osmId":"n7436635786"},"geometry":{"type":"Point","coordinates":[108.351368,13.12438]}},{"type":"Feature","properties":{"name":"QT Tiên Dung ( Phan Tiên Dung ) Ea bi, dlieya","group":"health","kind":"pharmacy","osmId":"n7819546286"},"geometry":{"type":"Point","coordinates":[108.396042,13.118664]}},{"type":"Feature","properties":{"name":"QT Kim Hưng ( Nguyễn Thị Kim Hưng ) Thôn Bắc Trung,Xã Ea Tân","group":"health","kind":"pharmacy","osmId":"n7975907985"},"geometry":{"type":"Point","coordinates":[108.353594,13.123654]}},{"type":"Feature","properties":{"name":"QT Thu Hương ( Nguyễn Thanh Tâm ) thôn trung hoà,xã Dlieya 0500/01637","group":"health","kind":"pharmacy","osmId":"n9651008617"},"geometry":{"type":"Point","coordinates":[108.357548,13.058263]}},{"type":"Feature","properties":{"name":"QT Biện Hoa","group":"health","kind":"pharmacy","osmId":"n11548839369"},"geometry":{"type":"Point","coordinates":[108.397053,13.120735]}},{"type":"Feature","properties":{"name":"Tân Yên","group":"place","kind":"village","osmId":"n12558663015"},"geometry":{"type":"Point","coordinates":[108.31756,13.056377]}},{"type":"Feature","properties":{"name":"Tân Trung B","group":"place","kind":"village","osmId":"n12558663016"},"geometry":{"type":"Point","coordinates":[108.329637,13.029574]}},{"type":"Feature","properties":{"name":"Tân Trung A","group":"place","kind":"village","osmId":"n12558663017"},"geometry":{"type":"Point","coordinates":[108.337267,13.039418]}},{"type":"Feature","properties":{"name":"Tân Thành","group":"place","kind":"village","osmId":"n12558663018"},"geometry":{"type":"Point","coordinates":[108.330086,13.043263]}},{"type":"Feature","properties":{"name":"Tân Quảng","group":"place","kind":"village","osmId":"n12558663019"},"geometry":{"type":"Point","coordinates":[108.321873,13.047479]}},{"type":"Feature","properties":{"name":"Tân Phú","group":"place","kind":"village","osmId":"n12558663020"},"geometry":{"type":"Point","coordinates":[108.318401,13.029666]}},{"type":"Feature","properties":{"name":"Tân Kỳ","group":"place","kind":"village","osmId":"n12558663024"},"geometry":{"type":"Point","coordinates":[108.312674,13.043029]}},{"type":"Feature","properties":{"name":"Tân Hợp","group":"place","kind":"village","osmId":"n12558663025"},"geometry":{"type":"Point","coordinates":[108.328662,13.037737]}},{"type":"Feature","properties":{"name":"Tân Hà","group":"place","kind":"village","osmId":"n12558663027"},"geometry":{"type":"Point","coordinates":[108.323271,13.033934]}},{"type":"Feature","properties":{"name":"Tân Châu","group":"place","kind":"village","osmId":"n12558663028"},"geometry":{"type":"Point","coordinates":[108.30323,13.041918]}},{"type":"Feature","properties":{"name":"Tân Bằng","group":"place","kind":"village","osmId":"n12558663029"},"geometry":{"type":"Point","coordinates":[108.343786,13.034791]}},{"type":"Feature","properties":{"name":"Kai","group":"place","kind":"village","osmId":"n12558663032"},"geometry":{"type":"Point","coordinates":[108.306158,13.051843]}},{"type":"Feature","properties":{"name":"Thống Nhất","group":"place","kind":"village","osmId":"n12558663034"},"geometry":{"type":"Point","coordinates":[108.331123,13.099733]}},{"type":"Feature","properties":{"name":"Thanh Cao","group":"place","kind":"village","osmId":"n12558663035"},"geometry":{"type":"Point","coordinates":[108.320856,13.084929]}},{"type":"Feature","properties":{"name":"Quyết Tâm","group":"place","kind":"village","osmId":"n12558663036"},"geometry":{"type":"Point","coordinates":[108.328777,13.111649]}},{"type":"Feature","properties":{"name":"Quang Trung","group":"place","kind":"village","osmId":"n12558663037"},"geometry":{"type":"Point","coordinates":[108.304896,13.114941]}},{"type":"Feature","properties":{"name":"Hải Hà","group":"place","kind":"village","osmId":"n12558663039"},"geometry":{"type":"Point","coordinates":[108.329716,13.116356]}},{"type":"Feature","properties":{"name":"Ea Đinh","group":"place","kind":"village","osmId":"n12558663041"},"geometry":{"type":"Point","coordinates":[108.309653,13.103625]}},{"type":"Feature","properties":{"name":"Ea Chiêu","group":"place","kind":"village","osmId":"n12558663043"},"geometry":{"type":"Point","coordinates":[108.310258,13.079786]}},{"type":"Feature","properties":{"name":"Ea Chăm","group":"place","kind":"village","osmId":"n12558663044"},"geometry":{"type":"Point","coordinates":[108.314665,13.093203]}},{"type":"Feature","properties":{"name":"Ea Blông","group":"place","kind":"village","osmId":"n12558663045"},"geometry":{"type":"Point","coordinates":[108.350716,13.106755]}},{"type":"Feature","properties":{"name":"Đoàn Kết","group":"place","kind":"village","osmId":"n12558663046"},"geometry":{"type":"Point","coordinates":[108.327151,13.122798]}},{"type":"Feature","properties":{"name":"Buôn Đét","group":"place","kind":"village","osmId":"n12558663047"},"geometry":{"type":"Point","coordinates":[108.361924,13.1159]}},{"type":"Feature","properties":{"name":"Tam Trung","group":"place","kind":"village","osmId":"n12558663049"},"geometry":{"type":"Point","coordinates":[108.395935,13.046067]}},{"type":"Feature","properties":{"name":"Tam Thuỷ","group":"place","kind":"village","osmId":"n12558663050"},"geometry":{"type":"Point","coordinates":[108.40567,13.014757]}},{"type":"Feature","properties":{"name":"Tam Thịnh","group":"place","kind":"village","osmId":"n12558663051"},"geometry":{"type":"Point","coordinates":[108.414377,13.008784]}},{"type":"Feature","properties":{"name":"Tam Thành","group":"place","kind":"village","osmId":"n12558663052"},"geometry":{"type":"Point","coordinates":[108.397551,13.035279]}},{"type":"Feature","properties":{"name":"Tam Phương","group":"place","kind":"village","osmId":"n12558663053"},"geometry":{"type":"Point","coordinates":[108.380993,13.031684]}},{"type":"Feature","properties":{"name":"Tam Phong","group":"place","kind":"village","osmId":"n12558663054"},"geometry":{"type":"Point","coordinates":[108.418265,13.011044]}},{"type":"Feature","properties":{"name":"Tam Lực","group":"place","kind":"village","osmId":"n12558663055"},"geometry":{"type":"Point","coordinates":[108.406884,13.043709]}},{"type":"Feature","properties":{"name":"Tam Liên","group":"place","kind":"village","osmId":"n12558663056"},"geometry":{"type":"Point","coordinates":[108.411612,13.021592]}},{"type":"Feature","properties":{"name":"Tam Lập","group":"place","kind":"village","osmId":"n12558663057"},"geometry":{"type":"Point","coordinates":[108.42397,13.020081]}},{"type":"Feature","properties":{"name":"Tam Hiệp","group":"place","kind":"village","osmId":"n12558663059"},"geometry":{"type":"Point","coordinates":[108.430931,13.023066]}},{"type":"Feature","properties":{"name":"Tam Đồng","group":"place","kind":"village","osmId":"n12558663060"},"geometry":{"type":"Point","coordinates":[108.38464,13.04588]}},{"type":"Feature","properties":{"name":"Tam An","group":"place","kind":"village","osmId":"n12558663063"},"geometry":{"type":"Point","coordinates":[108.431309,13.007009]}},{"type":"Feature","properties":{"name":"Trắp","group":"place","kind":"village","osmId":"n12558663064"},"geometry":{"type":"Point","coordinates":[108.434613,13.033853]}},{"type":"Feature","properties":{"name":"Giang Minh","group":"place","kind":"village","osmId":"n12558663069"},"geometry":{"type":"Point","coordinates":[108.423442,12.989088]}},{"type":"Feature","properties":{"name":"Giang Đại","group":"place","kind":"village","osmId":"n12558663071"},"geometry":{"type":"Point","coordinates":[108.432115,12.998031]}},{"type":"Feature","properties":{"name":"Trung Hoà","group":"place","kind":"village","osmId":"n12558663097"},"geometry":{"type":"Point","coordinates":[108.358024,13.060075]}},{"type":"Feature","properties":{"name":"Tân Tiến","group":"place","kind":"village","osmId":"n12558663098"},"geometry":{"type":"Point","coordinates":[108.356432,13.100339]}},{"type":"Feature","properties":{"name":"Tân Hiệp","group":"place","kind":"village","osmId":"n12558663100"},"geometry":{"type":"Point","coordinates":[108.378581,13.059643]}},{"type":"Feature","properties":{"name":"Ea Sim","group":"place","kind":"village","osmId":"n12558663101"},"geometry":{"type":"Point","coordinates":[108.376123,13.077829]}},{"type":"Feature","properties":{"name":"Ea Ruế","group":"place","kind":"village","osmId":"n12558663102"},"geometry":{"type":"Point","coordinates":[108.343222,13.045245]}},{"type":"Feature","properties":{"name":"Ea Lê","group":"place","kind":"village","osmId":"n12558663104"},"geometry":{"type":"Point","coordinates":[108.393743,13.073198]}},{"type":"Feature","properties":{"name":"Ea Krái","group":"place","kind":"village","osmId":"n12558663105"},"geometry":{"type":"Point","coordinates":[108.356858,13.039401]}},{"type":"Feature","properties":{"name":"Ea Kanh","group":"place","kind":"village","osmId":"n12558663106"},"geometry":{"type":"Point","coordinates":[108.34476,13.052692]}},{"type":"Feature","properties":{"name":"Ea Bi","group":"place","kind":"village","osmId":"n12558663108"},"geometry":{"type":"Point","coordinates":[108.396831,13.120282]}},{"type":"Feature","properties":{"name":"Đồng Tiến","group":"place","kind":"village","osmId":"n12558663109"},"geometry":{"type":"Point","coordinates":[108.3866,13.118911]}},{"type":"Feature","properties":{"name":"Bình An","group":"place","kind":"village","osmId":"n12558663110"},"geometry":{"type":"Point","coordinates":[108.354633,13.074223]}},{"type":"Feature","properties":{"name":"Ksơr","group":"place","kind":"village","osmId":"n12558663111"},"geometry":{"type":"Point","coordinates":[108.361347,13.05847]}},{"type":"Feature","properties":{"name":"Kmang","group":"place","kind":"village","osmId":"n12558663112"},"geometry":{"type":"Point","coordinates":[108.357528,13.06435]}},{"type":"Feature","properties":{"name":"Jun","group":"place","kind":"village","osmId":"n12558663113"},"geometry":{"type":"Point","coordinates":[108.355337,13.061972]}},{"type":"Feature","properties":{"name":"Yuk","group":"place","kind":"village","osmId":"n12558663114"},"geometry":{"type":"Point","coordinates":[108.362341,13.056751]}},{"type":"Feature","properties":{"name":"Yok","group":"place","kind":"village","osmId":"n12558663115"},"geometry":{"type":"Point","coordinates":[108.353958,13.064096]}},{"type":"Feature","properties":{"name":"Tléh","group":"place","kind":"village","osmId":"n12558663116"},"geometry":{"type":"Point","coordinates":[108.410815,13.09792]}},{"type":"Feature","properties":{"name":"Ea Dua","group":"place","kind":"village","osmId":"n12558663117"},"geometry":{"type":"Point","coordinates":[108.35968,13.05558]}},{"type":"Feature","properties":{"name":"Dliê Ya B","group":"place","kind":"village","osmId":"n12558663118"},"geometry":{"type":"Point","coordinates":[108.367375,13.065837]}},{"type":"Feature","properties":{"name":"Tam Thuận","group":"place","kind":"village","osmId":"n12558663120"},"geometry":{"type":"Point","coordinates":[108.421994,13.078506]}},{"type":"Feature","properties":{"name":"Tam Khánh","group":"place","kind":"village","osmId":"n12558663121"},"geometry":{"type":"Point","coordinates":[108.435148,13.075559]}},{"type":"Feature","properties":{"name":"Tam Bình","group":"place","kind":"village","osmId":"n12558663124"},"geometry":{"type":"Point","coordinates":[108.428616,13.068008]}},{"type":"Feature","properties":{"name":"Ea Bir","group":"place","kind":"village","osmId":"n12558663126"},"geometry":{"type":"Point","coordinates":[108.421429,13.104908]}},{"type":"Feature","properties":{"name":"Cửa hàng Vật Tư Nông Nghiệp Thành Đồng","group":"commerce","kind":"fertilizer_supplier","osmId":"n12730571271"},"geometry":{"type":"Point","coordinates":[108.320356,13.032285]}},{"type":"Feature","properties":{"name":"Trường Trung học Cơ sở Hà Huy Tập","group":"school","kind":"school","osmId":"w1356459223"},"geometry":{"type":"Point","coordinates":[108.312714,13.060746]}},{"type":"Feature","properties":{"name":"QT Hiền Vân ( Trần Thị Hiền Vân ) thôn Giang Hưng, Tam Giang","group":"health","kind":"pharmacy","osmId":"n7424805885"},"geometry":{"type":"Point","coordinates":[108.416395,12.961856]}},{"type":"Feature","properties":{"name":"QT Mỹ Thu ( Hồ Thị Thu ) thôn Giang Sơn, Ea Puk","group":"health","kind":"pharmacy","osmId":"n7432438186"},"geometry":{"type":"Point","coordinates":[108.42736,12.98488]}},{"type":"Feature","properties":{"name":"QT Lê Năm ( Lê Năm ) thôn Giang Thịnh, xã Tam Giang","group":"health","kind":"pharmacy","osmId":"n7976300385"},"geometry":{"type":"Point","coordinates":[108.416659,12.962426]}},{"type":"Feature","properties":{"name":"Giang Thịnh","group":"place","kind":"village","osmId":"n12558633463"},"geometry":{"type":"Point","coordinates":[108.416128,12.964636]}},{"type":"Feature","properties":{"name":"Phước Lộc","group":"place","kind":"village","osmId":"n12558633464"},"geometry":{"type":"Point","coordinates":[108.418309,12.960386]}},{"type":"Feature","properties":{"name":"Trung Nghĩa","group":"place","kind":"village","osmId":"n12558633467"},"geometry":{"type":"Point","coordinates":[108.426379,12.960074]}},{"type":"Feature","properties":{"name":"Giang Mỹ","group":"place","kind":"village","osmId":"n12558633468"},"geometry":{"type":"Point","coordinates":[108.408557,12.967063]}},{"type":"Feature","properties":{"name":"Giang Hưng","group":"place","kind":"village","osmId":"n12558633469"},"geometry":{"type":"Point","coordinates":[108.419595,12.962856]}},{"type":"Feature","properties":{"name":"Tam Điền","group":"place","kind":"village","osmId":"n12558663061"},"geometry":{"type":"Point","coordinates":[108.442131,13.032543]}},{"type":"Feature","properties":{"name":"Tam Đa","group":"place","kind":"village","osmId":"n12558663062"},"geometry":{"type":"Point","coordinates":[108.43896,13.004369]}},{"type":"Feature","properties":{"name":"Giang Tiến","group":"place","kind":"village","osmId":"n12558663065"},"geometry":{"type":"Point","coordinates":[108.448829,12.984008]}},{"type":"Feature","properties":{"name":"Giang Thuỷ","group":"place","kind":"village","osmId":"n12558663066"},"geometry":{"type":"Point","coordinates":[108.424657,12.973123]}},{"type":"Feature","properties":{"name":"Giang Tân","group":"place","kind":"village","osmId":"n12558663067"},"geometry":{"type":"Point","coordinates":[108.435427,12.984013]}},{"type":"Feature","properties":{"name":"Giang Sơn","group":"place","kind":"village","osmId":"n12558663068"},"geometry":{"type":"Point","coordinates":[108.427232,12.979455]}},{"type":"Feature","properties":{"name":"Giang Điền","group":"place","kind":"village","osmId":"n12558663070"},"geometry":{"type":"Point","coordinates":[108.430137,12.969255]}},{"type":"Feature","properties":{"name":"Xuân Hà 3","group":"place","kind":"village","osmId":"n12558663089"},"geometry":{"type":"Point","coordinates":[108.419739,12.929751]}},{"type":"Feature","properties":{"name":"Giang Thành","group":"place","kind":"village","osmId":"n12558663092"},"geometry":{"type":"Point","coordinates":[108.46907,12.928827]}},{"type":"Feature","properties":{"name":"Giang Hà","group":"place","kind":"village","osmId":"n12558663094"},"geometry":{"type":"Point","coordinates":[108.417849,12.936603]}},{"type":"Feature","properties":{"name":"Giang Đông","group":"place","kind":"village","osmId":"n12558663095"},"geometry":{"type":"Point","coordinates":[108.439563,12.935065]}},{"type":"Feature","properties":{"name":"Giang Châu","group":"place","kind":"village","osmId":"n12558663096"},"geometry":{"type":"Point","coordinates":[108.456184,12.939541]}},{"type":"Feature","properties":{"name":"Tam Hợp","group":"place","kind":"village","osmId":"n12558663122"},"geometry":{"type":"Point","coordinates":[108.455191,13.073013]}},{"type":"Feature","properties":{"name":"Tam Hà","group":"place","kind":"village","osmId":"n12558663123"},"geometry":{"type":"Point","coordinates":[108.439526,13.070131]}},{"type":"Feature","properties":{"name":"Ea Ngah","group":"place","kind":"village","osmId":"n12558663125"},"geometry":{"type":"Point","coordinates":[108.443939,13.103496]}},{"type":"Feature","properties":{"name":"Cư Klông","group":"place","kind":"village","osmId":"n12558663127"},"geometry":{"type":"Point","coordinates":[108.463063,13.094362]}},{"type":"Feature","properties":{"name":"QT Thanh Hương","group":"health","kind":"pharmacy","osmId":"n7111776786"},"geometry":{"type":"Point","coordinates":[108.5049,12.850206]}},{"type":"Feature","properties":{"name":"QT Mình Anh ( Đỗ Tiến Sơn ) thôn 12,Phú Xuân","group":"health","kind":"pharmacy","osmId":"n7428463087"},"geometry":{"type":"Point","coordinates":[108.386589,12.876635]}},{"type":"Feature","properties":{"name":"QT Tuệ An ( Nguyễn Thị Hà ) N/T 49 thôn 3, Phú Xuân 0500/00965","group":"health","kind":"pharmacy","osmId":"n9653143417"},"geometry":{"type":"Point","coordinates":[108.385365,12.874037]}},{"type":"Feature","properties":{"name":"Quầy Thuốc Cát Tiên","group":"health","kind":"pharmacy","osmId":"n9873548617"},"geometry":{"type":"Point","coordinates":[108.431763,12.910182]}},{"type":"Feature","properties":{"name":"Cửa hàng Xăng dầu","group":"commerce","kind":"fuel","osmId":"n11676635585"},"geometry":{"type":"Point","coordinates":[108.425651,12.84997]}},{"type":"Feature","properties":{"name":"Cửa hàng Xăng dầu","group":"commerce","kind":"fuel","osmId":"n11676638887"},"geometry":{"type":"Point","coordinates":[108.382815,12.867722]}},{"type":"Feature","properties":{"name":"Trung Hòa","group":"place","kind":"village","osmId":"n12240211293"},"geometry":{"type":"Point","coordinates":[108.472221,12.877463]}},{"type":"Feature","properties":{"name":"Thanh Phong","group":"place","kind":"village","osmId":"n12240211294"},"geometry":{"type":"Point","coordinates":[108.449229,12.883622]}},{"type":"Feature","properties":{"name":"Suối Cát","group":"place","kind":"village","osmId":"n12240211295"},"geometry":{"type":"Point","coordinates":[108.466223,12.869202]}},{"type":"Feature","properties":{"name":"Hạ Điền","group":"place","kind":"village","osmId":"n12240211296"},"geometry":{"type":"Point","coordinates":[108.45616,12.858085]}},{"type":"Feature","properties":{"name":"Hàm Long","group":"place","kind":"village","osmId":"n12240211297"},"geometry":{"type":"Point","coordinates":[108.447378,12.86074]}},{"type":"Feature","properties":{"name":"Thôn 7","group":"place","kind":"village","osmId":"n12240211298"},"geometry":{"type":"Point","coordinates":[108.440953,12.852608]}},{"type":"Feature","properties":{"name":"Thôn 4","group":"place","kind":"village","osmId":"n12240211299"},"geometry":{"type":"Point","coordinates":[108.430051,12.844197]}},{"type":"Feature","properties":{"name":"Thôn 3","group":"place","kind":"village","osmId":"n12240211300"},"geometry":{"type":"Point","coordinates":[108.426689,12.85455]}},{"type":"Feature","properties":{"name":"Thôn 2","group":"place","kind":"village","osmId":"n12240478801"},"geometry":{"type":"Point","coordinates":[108.430998,12.863347]}},{"type":"Feature","properties":{"name":"Thôn 1","group":"place","kind":"village","osmId":"n12240478802"},"geometry":{"type":"Point","coordinates":[108.416087,12.866644]}},{"type":"Feature","properties":{"name":"Thanh Sơn","group":"place","kind":"village","osmId":"n12240478823"},"geometry":{"type":"Point","coordinates":[108.468095,12.907387]}},{"type":"Feature","properties":{"name":"Thanh Bình","group":"place","kind":"village","osmId":"n12240478824"},"geometry":{"type":"Point","coordinates":[108.458155,12.903812]}},{"type":"Feature","properties":{"name":"Xê Đăng","group":"place","kind":"village","osmId":"n12240478825"},"geometry":{"type":"Point","coordinates":[108.487238,12.896914]}},{"type":"Feature","properties":{"name":"Ea Sar","group":"place","kind":"village","osmId":"n12240478826"},"geometry":{"type":"Point","coordinates":[108.500263,12.877067]}},{"type":"Feature","properties":{"name":"Thôn 6","group":"place","kind":"village","osmId":"n12240478830"},"geometry":{"type":"Point","coordinates":[108.497266,12.86569]}},{"type":"Feature","properties":{"name":"Thôn 5","group":"place","kind":"village","osmId":"n12240478831"},"geometry":{"type":"Point","coordinates":[108.516273,12.875466]}},{"type":"Feature","properties":{"name":"Thôn 4","group":"place","kind":"village","osmId":"n12240478832"},"geometry":{"type":"Point","coordinates":[108.50662,12.861317]}},{"type":"Feature","properties":{"name":"Thôn 3","group":"place","kind":"village","osmId":"n12240478833"},"geometry":{"type":"Point","coordinates":[108.504928,12.851094]}},{"type":"Feature","properties":{"name":"Thôn 2","group":"place","kind":"village","osmId":"n12240478834"},"geometry":{"type":"Point","coordinates":[108.508711,12.868005]}},{"type":"Feature","properties":{"name":"Thôn 1","group":"place","kind":"village","osmId":"n12240478835"},"geometry":{"type":"Point","coordinates":[108.507372,12.844184]}},{"type":"Feature","properties":{"name":"Tân Tiến","group":"place","kind":"village","osmId":"n12240478947"},"geometry":{"type":"Point","coordinates":[108.407354,12.858168]}},{"type":"Feature","properties":{"name":"Ea Kung","group":"place","kind":"village","osmId":"n12240478951"},"geometry":{"type":"Point","coordinates":[108.388382,12.856264]}},{"type":"Feature","properties":{"name":"Thôn 9","group":"place","kind":"village","osmId":"n12240478997"},"geometry":{"type":"Point","coordinates":[108.462001,12.844823]}},{"type":"Feature","properties":{"name":"Thôn 8","group":"place","kind":"village","osmId":"n12240478998"},"geometry":{"type":"Point","coordinates":[108.453429,12.84669]}},{"type":"Feature","properties":{"name":"Xuân Trường","group":"place","kind":"village","osmId":"n12558633473"},"geometry":{"type":"Point","coordinates":[108.393608,12.912333]}},{"type":"Feature","properties":{"name":"Xuân Thuỷ","group":"place","kind":"village","osmId":"n12558633474"},"geometry":{"type":"Point","coordinates":[108.391766,12.914906]}},{"type":"Feature","properties":{"name":"Xuân Thái 2","group":"place","kind":"village","osmId":"n12558633477"},"geometry":{"type":"Point","coordinates":[108.414673,12.87977]}},{"type":"Feature","properties":{"name":"Xuân Mỹ","group":"place","kind":"village","osmId":"n12558633481"},"geometry":{"type":"Point","coordinates":[108.384791,12.91412]}},{"type":"Feature","properties":{"name":"Xuân Long","group":"place","kind":"village","osmId":"n12558633483"},"geometry":{"type":"Point","coordinates":[108.388355,12.908371]}},{"type":"Feature","properties":{"name":"Xuân An","group":"place","kind":"village","osmId":"n12558633486"},"geometry":{"type":"Point","coordinates":[108.393492,12.908456]}},{"type":"Feature","properties":{"name":"Thôn 13","group":"place","kind":"village","osmId":"n12558633487"},"geometry":{"type":"Point","coordinates":[108.401825,12.893295]}},{"type":"Feature","properties":{"name":"Thôn 12","group":"place","kind":"village","osmId":"n12558633488"},"geometry":{"type":"Point","coordinates":[108.38761,12.880751]}},{"type":"Feature","properties":{"name":"Thôn 11","group":"place","kind":"village","osmId":"n12558633489"},"geometry":{"type":"Point","coordinates":[108.380173,12.869623]}},{"type":"Feature","properties":{"name":"Thôn 10","group":"place","kind":"village","osmId":"n12558633490"},"geometry":{"type":"Point","coordinates":[108.400068,12.88494]}},{"type":"Feature","properties":{"name":"Thôn 9","group":"place","kind":"village","osmId":"n12558633491"},"geometry":{"type":"Point","coordinates":[108.385732,12.861972]}},{"type":"Feature","properties":{"name":"Thôn 8","group":"place","kind":"village","osmId":"n12558633492"},"geometry":{"type":"Point","coordinates":[108.414346,12.8695]}},{"type":"Feature","properties":{"name":"Thôn 7","group":"place","kind":"village","osmId":"n12558633493"},"geometry":{"type":"Point","coordinates":[108.404634,12.900942]}},{"type":"Feature","properties":{"name":"Thôn 6","group":"place","kind":"village","osmId":"n12558633494"},"geometry":{"type":"Point","coordinates":[108.392846,12.888141]}},{"type":"Feature","properties":{"name":"Thôn 5","group":"place","kind":"village","osmId":"n12558633495"},"geometry":{"type":"Point","coordinates":[108.374715,12.884526]}},{"type":"Feature","properties":{"name":"Thôn 4","group":"place","kind":"village","osmId":"n12558633496"},"geometry":{"type":"Point","coordinates":[108.377386,12.894616]}},{"type":"Feature","properties":{"name":"Thôn 3","group":"place","kind":"village","osmId":"n12558633497"},"geometry":{"type":"Point","coordinates":[108.385142,12.873669]}},{"type":"Feature","properties":{"name":"Thôn 2","group":"place","kind":"village","osmId":"n12558633498"},"geometry":{"type":"Point","coordinates":[108.401488,12.874732]}},{"type":"Feature","properties":{"name":"Thôn 1","group":"place","kind":"village","osmId":"n12558633499"},"geometry":{"type":"Point","coordinates":[108.404966,12.865215]}},{"type":"Feature","properties":{"name":"Thanh Xuân","group":"place","kind":"village","osmId":"n12558663086"},"geometry":{"type":"Point","coordinates":[108.435905,12.89286]}},{"type":"Feature","properties":{"name":"Xuân Lạng 2","group":"place","kind":"village","osmId":"n12558663087"},"geometry":{"type":"Point","coordinates":[108.434722,12.899081]}},{"type":"Feature","properties":{"name":"Xuân Lạng 1","group":"place","kind":"village","osmId":"n12558663088"},"geometry":{"type":"Point","coordinates":[108.431839,12.910335]}},{"type":"Feature","properties":{"name":"Xuân Hà 2","group":"place","kind":"village","osmId":"n12558663090"},"geometry":{"type":"Point","coordinates":[108.427302,12.919199]}},{"type":"Feature","properties":{"name":"Xuân Hà 1","group":"place","kind":"village","osmId":"n12558663091"},"geometry":{"type":"Point","coordinates":[108.409676,12.923421]}},{"type":"Feature","properties":{"name":"Giang Thanh","group":"place","kind":"village","osmId":"n12558663093"},"geometry":{"type":"Point","coordinates":[108.482302,12.913178]}},{"type":"Feature","properties":{"name":"Phước An","group":"place","kind":"town","osmId":"n369501355"},"geometry":{"type":"Point","coordinates":[108.307126,12.709959]}},{"type":"Feature","properties":{"name":"cửa hàng mai bình galaxy","group":"commerce","kind":"furniture","osmId":"n5354758533"},"geometry":{"type":"Point","coordinates":[108.304552,12.710529]}},{"type":"Feature","properties":{"name":"Trưởng Phòng Kinh Doanh BV Krong Păk","group":"health","kind":"pharmacy","osmId":"n6150686289"},"geometry":{"type":"Point","coordinates":[108.29885,12.715789]}},{"type":"Feature","properties":{"name":"QT Hương Trâm ( Lê Thị Hương Trâm)","group":"health","kind":"pharmacy","osmId":"n6150696385"},"geometry":{"type":"Point","coordinates":[108.284917,12.714692]}},{"type":"Feature","properties":{"name":"Chị Vân KTT BV Krong Păk","group":"health","kind":"pharmacy","osmId":"n6150704486"},"geometry":{"type":"Point","coordinates":[108.300598,12.705407]}},{"type":"Feature","properties":{"name":"QT Nguyễn Thị Thu Nguyệt","group":"health","kind":"pharmacy","osmId":"n6150705285"},"geometry":{"type":"Point","coordinates":[108.302025,12.709999]}},{"type":"Feature","properties":{"name":"QT Nguyễn Thị Dung","group":"health","kind":"pharmacy","osmId":"n6150706085"},"geometry":{"type":"Point","coordinates":[108.302222,12.706326]}},{"type":"Feature","properties":{"name":"QT Lê Thị Tố Kha 09","group":"health","kind":"pharmacy","osmId":"n6150714785"},"geometry":{"type":"Point","coordinates":[108.312257,12.709225]}},{"type":"Feature","properties":{"name":"QT Như Quỳnh","group":"health","kind":"pharmacy","osmId":"n6154597585"},"geometry":{"type":"Point","coordinates":[108.29822,12.711245]}},{"type":"Feature","properties":{"name":"BS Hoan","group":"health","kind":"doctors","osmId":"n6154601485"},"geometry":{"type":"Point","coordinates":[108.298755,12.711179]}},{"type":"Feature","properties":{"name":"QT Sơn Tính ( võ hồ thị tính)","group":"health","kind":"pharmacy","osmId":"n6154605685"},"geometry":{"type":"Point","coordinates":[108.302209,12.706955]}},{"type":"Feature","properties":{"name":"QT Diễm My","group":"health","kind":"pharmacy","osmId":"n6154605686"},"geometry":{"type":"Point","coordinates":[108.324164,12.702218]}},{"type":"Feature","properties":{"name":"QT Thanh Thuý","group":"health","kind":"pharmacy","osmId":"n6154611285"},"geometry":{"type":"Point","coordinates":[108.328055,12.699504]}},{"type":"Feature","properties":{"name":"QT Cô Hạnh","group":"health","kind":"pharmacy","osmId":"n6154614585"},"geometry":{"type":"Point","coordinates":[108.335088,12.688968]}},{"type":"Feature","properties":{"name":"QT Kim Bảo ( Nguyễn Bảo Trung)","group":"health","kind":"pharmacy","osmId":"n6154623785"},"geometry":{"type":"Point","coordinates":[108.314365,12.708392]}},{"type":"Feature","properties":{"name":"QT Nguyễn Thị Dung","group":"health","kind":"pharmacy","osmId":"n6154630585"},"geometry":{"type":"Point","coordinates":[108.268259,12.713437]}},{"type":"Feature","properties":{"name":"QT Nguyễn Thị Liên 10","group":"health","kind":"pharmacy","osmId":"n6158348185"},"geometry":{"type":"Point","coordinates":[108.34678,12.721206]}},{"type":"Feature","properties":{"name":"QT 7 ( Trịnh Thị Lời )","group":"health","kind":"pharmacy","osmId":"n7365581787"},"geometry":{"type":"Point","coordinates":[108.290223,12.713445]}},{"type":"Feature","properties":{"name":"QT Vĩnh Phước ( Nguyễn Thị Ánh Ngọc )","group":"health","kind":"pharmacy","osmId":"n7365581788"},"geometry":{"type":"Point","coordinates":[108.303086,12.708379]}},{"type":"Feature","properties":{"name":"QT Kim Bảo ( Nguyễn BẢO Trung)","group":"health","kind":"pharmacy","osmId":"n7365581885"},"geometry":{"type":"Point","coordinates":[108.314167,12.708039]}},{"type":"Feature","properties":{"name":"QT Phước Thịnh ( Đào Thị Mai Trinh ) 3A Ngô Quyền","group":"health","kind":"pharmacy","osmId":"n7689683586"},"geometry":{"type":"Point","coordinates":[108.2953,12.712811]}},{"type":"Feature","properties":{"name":"QT Huy Hoàng ( Trần Thị Sáu ) 16 giải phóng","group":"health","kind":"pharmacy","osmId":"n7689683685"},"geometry":{"type":"Point","coordinates":[108.2895,12.71357]}},{"type":"Feature","properties":{"name":"QT Thanh Thuý ( Huỳnh Thị Thuý ) chợ hoà an","group":"health","kind":"pharmacy","osmId":"n7689683785"},"geometry":{"type":"Point","coordinates":[108.328132,12.699541]}},{"type":"Feature","properties":{"name":"QT Số 32 ( Nguyễn Thị Minh Mai ) xã Tân Tiến","group":"health","kind":"pharmacy","osmId":"n7689683786"},"geometry":{"type":"Point","coordinates":[108.346586,12.660331]}},{"type":"Feature","properties":{"name":"QT Số 08 ( Đặng Thị Hạnh ) hoà tiến","group":"health","kind":"pharmacy","osmId":"n7689683885"},"geometry":{"type":"Point","coordinates":[108.334958,12.688882]}},{"type":"Feature","properties":{"name":"QT Phước An 2 ( Nguyễn Thị Dung ) 143 giải phóng","group":"health","kind":"pharmacy","osmId":"n7689683888"},"geometry":{"type":"Point","coordinates":[108.309681,12.710642]}},{"type":"Feature","properties":{"name":"QT Hoài Sang ( Hồ Thị Hoài ) xã Hoà An","group":"health","kind":"pharmacy","osmId":"n7689683985"},"geometry":{"type":"Point","coordinates":[108.328328,12.700423]}},{"type":"Feature","properties":{"name":"QT Thanh Tuyền ( Nguyễn Thị Thanh Tuyền ) 257 Giải Phóng. Krong Păk","group":"health","kind":"pharmacy","osmId":"n8363816317"},"geometry":{"type":"Point","coordinates":[108.303568,12.710605]}},{"type":"Feature","properties":{"name":"QT Trọng Kiên ( Nguyễn Thị Phúc Hậu ) km 31 Giải Phóng 0500/01603","group":"health","kind":"pharmacy","osmId":"n9179187917"},"geometry":{"type":"Point","coordinates":[108.314333,12.711512]}},{"type":"Feature","properties":{"name":"Cửa hàng Xăng dầu","group":"commerce","kind":"fuel","osmId":"n11684533997"},"geometry":{"type":"Point","coordinates":[108.360331,12.724551]}},{"type":"Feature","properties":{"name":"Cửa hàng Xăng dầu","group":"commerce","kind":"fuel","osmId":"n11684548140"},"geometry":{"type":"Point","coordinates":[108.285028,12.714536]}},{"type":"Feature","properties":{"name":"Cửa hàng Xăng dầu","group":"commerce","kind":"fuel","osmId":"n11684552967"},"geometry":{"type":"Point","coordinates":[108.325818,12.714072]}},{"type":"Feature","properties":{"name":"Cửa hàng Xăng dầu","group":"commerce","kind":"fuel","osmId":"n11684560784"},"geometry":{"type":"Point","coordinates":[108.263637,12.715103]}},{"type":"Feature","properties":{"name":"Cửa hàng Xăng dầu","group":"commerce","kind":"fuel","osmId":"n11684561683"},"geometry":{"type":"Point","coordinates":[108.337547,12.715189]}},{"type":"Feature","properties":{"name":"Cửa hàng Xăng dầu","group":"commerce","kind":"fuel","osmId":"n11684562436"},"geometry":{"type":"Point","coordinates":[108.344722,12.720954]}},{"type":"Feature","properties":{"name":"Cửa hàng Xăng dầu","group":"commerce","kind":"fuel","osmId":"n11684567209"},"geometry":{"type":"Point","coordinates":[108.360864,12.724838]}},{"type":"Feature","properties":{"name":"Kplang","group":"place","kind":"village","osmId":"n12179797429"},"geometry":{"type":"Point","coordinates":[108.350221,12.652458]}},{"type":"Feature","properties":{"name":"Kniêr","group":"place","kind":"village","osmId":"n12179797430"},"geometry":{"type":"Point","coordinates":[108.351019,12.660308]}},{"type":"Feature","properties":{"name":"Ea Đrai A","group":"place","kind":"village","osmId":"n12179801747"},"geometry":{"type":"Point","coordinates":[108.322698,12.650447]}},{"type":"Feature","properties":{"name":"Ea Đrai","group":"place","kind":"village","osmId":"n12179801748"},"geometry":{"type":"Point","coordinates":[108.299171,12.640899]}},{"type":"Feature","properties":{"name":"Thôn 5","group":"place","kind":"village","osmId":"n12179801750"},"geometry":{"type":"Point","coordinates":[108.342659,12.641662]}},{"type":"Feature","properties":{"name":"Thôn 4A","group":"place","kind":"village","osmId":"n12179801751"},"geometry":{"type":"Point","coordinates":[108.341299,12.648386]}},{"type":"Feature","properties":{"name":"Thôn 4","group":"place","kind":"village","osmId":"n12179801752"},"geometry":{"type":"Point","coordinates":[108.34311,12.654054]}},{"type":"Feature","properties":{"name":"Thôn 3","group":"place","kind":"village","osmId":"n12179801753"},"geometry":{"type":"Point","coordinates":[108.346864,12.663869]}},{"type":"Feature","properties":{"name":"Thôn 2","group":"place","kind":"village","osmId":"n12179801754"},"geometry":{"type":"Point","coordinates":[108.343249,12.670173]}},{"type":"Feature","properties":{"name":"Thôn 1","group":"place","kind":"village","osmId":"n12179801755"},"geometry":{"type":"Point","coordinates":[108.339132,12.680124]}},{"type":"Feature","properties":{"name":"Thôn 4B","group":"place","kind":"village","osmId":"n12179801780"},"geometry":{"type":"Point","coordinates":[108.335003,12.676643]}},{"type":"Feature","properties":{"name":"Thôn 4A","group":"place","kind":"village","osmId":"n12179801781"},"geometry":{"type":"Point","coordinates":[108.333153,12.681173]}},{"type":"Feature","properties":{"name":"Thôn 3","group":"place","kind":"village","osmId":"n12179801782"},"geometry":{"type":"Point","coordinates":[108.324931,12.680304]}},{"type":"Feature","properties":{"name":"Thôn 2B","group":"place","kind":"village","osmId":"n12179801783"},"geometry":{"type":"Point","coordinates":[108.333589,12.686463]}},{"type":"Feature","properties":{"name":"Thôn 2A","group":"place","kind":"village","osmId":"n12179801784"},"geometry":{"type":"Point","coordinates":[108.331116,12.68935]}},{"type":"Feature","properties":{"name":"Thôn 1B","group":"place","kind":"village","osmId":"n12179801785"},"geometry":{"type":"Point","coordinates":[108.335103,12.690028]}},{"type":"Feature","properties":{"name":"Thôn 1A","group":"place","kind":"village","osmId":"n12179801786"},"geometry":{"type":"Point","coordinates":[108.331875,12.69399]}},{"type":"Feature","properties":{"name":"Thăng Tiến 3","group":"place","kind":"village","osmId":"n12179801805"},"geometry":{"type":"Point","coordinates":[108.331013,12.732015]}},{"type":"Feature","properties":{"name":"Thăng Tiến 2","group":"place","kind":"village","osmId":"n12179801806"},"geometry":{"type":"Point","coordinates":[108.329933,12.722406]}},{"type":"Feature","properties":{"name":"Thăng Tiến 1","group":"place","kind":"village","osmId":"n12179801807"},"geometry":{"type":"Point","coordinates":[108.333543,12.721711]}},{"type":"Feature","properties":{"name":"Tân Tiến","group":"place","kind":"village","osmId":"n12179801808"},"geometry":{"type":"Point","coordinates":[108.334559,12.699783]}},{"type":"Feature","properties":{"name":"Tân Thành","group":"place","kind":"village","osmId":"n12179801809"},"geometry":{"type":"Point","coordinates":[108.34268,12.69611]}},{"type":"Feature","properties":{"name":"Tân Lập A","group":"place","kind":"village","osmId":"n12179801810"},"geometry":{"type":"Point","coordinates":[108.335597,12.704222]}},{"type":"Feature","properties":{"name":"Tân Lập","group":"place","kind":"village","osmId":"n12179801811"},"geometry":{"type":"Point","coordinates":[108.331158,12.701963]}},{"type":"Feature","properties":{"name":"Kmrơng","group":"place","kind":"village","osmId":"n12179801812"},"geometry":{"type":"Point","coordinates":[108.340098,12.710485]}},{"type":"Feature","properties":{"name":"Thôn 8","group":"place","kind":"village","osmId":"n12179801813"},"geometry":{"type":"Point","coordinates":[108.313926,12.760258]}},{"type":"Feature","properties":{"name":"Thôn 7","group":"place","kind":"village","osmId":"n12179801814"},"geometry":{"type":"Point","coordinates":[108.334649,12.727566]}},{"type":"Feature","properties":{"name":"Thôn 6B","group":"place","kind":"village","osmId":"n12179801815"},"geometry":{"type":"Point","coordinates":[108.331103,12.719725]}},{"type":"Feature","properties":{"name":"Thôn 6A","group":"place","kind":"village","osmId":"n12179801816"},"geometry":{"type":"Point","coordinates":[108.335593,12.718108]}},{"type":"Feature","properties":{"name":"Thôn 4","group":"place","kind":"village","osmId":"n12179801817"},"geometry":{"type":"Point","coordinates":[108.323206,12.701981]}},{"type":"Feature","properties":{"name":"Thôn 3","group":"place","kind":"village","osmId":"n12179801818"},"geometry":{"type":"Point","coordinates":[108.328623,12.698639]}},{"type":"Feature","properties":{"name":"Thôn 2","group":"place","kind":"village","osmId":"n12179801819"},"geometry":{"type":"Point","coordinates":[108.327135,12.702047]}},{"type":"Feature","properties":{"name":"Thôn 1C","group":"place","kind":"village","osmId":"n12179801820"},"geometry":{"type":"Point","coordinates":[108.346694,12.70954]}},{"type":"Feature","properties":{"name":"Thôn 1B","group":"place","kind":"village","osmId":"n12179801821"},"geometry":{"type":"Point","coordinates":[108.344417,12.706028]}},{"type":"Feature","properties":{"name":"Thôn 1A","group":"place","kind":"village","osmId":"n12179801822"},"geometry":{"type":"Point","coordinates":[108.350198,12.707414]}},{"type":"Feature","properties":{"name":"Lạng Sơn","group":"place","kind":"village","osmId":"n12179801823"},"geometry":{"type":"Point","coordinates":[108.272997,12.751349]}},{"type":"Feature","properties":{"name":"Thạch Lũ","group":"place","kind":"village","osmId":"n12179801824"},"geometry":{"type":"Point","coordinates":[108.282174,12.678498]}},{"type":"Feature","properties":{"name":"Tân Tiến","group":"place","kind":"village","osmId":"n12179801825"},"geometry":{"type":"Point","coordinates":[108.287819,12.711595]}},{"type":"Feature","properties":{"name":"Tân Thành","group":"place","kind":"village","osmId":"n12179801826"},"geometry":{"type":"Point","coordinates":[108.267149,12.713038]}},{"type":"Feature","properties":{"name":"Tân Sơn","group":"place","kind":"village","osmId":"n12179801827"},"geometry":{"type":"Point","coordinates":[108.275296,12.671123]}},{"type":"Feature","properties":{"name":"Tân Lập","group":"place","kind":"village","osmId":"n12179801828"},"geometry":{"type":"Point","coordinates":[108.288693,12.715878]}},{"type":"Feature","properties":{"name":"Phước Thành","group":"place","kind":"village","osmId":"n12179801829"},"geometry":{"type":"Point","coordinates":[108.268509,12.706569]}},{"type":"Feature","properties":{"name":"Phước Hòa","group":"place","kind":"village","osmId":"n12179801830"},"geometry":{"type":"Point","coordinates":[108.271443,12.692637]}},{"type":"Feature","properties":{"name":"Ea Wi","group":"place","kind":"village","osmId":"n12179801831"},"geometry":{"type":"Point","coordinates":[108.309848,12.684767]}},{"type":"Feature","properties":{"name":"Cao Bằng","group":"place","kind":"village","osmId":"n12179801832"},"geometry":{"type":"Point","coordinates":[108.304422,12.752154]}},{"type":"Feature","properties":{"name":"Thôn 19/8","group":"place","kind":"village","osmId":"n12179801833"},"geometry":{"type":"Point","coordinates":[108.259816,12.713688]}},{"type":"Feature","properties":{"name":"Thôn 19/5","group":"place","kind":"village","osmId":"n12179801834"},"geometry":{"type":"Point","coordinates":[108.282218,12.717269]}},{"type":"Feature","properties":{"name":"Jung","group":"place","kind":"village","osmId":"n12179801835"},"geometry":{"type":"Point","coordinates":[108.283218,12.710694]}},{"type":"Feature","properties":{"name":"Pan","group":"place","kind":"village","osmId":"n12179801836"},"geometry":{"type":"Point","coordinates":[108.294252,12.727746]}},{"type":"Feature","properties":{"name":"Ea Yông A2","group":"place","kind":"village","osmId":"n12179801837"},"geometry":{"type":"Point","coordinates":[108.289957,12.707247]}},{"type":"Feature","properties":{"name":"Jung 2","group":"place","kind":"village","osmId":"n12179801838"},"geometry":{"type":"Point","coordinates":[108.284357,12.707833]}},{"type":"Feature","properties":{"name":"Pan B","group":"place","kind":"village","osmId":"n12179801839"},"geometry":{"type":"Point","coordinates":[108.295482,12.729688]}},{"type":"Feature","properties":{"name":"Gha Mah","group":"place","kind":"village","osmId":"n12179801840"},"geometry":{"type":"Point","coordinates":[108.304221,12.696263]}},{"type":"Feature","properties":{"name":"Ea Yông B","group":"place","kind":"village","osmId":"n12179801841"},"geometry":{"type":"Point","coordinates":[108.30296,12.69048]}},{"type":"Feature","properties":{"name":"Ea Yông A","group":"place","kind":"village","osmId":"n12179801842"},"geometry":{"type":"Point","coordinates":[108.294105,12.703124]}},{"type":"Feature","properties":{"name":"Phước Trạch 2","group":"place","kind":"village","osmId":"n12179801857"},"geometry":{"type":"Point","coordinates":[108.342635,12.736358]}},{"type":"Feature","properties":{"name":"Phước Trạch 1","group":"place","kind":"village","osmId":"n12179801858"},"geometry":{"type":"Point","coordinates":[108.351909,12.733318]}},{"type":"Feature","properties":{"name":"Phước Lộc 5","group":"place","kind":"village","osmId":"n12179801864"},"geometry":{"type":"Point","coordinates":[108.350126,12.714783]}},{"type":"Feature","properties":{"name":"Phước Lộc 4","group":"place","kind":"village","osmId":"n12179801865"},"geometry":{"type":"Point","coordinates":[108.343805,12.720869]}},{"type":"Feature","properties":{"name":"Phước Lộc 3","group":"place","kind":"village","osmId":"n12179801866"},"geometry":{"type":"Point","coordinates":[108.350215,12.72139]}},{"type":"Feature","properties":{"name":"Phước Lộc 2","group":"place","kind":"village","osmId":"n12179801867"},"geometry":{"type":"Point","coordinates":[108.357823,12.722312]}},{"type":"Feature","properties":{"name":"Phước Lộc 1","group":"place","kind":"village","osmId":"n12179801868"},"geometry":{"type":"Point","coordinates":[108.361471,12.725967]}},{"type":"Feature","properties":{"name":"Phê","group":"place","kind":"village","osmId":"n12179801869"},"geometry":{"type":"Point","coordinates":[108.361776,12.736566]}},{"type":"Feature","properties":{"name":"Ea Su","group":"place","kind":"village","osmId":"n12179801872"},"geometry":{"type":"Point","coordinates":[108.333974,12.758176]}},{"type":"Feature","properties":{"name":"Thôn 6D","group":"place","kind":"village","osmId":"n12179801878"},"geometry":{"type":"Point","coordinates":[108.342884,12.760207]}},{"type":"Feature","properties":{"name":"Thôn 6C","group":"place","kind":"village","osmId":"n12179801879"},"geometry":{"type":"Point","coordinates":[108.350761,12.75555]}},{"type":"Feature","properties":{"name":"Thôn 6B","group":"place","kind":"village","osmId":"n12179801880"},"geometry":{"type":"Point","coordinates":[108.347178,12.749111]}},{"type":"Feature","properties":{"name":"Thôn 6A","group":"place","kind":"village","osmId":"n12179801881"},"geometry":{"type":"Point","coordinates":[108.352929,12.742007]}},{"type":"Feature","properties":{"name":"Thôn 4B","group":"place","kind":"village","osmId":"n12179801883"},"geometry":{"type":"Point","coordinates":[108.360241,12.729495]}},{"type":"Feature","properties":{"name":"Tân Đông","group":"place","kind":"village","osmId":"n12179801944"},"geometry":{"type":"Point","coordinates":[108.25175,12.716219]}},{"type":"Feature","properties":{"name":"Tân Bắc","group":"place","kind":"village","osmId":"n12179801945"},"geometry":{"type":"Point","coordinates":[108.257282,12.738141]}},{"type":"Feature","properties":{"name":"Jăt B","group":"place","kind":"village","osmId":"n12179801954"},"geometry":{"type":"Point","coordinates":[108.359742,12.691246]}},{"type":"Feature","properties":{"name":"Jăt A","group":"place","kind":"village","osmId":"n12179801955"},"geometry":{"type":"Point","coordinates":[108.357807,12.696349]}},{"type":"Feature","properties":{"name":"Tà Rầu","group":"place","kind":"village","osmId":"n12179801956"},"geometry":{"type":"Point","coordinates":[108.356289,12.687816]}},{"type":"Feature","properties":{"name":"Tà Đỗq","group":"place","kind":"village","osmId":"n12179801957"},"geometry":{"type":"Point","coordinates":[108.36101,12.686507]}},{"type":"Feature","properties":{"name":"Roang Đơng","group":"place","kind":"village","osmId":"n12179801959"},"geometry":{"type":"Point","coordinates":[108.354797,12.69368]}},{"type":"Feature","properties":{"name":"Ra Lu","group":"place","kind":"village","osmId":"n12179801960"},"geometry":{"type":"Point","coordinates":[108.357464,12.683666]}},{"type":"Feature","properties":{"name":"Mò Ó","group":"place","kind":"village","osmId":"n12179801961"},"geometry":{"type":"Point","coordinates":[108.350658,12.69356]}},{"type":"Feature","properties":{"name":"Trung tâm Y tế Krông Pắc","group":"health","kind":"hospital","osmId":"w1288604108"},"geometry":{"type":"Point","coordinates":[108.301282,12.706205]}},{"type":"Feature","properties":{"name":"QT Lê Mai","group":"health","kind":"pharmacy","osmId":"n6150676301"},"geometry":{"type":"Point","coordinates":[108.207134,12.708218]}},{"type":"Feature","properties":{"name":"QT Bảo An","group":"health","kind":"pharmacy","osmId":"n6150676303"},"geometry":{"type":"Point","coordinates":[108.242537,12.71639]}},{"type":"Feature","properties":{"name":"QT Tân Bình","group":"health","kind":"pharmacy","osmId":"n6150686285"},"geometry":{"type":"Point","coordinates":[108.207078,12.707947]}},{"type":"Feature","properties":{"name":"QT Thái Thị Trâm","group":"health","kind":"pharmacy","osmId":"n6154567786"},"geometry":{"type":"Point","coordinates":[108.200152,12.70435]}},{"type":"Feature","properties":{"name":"QT Đỗ Thị Hồng","group":"health","kind":"pharmacy","osmId":"n6154575085"},"geometry":{"type":"Point","coordinates":[108.142409,12.699633]}},{"type":"Feature","properties":{"name":"QT Nhật Lệ ( Nguyễn Thị Nhật Lệ)","group":"health","kind":"pharmacy","osmId":"n6154592785"},"geometry":{"type":"Point","coordinates":[108.230566,12.719944]}},{"type":"Feature","properties":{"name":"QT 75 ( Nguyễn Thị Tuyết Nhung )","group":"health","kind":"pharmacy","osmId":"n7365581785"},"geometry":{"type":"Point","coordinates":[108.183533,12.701622]}},{"type":"Feature","properties":{"name":"QT Hồng Phúc ( Nguyễn Thị Thâm )","group":"health","kind":"pharmacy","osmId":"n7365581786"},"geometry":{"type":"Point","coordinates":[108.207764,12.708449]}},{"type":"Feature","properties":{"name":"Sửa chữa xe máy","group":"commerce","kind":"motorcycle_repair","osmId":"n11684393655"},"geometry":{"type":"Point","coordinates":[108.182406,12.701301]}},{"type":"Feature","properties":{"name":"Cửa hàng Xăng dầu","group":"commerce","kind":"fuel","osmId":"n11684536963"},"geometry":{"type":"Point","coordinates":[108.142054,12.699288]}},{"type":"Feature","properties":{"name":"Cửa hàng Xăng dầu","group":"commerce","kind":"fuel","osmId":"n11684543300"},"geometry":{"type":"Point","coordinates":[108.201044,12.704785]}},{"type":"Feature","properties":{"name":"Cửa hàng Xăng dầu","group":"commerce","kind":"fuel","osmId":"n11684559803"},"geometry":{"type":"Point","coordinates":[108.192694,12.702336]}},{"type":"Feature","properties":{"name":"Cửa hàng Xăng dầu","group":"commerce","kind":"fuel","osmId":"n11684561805"},"geometry":{"type":"Point","coordinates":[108.242392,12.71612]}},{"type":"Feature","properties":{"name":"Cửa hàng Xăng dầu","group":"commerce","kind":"fuel","osmId":"n11684562435"},"geometry":{"type":"Point","coordinates":[108.247365,12.71452]}},{"type":"Feature","properties":{"name":"Cửa hàng Xăng dầu","group":"commerce","kind":"fuel","osmId":"n11684567084"},"geometry":{"type":"Point","coordinates":[108.174811,12.699449]}},{"type":"Feature","properties":{"name":"Thôn 22","group":"place","kind":"village","osmId":"n12133285340"},"geometry":{"type":"Point","coordinates":[108.197136,12.634708]}},{"type":"Feature","properties":{"name":"Thôn 17","group":"place","kind":"village","osmId":"n12133285342"},"geometry":{"type":"Point","coordinates":[108.212096,12.647638]}},{"type":"Feature","properties":{"name":"Thôn 16","group":"place","kind":"village","osmId":"n12133285343"},"geometry":{"type":"Point","coordinates":[108.208941,12.636195]}},{"type":"Feature","properties":{"name":"Thôn 15","group":"place","kind":"village","osmId":"n12133285344"},"geometry":{"type":"Point","coordinates":[108.200353,12.649697]}},{"type":"Feature","properties":{"name":"Jung B","group":"place","kind":"village","osmId":"n12133285352"},"geometry":{"type":"Point","coordinates":[108.155073,12.643923]}},{"type":"Feature","properties":{"name":"Jung A","group":"place","kind":"village","osmId":"n12133285353"},"geometry":{"type":"Point","coordinates":[108.156055,12.636286]}},{"type":"Feature","properties":{"name":"Pu Huê","group":"place","kind":"village","osmId":"n12133285354"},"geometry":{"type":"Point","coordinates":[108.174875,12.63828]}},{"type":"Feature","properties":{"name":"Plei Năm","group":"place","kind":"village","osmId":"n12133285355"},"geometry":{"type":"Point","coordinates":[108.191078,12.639896]}},{"type":"Feature","properties":{"name":"Ea Ktur","group":"place","kind":"village","osmId":"n12133285357"},"geometry":{"type":"Point","coordinates":[108.190791,12.634478]}},{"type":"Feature","properties":{"name":"Thôn 18","group":"place","kind":"village","osmId":"n12133285358"},"geometry":{"type":"Point","coordinates":[108.193163,12.646647]}},{"type":"Feature","properties":{"name":"Thôn 6","group":"place","kind":"village","osmId":"n12133285365"},"geometry":{"type":"Point","coordinates":[108.147737,12.645676]}},{"type":"Feature","properties":{"name":"Thôn 5","group":"place","kind":"village","osmId":"n12133285366"},"geometry":{"type":"Point","coordinates":[108.178988,12.654405]}},{"type":"Feature","properties":{"name":"Ko Tam","group":"place","kind":"village","osmId":"n12136171542"},"geometry":{"type":"Point","coordinates":[108.134759,12.700503]}},{"type":"Feature","properties":{"name":"Thôn 12","group":"place","kind":"village","osmId":"n12136171547"},"geometry":{"type":"Point","coordinates":[108.146278,12.701365]}},{"type":"Feature","properties":{"name":"Toàn Thắng 2","group":"place","kind":"village","osmId":"n12179801787"},"geometry":{"type":"Point","coordinates":[108.160702,12.704141]}},{"type":"Feature","properties":{"name":"Toàn Thắng","group":"place","kind":"village","osmId":"n12179801788"},"geometry":{"type":"Point","coordinates":[108.150757,12.70421]}},{"type":"Feature","properties":{"name":"Tân Lập","group":"place","kind":"village","osmId":"n12179801789"},"geometry":{"type":"Point","coordinates":[108.207292,12.674294]}},{"type":"Feature","properties":{"name":"Quyết Thắng","group":"place","kind":"village","osmId":"n12179801790"},"geometry":{"type":"Point","coordinates":[108.198475,12.714583]}},{"type":"Feature","properties":{"name":"Nam Thắng","group":"place","kind":"village","osmId":"n12179801791"},"geometry":{"type":"Point","coordinates":[108.181578,12.677991]}},{"type":"Feature","properties":{"name":"Liên Cơ","group":"place","kind":"village","osmId":"n12179801792"},"geometry":{"type":"Point","coordinates":[108.181502,12.703387]}},{"type":"Feature","properties":{"name":"Hòa Thắng","group":"place","kind":"village","osmId":"n12179801793"},"geometry":{"type":"Point","coordinates":[108.165451,12.694924]}},{"type":"Feature","properties":{"name":"Hòa Thành","group":"place","kind":"village","osmId":"n12179801794"},"geometry":{"type":"Point","coordinates":[108.141618,12.690129]}},{"type":"Feature","properties":{"name":"Hòa Nam","group":"place","kind":"village","osmId":"n12179801795"},"geometry":{"type":"Point","coordinates":[108.155488,12.655772]}},{"type":"Feature","properties":{"name":"Hòa An","group":"place","kind":"village","osmId":"n12179801797"},"geometry":{"type":"Point","coordinates":[108.174886,12.67203]}},{"type":"Feature","properties":{"name":"Thôn 19/5","group":"place","kind":"village","osmId":"n12179801798"},"geometry":{"type":"Point","coordinates":[108.192455,12.678]}},{"type":"Feature","properties":{"name":"Puôr","group":"place","kind":"village","osmId":"n12179801799"},"geometry":{"type":"Point","coordinates":[108.157228,12.691776]}},{"type":"Feature","properties":{"name":"Ea Kmăt","group":"place","kind":"village","osmId":"n12179801800"},"geometry":{"type":"Point","coordinates":[108.141254,12.678525]}},{"type":"Feature","properties":{"name":"Chuôr Tara","group":"place","kind":"village","osmId":"n12179801801"},"geometry":{"type":"Point","coordinates":[108.15356,12.691636]}},{"type":"Feature","properties":{"name":"Thôn 17","group":"place","kind":"village","osmId":"n12179801802"},"geometry":{"type":"Point","coordinates":[108.199314,12.702512]}},{"type":"Feature","properties":{"name":"Thôn 16","group":"place","kind":"village","osmId":"n12179801803"},"geometry":{"type":"Point","coordinates":[108.184833,12.700257]}},{"type":"Feature","properties":{"name":"Thôn 15","group":"place","kind":"village","osmId":"n12179801804"},"geometry":{"type":"Point","coordinates":[108.174519,12.697542]}},{"type":"Feature","properties":{"name":"Tân Sơn","group":"place","kind":"village","osmId":"n12179801899"},"geometry":{"type":"Point","coordinates":[108.219643,12.643833]}},{"type":"Feature","properties":{"name":"Tân Hưng","group":"place","kind":"village","osmId":"n12179801900"},"geometry":{"type":"Point","coordinates":[108.215929,12.709659]}},{"type":"Feature","properties":{"name":"Tân Hòa 2","group":"place","kind":"village","osmId":"n12179801901"},"geometry":{"type":"Point","coordinates":[108.219756,12.666162]}},{"type":"Feature","properties":{"name":"Tân Hòa 1","group":"place","kind":"village","osmId":"n12179801902"},"geometry":{"type":"Point","coordinates":[108.217278,12.671712]}},{"type":"Feature","properties":{"name":"Tân Bình","group":"place","kind":"village","osmId":"n12179801903"},"geometry":{"type":"Point","coordinates":[108.205714,12.709934]}},{"type":"Feature","properties":{"name":"Cao Bằng","group":"place","kind":"village","osmId":"n12179801904"},"geometry":{"type":"Point","coordinates":[108.22731,12.653498]}},{"type":"Feature","properties":{"name":"Pu","group":"place","kind":"village","osmId":"n12179801905"},"geometry":{"type":"Point","coordinates":[108.212939,12.691336]}},{"type":"Feature","properties":{"name":"Kang","group":"place","kind":"village","osmId":"n12179801906"},"geometry":{"type":"Point","coordinates":[108.211029,12.694751]}},{"type":"Feature","properties":{"name":"Kreh B","group":"place","kind":"village","osmId":"n12179801907"},"geometry":{"type":"Point","coordinates":[108.21503,12.696826]}},{"type":"Feature","properties":{"name":"Kreh A","group":"place","kind":"village","osmId":"n12179801908"},"geometry":{"type":"Point","coordinates":[108.214031,12.699149]}},{"type":"Feature","properties":{"name":"Ea Năih","group":"place","kind":"village","osmId":"n12179801909"},"geometry":{"type":"Point","coordinates":[108.209263,12.697909]}},{"type":"Feature","properties":{"name":"Thôn 2","group":"place","kind":"village","osmId":"n12179801912"},"geometry":{"type":"Point","coordinates":[108.220138,12.707895]}},{"type":"Feature","properties":{"name":"Thanh Xuân","group":"place","kind":"village","osmId":"n12179801937"},"geometry":{"type":"Point","coordinates":[108.242468,12.658998]}},{"type":"Feature","properties":{"name":"Thanh Bình","group":"place","kind":"village","osmId":"n12179801938"},"geometry":{"type":"Point","coordinates":[108.237997,12.664832]}},{"type":"Feature","properties":{"name":"Tân Trung","group":"place","kind":"village","osmId":"n12179801939"},"geometry":{"type":"Point","coordinates":[108.24446,12.715177]}},{"type":"Feature","properties":{"name":"Tân Thành","group":"place","kind":"village","osmId":"n12179801940"},"geometry":{"type":"Point","coordinates":[108.236594,12.716418]}},{"type":"Feature","properties":{"name":"Tân Quảng","group":"place","kind":"village","osmId":"n12179801941"},"geometry":{"type":"Point","coordinates":[108.229666,12.715725]}},{"type":"Feature","properties":{"name":"Tân Mỹ","group":"place","kind":"village","osmId":"n12179801942"},"geometry":{"type":"Point","coordinates":[108.241014,12.715404]}},{"type":"Feature","properties":{"name":"Tân Đức","group":"place","kind":"village","osmId":"n12179801943"},"geometry":{"type":"Point","coordinates":[108.249299,12.741301]}},{"type":"Feature","properties":{"name":"Yế","group":"place","kind":"village","osmId":"n12179801946"},"geometry":{"type":"Point","coordinates":[108.237703,12.732367]}},{"type":"Feature","properties":{"name":"Pok","group":"place","kind":"village","osmId":"n12179801947"},"geometry":{"type":"Point","coordinates":[108.237117,12.725544]}},{"type":"Feature","properties":{"name":"Kuaih","group":"place","kind":"village","osmId":"n12179801948"},"geometry":{"type":"Point","coordinates":[108.229227,12.721424]}},{"type":"Feature","properties":{"name":"Ea Đun","group":"place","kind":"village","osmId":"n12179801949"},"geometry":{"type":"Point","coordinates":[108.245566,12.718294]}},{"type":"Feature","properties":{"name":"Đrao","group":"place","kind":"village","osmId":"n12179801950"},"geometry":{"type":"Point","coordinates":[108.233958,12.73347]}},{"type":"Feature","properties":{"name":"Nhà Anh Dưỡng","group":"poi","kind":"motel","osmId":"n5123172125"},"geometry":{"type":"Point","coordinates":[108.296747,12.563267]}},{"type":"Feature","properties":{"name":"AnhDƯỠNG","group":"poi","kind":"motel","osmId":"n5265127723"},"geometry":{"type":"Point","coordinates":[108.282175,12.552346]}},{"type":"Feature","properties":{"name":"AnhDƯỠNG","group":"poi","kind":"apartment","osmId":"n7294316785"},"geometry":{"type":"Point","coordinates":[108.296592,12.563584]}},{"type":"Feature","properties":{"name":"QT Số 27 ( Nguyễn Thịnh Đông ) Buôn Hằng 1B xã Ea Uy. Krong Păk","group":"health","kind":"pharmacy","osmId":"n8363108117"},"geometry":{"type":"Point","coordinates":[108.383248,12.633389]}},{"type":"Feature","properties":{"name":"QT Dũng Phương ( Trần Thị Phương ) thôn 7 Cưkty 0500/00529","group":"health","kind":"pharmacy","osmId":"n9090358217"},"geometry":{"type":"Point","coordinates":[108.333199,12.560536]}},{"type":"Feature","properties":{"name":"Thôn 6","group":"place","kind":"village","osmId":"n12073771623"},"geometry":{"type":"Point","coordinates":[108.280674,12.556306]}},{"type":"Feature","properties":{"name":"Thôn 5","group":"place","kind":"village","osmId":"n12073771624"},"geometry":{"type":"Point","coordinates":[108.287316,12.558796]}},{"type":"Feature","properties":{"name":"Thôn 4","group":"place","kind":"village","osmId":"n12073771625"},"geometry":{"type":"Point","coordinates":[108.29166,12.563543]}},{"type":"Feature","properties":{"name":"Thôn 3","group":"place","kind":"village","osmId":"n12073771626"},"geometry":{"type":"Point","coordinates":[108.299699,12.567596]}},{"type":"Feature","properties":{"name":"Thôn 2","group":"place","kind":"village","osmId":"n12073771627"},"geometry":{"type":"Point","coordinates":[108.302176,12.571936]}},{"type":"Feature","properties":{"name":"Thôn 1","group":"place","kind":"village","osmId":"n12073771628"},"geometry":{"type":"Point","coordinates":[108.306968,12.577921]}},{"type":"Feature","properties":{"name":"Thôn 3","group":"place","kind":"village","osmId":"n12073771632"},"geometry":{"type":"Point","coordinates":[108.307215,12.550582]}},{"type":"Feature","properties":{"name":"Thôn 2","group":"place","kind":"village","osmId":"n12073771633"},"geometry":{"type":"Point","coordinates":[108.315473,12.556542]}},{"type":"Feature","properties":{"name":"Thôn 1","group":"place","kind":"village","osmId":"n12073771634"},"geometry":{"type":"Point","coordinates":[108.317049,12.550555]}},{"type":"Feature","properties":{"name":"Dang Kang","group":"place","kind":"village","osmId":"n12073777082"},"geometry":{"type":"Point","coordinates":[108.327357,12.601168]}},{"type":"Feature","properties":{"name":"Cư Păm","group":"place","kind":"village","osmId":"n12073777083"},"geometry":{"type":"Point","coordinates":[108.333319,12.599804]}},{"type":"Feature","properties":{"name":"Cư Ko Êmông","group":"place","kind":"village","osmId":"n12073777084"},"geometry":{"type":"Point","coordinates":[108.330483,12.592689]}},{"type":"Feature","properties":{"name":"Cư Ênun B","group":"place","kind":"village","osmId":"n12073777085"},"geometry":{"type":"Point","coordinates":[108.330801,12.5952]}},{"type":"Feature","properties":{"name":"Cư Ênun A","group":"place","kind":"village","osmId":"n12073777086"},"geometry":{"type":"Point","coordinates":[108.330156,12.589169]}},{"type":"Feature","properties":{"name":"Thôn 3","group":"place","kind":"village","osmId":"n12073777087"},"geometry":{"type":"Point","coordinates":[108.32545,12.622061]}},{"type":"Feature","properties":{"name":"Thôn 2","group":"place","kind":"village","osmId":"n12073777088"},"geometry":{"type":"Point","coordinates":[108.333821,12.607114]}},{"type":"Feature","properties":{"name":"Thôn 1","group":"place","kind":"village","osmId":"n12073777089"},"geometry":{"type":"Point","coordinates":[108.338656,12.61477]}},{"type":"Feature","properties":{"name":"Thôn 8","group":"place","kind":"village","osmId":"n12073777103"},"geometry":{"type":"Point","coordinates":[108.355142,12.559347]}},{"type":"Feature","properties":{"name":"Thôn 7","group":"place","kind":"village","osmId":"n12073777104"},"geometry":{"type":"Point","coordinates":[108.332782,12.561416]}},{"type":"Feature","properties":{"name":"Thôn 6","group":"place","kind":"village","osmId":"n12073777105"},"geometry":{"type":"Point","coordinates":[108.336917,12.573887]}},{"type":"Feature","properties":{"name":"Thôn 5","group":"place","kind":"village","osmId":"n12073777106"},"geometry":{"type":"Point","coordinates":[108.331384,12.576728]}},{"type":"Feature","properties":{"name":"Thôn 4","group":"place","kind":"village","osmId":"n12073777107"},"geometry":{"type":"Point","coordinates":[108.342797,12.569833]}},{"type":"Feature","properties":{"name":"Thôn 3","group":"place","kind":"village","osmId":"n12073777108"},"geometry":{"type":"Point","coordinates":[108.337912,12.558123]}},{"type":"Feature","properties":{"name":"Thôn 2","group":"place","kind":"village","osmId":"n12073777109"},"geometry":{"type":"Point","coordinates":[108.335436,12.553633]}},{"type":"Feature","properties":{"name":"Thôn 1","group":"place","kind":"village","osmId":"n12073777110"},"geometry":{"type":"Point","coordinates":[108.330881,12.565027]}},{"type":"Feature","properties":{"name":"Thôn 7","group":"place","kind":"village","osmId":"n12179797425"},"geometry":{"type":"Point","coordinates":[108.422099,12.550881]}},{"type":"Feature","properties":{"name":"Thôn 6","group":"place","kind":"village","osmId":"n12179801749"},"geometry":{"type":"Point","coordinates":[108.36264,12.655483]}},{"type":"Feature","properties":{"name":"Kon Wang","group":"place","kind":"village","osmId":"n12179801843"},"geometry":{"type":"Point","coordinates":[108.384229,12.604656]}},{"type":"Feature","properties":{"name":"Kon Tay","group":"place","kind":"village","osmId":"n12179801844"},"geometry":{"type":"Point","coordinates":[108.38381,12.60055]}},{"type":"Feature","properties":{"name":"Kon Hring","group":"place","kind":"village","osmId":"n12179801845"},"geometry":{"type":"Point","coordinates":[108.391821,12.609995]}},{"type":"Feature","properties":{"name":"Ea Mao","group":"place","kind":"village","osmId":"n12179801846"},"geometry":{"type":"Point","coordinates":[108.387777,12.597631]}},{"type":"Feature","properties":{"name":"Cư Đrang","group":"place","kind":"village","osmId":"n12179801847"},"geometry":{"type":"Point","coordinates":[108.394232,12.582589]}},{"type":"Feature","properties":{"name":"Tân Lợi 2","group":"place","kind":"village","osmId":"n12179801848"},"geometry":{"type":"Point","coordinates":[108.381471,12.635369]}},{"type":"Feature","properties":{"name":"Tân Lợi 1","group":"place","kind":"village","osmId":"n12179801849"},"geometry":{"type":"Point","coordinates":[108.381348,12.641053]}},{"type":"Feature","properties":{"name":"Hàng 1C","group":"place","kind":"village","osmId":"n12179801850"},"geometry":{"type":"Point","coordinates":[108.362872,12.621018]}},{"type":"Feature","properties":{"name":"Hàng 1A","group":"place","kind":"village","osmId":"n12179801851"},"geometry":{"type":"Point","coordinates":[108.384187,12.633901]}},{"type":"Feature","properties":{"name":"Đắk Rơ Leang 2","group":"place","kind":"village","osmId":"n12179801852"},"geometry":{"type":"Point","coordinates":[108.386626,12.62661]}},{"type":"Feature","properties":{"name":"Đắk Rơ Leang 1","group":"place","kind":"village","osmId":"n12179801853"},"geometry":{"type":"Point","coordinates":[108.384301,12.629936]}},{"type":"Feature","properties":{"name":"Thôn 14","group":"place","kind":"village","osmId":"n12179801854"},"geometry":{"type":"Point","coordinates":[108.415218,12.647706]}},{"type":"Feature","properties":{"name":"Thôn 11","group":"place","kind":"village","osmId":"n12179801855"},"geometry":{"type":"Point","coordinates":[108.413432,12.623181]}},{"type":"Feature","properties":{"name":"Thôn 8","group":"place","kind":"village","osmId":"n12179801856"},"geometry":{"type":"Point","coordinates":[108.413212,12.632097]}},{"type":"Feature","properties":{"name":"Tân Lập 3","group":"place","kind":"village","osmId":"n12179801887"},"geometry":{"type":"Point","coordinates":[108.386865,12.683732]}},{"type":"Feature","properties":{"name":"Tân Lập 2","group":"place","kind":"village","osmId":"n12179801888"},"geometry":{"type":"Point","coordinates":[108.38913,12.677239]}},{"type":"Feature","properties":{"name":"Tân Lập 1","group":"place","kind":"village","osmId":"n12179801889"},"geometry":{"type":"Point","coordinates":[108.391563,12.672093]}},{"type":"Feature","properties":{"name":"Quảng Tân","group":"place","kind":"village","osmId":"n12179801951"},"geometry":{"type":"Point","coordinates":[108.366324,12.672448]}},{"type":"Feature","properties":{"name":"Nghĩa Tân","group":"place","kind":"village","osmId":"n12179801952"},"geometry":{"type":"Point","coordinates":[108.374778,12.673133]}},{"type":"Feature","properties":{"name":"Đức Tân","group":"place","kind":"village","osmId":"n12179801953"},"geometry":{"type":"Point","coordinates":[108.369218,12.675049]}},{"type":"Feature","properties":{"name":"Tà Cỡng","group":"place","kind":"village","osmId":"n12179801958"},"geometry":{"type":"Point","coordinates":[108.367164,12.685289]}},{"type":"Feature","properties":{"name":"Thanh Phúc Authentic","group":"commerce","kind":"clothes","osmId":"n13679294471"},"geometry":{"type":"Point","coordinates":[108.340601,12.633093]}},{"type":"Feature","properties":{"name":"QT Nguyễn Thị Quế Anh","group":"health","kind":"pharmacy","osmId":"n6150722085"},"geometry":{"type":"Point","coordinates":[108.366163,12.729639]}},{"type":"Feature","properties":{"name":"QT Bình Tâm","group":"health","kind":"pharmacy","osmId":"n6150722088"},"geometry":{"type":"Point","coordinates":[108.366742,12.730107]}},{"type":"Feature","properties":{"name":"QT Lê Thị Phiên","group":"health","kind":"pharmacy","osmId":"n6150723186"},"geometry":{"type":"Point","coordinates":[108.388732,12.77093]}},{"type":"Feature","properties":{"name":"GĐ BV Bùi Khắc Hùng","group":"health","kind":"pharmacy","osmId":"n6150723885"},"geometry":{"type":"Point","coordinates":[108.366371,12.729414]}},{"type":"Feature","properties":{"name":"QT Chí Nguyên","group":"health","kind":"pharmacy","osmId":"n6150735885"},"geometry":{"type":"Point","coordinates":[108.412462,12.789807]}},{"type":"Feature","properties":{"name":"QT Anh Tuấn ( Nguyễn Văn Tuấn )","group":"health","kind":"pharmacy","osmId":"n7365581789"},"geometry":{"type":"Point","coordinates":[108.412787,12.790559]}},{"type":"Feature","properties":{"name":"QT Hùng Hương 1","group":"health","kind":"pharmacy","osmId":"n7365581886"},"geometry":{"type":"Point","coordinates":[108.366917,12.730028]}},{"type":"Feature","properties":{"name":"QT Thuý Hồng ( Vũ Thuý Hồng ) km 49","group":"health","kind":"pharmacy","osmId":"n7689683686"},"geometry":{"type":"Point","coordinates":[108.41329,12.789835]}},{"type":"Feature","properties":{"name":"QT Thành Lan ( Tạ Thị Thanh Lan ) km 49","group":"health","kind":"pharmacy","osmId":"n7689683787"},"geometry":{"type":"Point","coordinates":[108.412458,12.790763]}},{"type":"Feature","properties":{"name":"QT Hoạ My ( Nguyễn Thị Hoạ My ) km 40","group":"health","kind":"pharmacy","osmId":"n7689683886"},"geometry":{"type":"Point","coordinates":[108.372618,12.748228]}},{"type":"Feature","properties":{"name":"QT Lê Thị Phiên km 44","group":"health","kind":"pharmacy","osmId":"n7689683887"},"geometry":{"type":"Point","coordinates":[108.388451,12.770888]}},{"type":"Feature","properties":{"name":"QT số 09 ( Nguyễn Thị Quế Anh ) chợ 38","group":"health","kind":"pharmacy","osmId":"n7689684085"},"geometry":{"type":"Point","coordinates":[108.366177,12.729415]}},{"type":"Feature","properties":{"name":"QT 06 ( Hồ Quang Khuân ) km38","group":"health","kind":"pharmacy","osmId":"n7689684185"},"geometry":{"type":"Point","coordinates":[108.36723,12.729765]}},{"type":"Feature","properties":{"name":"Cửa hàng Xăng dầu","group":"commerce","kind":"fuel","osmId":"n11684518926"},"geometry":{"type":"Point","coordinates":[108.416338,12.793967]}},{"type":"Feature","properties":{"name":"Cửa hàng Xăng dầu","group":"commerce","kind":"fuel","osmId":"n11684549328"},"geometry":{"type":"Point","coordinates":[108.40872,12.774664]}},{"type":"Feature","properties":{"name":"Cửa hàng Xăng dầu","group":"commerce","kind":"fuel","osmId":"n11684552968"},"geometry":{"type":"Point","coordinates":[108.364112,12.728093]}},{"type":"Feature","properties":{"name":"Cửa hàng Xăng dầu","group":"commerce","kind":"fuel","osmId":"n11684557640"},"geometry":{"type":"Point","coordinates":[108.369669,12.759651]}},{"type":"Feature","properties":{"name":"Cửa hàng Xăng dầu","group":"commerce","kind":"fuel","osmId":"n11684559804"},"geometry":{"type":"Point","coordinates":[108.386139,12.771576]}},{"type":"Feature","properties":{"name":"Sửa chữa xe máy","group":"commerce","kind":"motorcycle_repair","osmId":"n11684561474"},"geometry":{"type":"Point","coordinates":[108.369337,12.734636]}},{"type":"Feature","properties":{"name":"Cửa hàng Xăng dầu","group":"commerce","kind":"fuel","osmId":"n11684563088"},"geometry":{"type":"Point","coordinates":[108.370311,12.767771]}},{"type":"Feature","properties":{"name":"Sửa chữa xe máy","group":"commerce","kind":"motorcycle_repair","osmId":"n11684567085"},"geometry":{"type":"Point","coordinates":[108.388574,12.770842]}},{"type":"Feature","properties":{"name":"Mbê","group":"place","kind":"village","osmId":"n12179801757"},"geometry":{"type":"Point","coordinates":[108.38432,12.772677]}},{"type":"Feature","properties":{"name":"Krông Búk","group":"place","kind":"village","osmId":"n12179801758"},"geometry":{"type":"Point","coordinates":[108.38534,12.768834]}},{"type":"Feature","properties":{"name":"Krăi A","group":"place","kind":"village","osmId":"n12179801759"},"geometry":{"type":"Point","coordinates":[108.398481,12.75885]}},{"type":"Feature","properties":{"name":"Kla","group":"place","kind":"village","osmId":"n12179801760"},"geometry":{"type":"Point","coordinates":[108.391746,12.766215]}},{"type":"Feature","properties":{"name":"Ea Óh","group":"place","kind":"village","osmId":"n12179801761"},"geometry":{"type":"Point","coordinates":[108.388515,12.774767]}},{"type":"Feature","properties":{"name":"Đồi Đá","group":"place","kind":"village","osmId":"n12179801762"},"geometry":{"type":"Point","coordinates":[108.402681,12.792756]}},{"type":"Feature","properties":{"name":"Bình Minh","group":"place","kind":"village","osmId":"n12179801763"},"geometry":{"type":"Point","coordinates":[108.413236,12.795898]}},{"type":"Feature","properties":{"name":"Chợ","group":"place","kind":"village","osmId":"n12179801764"},"geometry":{"type":"Point","coordinates":[108.388998,12.7711]}},{"type":"Feature","properties":{"name":"Thôn 17","group":"place","kind":"village","osmId":"n12179801768"},"geometry":{"type":"Point","coordinates":[108.389978,12.792705]}},{"type":"Feature","properties":{"name":"Thôn 16","group":"place","kind":"village","osmId":"n12179801769"},"geometry":{"type":"Point","coordinates":[108.410523,12.802785]}},{"type":"Feature","properties":{"name":"Thôn 14","group":"place","kind":"village","osmId":"n12179801771"},"geometry":{"type":"Point","coordinates":[108.417427,12.802748]}},{"type":"Feature","properties":{"name":"Thôn 10","group":"place","kind":"village","osmId":"n12179801773"},"geometry":{"type":"Point","coordinates":[108.379996,12.791477]}},{"type":"Feature","properties":{"name":"Thôn 9","group":"place","kind":"village","osmId":"n12179801774"},"geometry":{"type":"Point","coordinates":[108.394905,12.768792]}},{"type":"Feature","properties":{"name":"Thôn 8","group":"place","kind":"village","osmId":"n12179801775"},"geometry":{"type":"Point","coordinates":[108.385123,12.798887]}},{"type":"Feature","properties":{"name":"Thôn 7","group":"place","kind":"village","osmId":"n12179801776"},"geometry":{"type":"Point","coordinates":[108.405386,12.779604]}},{"type":"Feature","properties":{"name":"Thôn 6","group":"place","kind":"village","osmId":"n12179801777"},"geometry":{"type":"Point","coordinates":[108.410832,12.792025]}},{"type":"Feature","properties":{"name":"Thôn 4","group":"place","kind":"village","osmId":"n12179801779"},"geometry":{"type":"Point","coordinates":[108.379679,12.772666]}},{"type":"Feature","properties":{"name":"Phước Thọ 5","group":"place","kind":"village","osmId":"n12179801859"},"geometry":{"type":"Point","coordinates":[108.363525,12.745601]}},{"type":"Feature","properties":{"name":"Phước Thọ 4","group":"place","kind":"village","osmId":"n12179801860"},"geometry":{"type":"Point","coordinates":[108.367549,12.74674]}},{"type":"Feature","properties":{"name":"Phước Thọ 3","group":"place","kind":"village","osmId":"n12179801861"},"geometry":{"type":"Point","coordinates":[108.372013,12.74123]}},{"type":"Feature","properties":{"name":"Phước Thọ 2","group":"place","kind":"village","osmId":"n12179801862"},"geometry":{"type":"Point","coordinates":[108.372421,12.750249]}},{"type":"Feature","properties":{"name":"Phước Thọ 1","group":"place","kind":"village","osmId":"n12179801863"},"geometry":{"type":"Point","coordinates":[108.371361,12.75779]}},{"type":"Feature","properties":{"name":"Puăn B","group":"place","kind":"village","osmId":"n12179801870"},"geometry":{"type":"Point","coordinates":[108.363245,12.772904]}},{"type":"Feature","properties":{"name":"Puăn A","group":"place","kind":"village","osmId":"n12179801871"},"geometry":{"type":"Point","coordinates":[108.364391,12.769081]}},{"type":"Feature","properties":{"name":"Thôn 8","group":"place","kind":"village","osmId":"n12179801873"},"geometry":{"type":"Point","coordinates":[108.320643,12.776941]}},{"type":"Feature","properties":{"name":"Thôn 7D","group":"place","kind":"village","osmId":"n12179801874"},"geometry":{"type":"Point","coordinates":[108.321065,12.785506]}},{"type":"Feature","properties":{"name":"Thôn 7C","group":"place","kind":"village","osmId":"n12179801875"},"geometry":{"type":"Point","coordinates":[108.317912,12.78927]}},{"type":"Feature","properties":{"name":"Thôn 7B","group":"place","kind":"village","osmId":"n12179801876"},"geometry":{"type":"Point","coordinates":[108.327748,12.780942]}},{"type":"Feature","properties":{"name":"Thôn 7A","group":"place","kind":"village","osmId":"n12179801877"},"geometry":{"type":"Point","coordinates":[108.336248,12.792]}},{"type":"Feature","properties":{"name":"Thôn 5","group":"place","kind":"village","osmId":"n12179801882"},"geometry":{"type":"Point","coordinates":[108.370245,12.76686]}},{"type":"Feature","properties":{"name":"Thôn 4A","group":"place","kind":"village","osmId":"n12179801884"},"geometry":{"type":"Point","coordinates":[108.369349,12.734153]}},{"type":"Feature","properties":{"name":"Thôn 4","group":"place","kind":"village","osmId":"n12179801885"},"geometry":{"type":"Point","coordinates":[108.365216,12.730044]}},{"type":"Feature","properties":{"name":"Thăng Lập","group":"place","kind":"village","osmId":"n12179801886"},"geometry":{"type":"Point","coordinates":[108.380588,12.715208]}},{"type":"Feature","properties":{"name":"Phước Tân 3","group":"place","kind":"village","osmId":"n12179801890"},"geometry":{"type":"Point","coordinates":[108.384511,12.699885]}},{"type":"Feature","properties":{"name":"Phước Tân 2","group":"place","kind":"village","osmId":"n12179801891"},"geometry":{"type":"Point","coordinates":[108.38319,12.704679]}},{"type":"Feature","properties":{"name":"Phước Tân 1","group":"place","kind":"village","osmId":"n12179801892"},"geometry":{"type":"Point","coordinates":[108.381817,12.709586]}},{"type":"Feature","properties":{"name":"Phước Lập","group":"place","kind":"village","osmId":"n12179801893"},"geometry":{"type":"Point","coordinates":[108.366947,12.708213]}},{"type":"Feature","properties":{"name":"Tân Hòa","group":"place","kind":"village","osmId":"n12179801894"},"geometry":{"type":"Point","coordinates":[108.376622,12.716606]}},{"type":"Feature","properties":{"name":"Phước Hòa 3","group":"place","kind":"village","osmId":"n12179801895"},"geometry":{"type":"Point","coordinates":[108.368595,12.724896]}},{"type":"Feature","properties":{"name":"Phước Hòa 2","group":"place","kind":"village","osmId":"n12179801896"},"geometry":{"type":"Point","coordinates":[108.372196,12.725946]}},{"type":"Feature","properties":{"name":"Phước Hòa 1","group":"place","kind":"village","osmId":"n12179801897"},"geometry":{"type":"Point","coordinates":[108.369075,12.730227]}},{"type":"Feature","properties":{"name":"Nghĩa Lập","group":"place","kind":"village","osmId":"n12179801898"},"geometry":{"type":"Point","coordinates":[108.401689,12.688245]}},{"type":"Feature","properties":{"name":"Krông Pắc","group":"place","kind":"village","osmId":"n12179801913"},"geometry":{"type":"Point","coordinates":[108.41321,12.780707]}},{"type":"Feature","properties":{"name":"Krai B","group":"place","kind":"village","osmId":"n12179801914"},"geometry":{"type":"Point","coordinates":[108.408182,12.765491]}},{"type":"Feature","properties":{"name":"Thôn 14","group":"place","kind":"village","osmId":"n12179801916"},"geometry":{"type":"Point","coordinates":[108.415943,12.758026]}},{"type":"Feature","properties":{"name":"Thôn 13","group":"place","kind":"village","osmId":"n12179801918"},"geometry":{"type":"Point","coordinates":[108.395039,12.719117]}},{"type":"Feature","properties":{"name":"Thôn 11","group":"place","kind":"village","osmId":"n12179801920"},"geometry":{"type":"Point","coordinates":[108.410069,12.711757]}},{"type":"Feature","properties":{"name":"Thôn 8A","group":"place","kind":"village","osmId":"n12179801924"},"geometry":{"type":"Point","coordinates":[108.419127,12.751864]}},{"type":"Feature","properties":{"name":"Thôn 5A","group":"place","kind":"village","osmId":"n12179801929"},"geometry":{"type":"Point","coordinates":[108.412961,12.717241]}},{"type":"Feature","properties":{"name":"Thôn 4A","group":"place","kind":"village","osmId":"n12179801931"},"geometry":{"type":"Point","coordinates":[108.408921,12.728647]}},{"type":"Feature","properties":{"name":"Thôn 3A","group":"place","kind":"village","osmId":"n12179801932"},"geometry":{"type":"Point","coordinates":[108.408486,12.719054]}},{"type":"Feature","properties":{"name":"Thôn 3","group":"place","kind":"village","osmId":"n12179801933"},"geometry":{"type":"Point","coordinates":[108.412599,12.770868]}},{"type":"Feature","properties":{"name":"Thôn 2A","group":"place","kind":"village","osmId":"n12179801934"},"geometry":{"type":"Point","coordinates":[108.407789,12.722765]}},{"type":"Feature","properties":{"name":"Thôn 1A","group":"place","kind":"village","osmId":"n12179801935"},"geometry":{"type":"Point","coordinates":[108.410122,12.744642]}},{"type":"Feature","properties":{"name":"Thôn 1","group":"place","kind":"village","osmId":"n12179801936"},"geometry":{"type":"Point","coordinates":[108.412548,12.787886]}},{"type":"Feature","properties":{"name":"Ea Kar","group":"place","kind":"town","osmId":"n369501023"},"geometry":{"type":"Point","coordinates":[108.448908,12.80976]}},{"type":"Feature","properties":{"name":"Myhouse","group":"poi","kind":"alpine_hut","osmId":"n4644316789"},"geometry":{"type":"Point","coordinates":[108.45821,12.81176]}},{"type":"Feature","properties":{"name":"cửa hàng thanh loan galaxy","group":"commerce","kind":"furniture","osmId":"n5354771626"},"geometry":{"type":"Point","coordinates":[108.453794,12.812345]}},{"type":"Feature","properties":{"name":"đại lý bích đào 1","group":"health","kind":"pharmacy","osmId":"n5698259624"},"geometry":{"type":"Point","coordinates":[108.444416,12.808944]}},{"type":"Feature","properties":{"name":"đại lý bích đào 2","group":"health","kind":"pharmacy","osmId":"n5698304321"},"geometry":{"type":"Point","coordinates":[108.446076,12.823392]}},{"type":"Feature","properties":{"name":"GĐ","group":"health","kind":"pharmacy","osmId":"n6150723886"},"geometry":{"type":"Point","coordinates":[108.458212,12.801361]}},{"type":"Feature","properties":{"name":"QT Đức Thịnh","group":"health","kind":"pharmacy","osmId":"n6150748791"},"geometry":{"type":"Point","coordinates":[108.45594,12.812323]}},{"type":"Feature","properties":{"name":"Trần Trung Minh KTT","group":"health","kind":"pharmacy","osmId":"n6150765488"},"geometry":{"type":"Point","coordinates":[108.460009,12.812066]}},{"type":"Feature","properties":{"name":"QT Tuyết Nhung ( Lê Thị Tuyết Nhung)","group":"health","kind":"pharmacy","osmId":"n6157776686"},"geometry":{"type":"Point","coordinates":[108.454927,12.816909]}},{"type":"Feature","properties":{"name":"Siêu thị V.Mart - Eakar","group":"commerce","kind":"supermarket","osmId":"n7818603611"},"geometry":{"type":"Point","coordinates":[108.449275,12.810373]}},{"type":"Feature","properties":{"name":"QT Gia Bảo ( Đoàn Vũ Bảo Trân )","group":"health","kind":"pharmacy","osmId":"n7885644886"},"geometry":{"type":"Point","coordinates":[108.453337,12.815247]}},{"type":"Feature","properties":{"name":"Bánh Kem Thúy Quyên","group":"commerce","kind":"pastry","osmId":"n9024517121"},"geometry":{"type":"Point","coordinates":[108.449365,12.810937]}},{"type":"Feature","properties":{"name":"QT Út Thương ( Lê Thị Thương ) số 248 thôn 6A xã Ea Kly. 0500/01600","group":"health","kind":"pharmacy","osmId":"n9179223517"},"geometry":{"type":"Point","coordinates":[108.421532,12.748835]}},{"type":"Feature","properties":{"name":"Cửa hàng Xăng dầu","group":"commerce","kind":"fuel","osmId":"n11676615944"},"geometry":{"type":"Point","coordinates":[108.439105,12.831489]}},{"type":"Feature","properties":{"name":"lốp xe","group":"commerce","kind":"tyres","osmId":"n11684552757"},"geometry":{"type":"Point","coordinates":[108.444243,12.808903]}},{"type":"Feature","properties":{"name":"Cửa hàng Xăng dầu","group":"commerce","kind":"fuel","osmId":"n11684559805"},"geometry":{"type":"Point","coordinates":[108.432392,12.806746]}},{"type":"Feature","properties":{"name":"Cửa hàng Xăng dầu","group":"commerce","kind":"fuel","osmId":"n11684564476"},"geometry":{"type":"Point","coordinates":[108.439457,12.809261]}},{"type":"Feature","properties":{"name":"Cao Vĩnh","group":"place","kind":"village","osmId":"n12179797416"},"geometry":{"type":"Point","coordinates":[108.430617,12.686194]}},{"type":"Feature","properties":{"name":"Thôn 5","group":"place","kind":"village","osmId":"n12179797427"},"geometry":{"type":"Point","coordinates":[108.450649,12.685248]}},{"type":"Feature","properties":{"name":"Thôn 18","group":"place","kind":"village","osmId":"n12179801767"},"geometry":{"type":"Point","coordinates":[108.395189,12.812241]}},{"type":"Feature","properties":{"name":"Thôn 15","group":"place","kind":"village","osmId":"n12179801770"},"geometry":{"type":"Point","coordinates":[108.391807,12.805675]}},{"type":"Feature","properties":{"name":"Thôn 12","group":"place","kind":"village","osmId":"n12179801772"},"geometry":{"type":"Point","coordinates":[108.383002,12.814574]}},{"type":"Feature","properties":{"name":"Thôn 17","group":"place","kind":"village","osmId":"n12179801915"},"geometry":{"type":"Point","coordinates":[108.429018,12.781617]}},{"type":"Feature","properties":{"name":"Thôn 13A","group":"place","kind":"village","osmId":"n12179801917"},"geometry":{"type":"Point","coordinates":[108.433721,12.719121]}},{"type":"Feature","properties":{"name":"Thôn 12A","group":"place","kind":"village","osmId":"n12179801919"},"geometry":{"type":"Point","coordinates":[108.427956,12.731903]}},{"type":"Feature","properties":{"name":"Thôn 10A","group":"place","kind":"village","osmId":"n12179801921"},"geometry":{"type":"Point","coordinates":[108.423746,12.742118]}},{"type":"Feature","properties":{"name":"Thôn 9A","group":"place","kind":"village","osmId":"n12179801922"},"geometry":{"type":"Point","coordinates":[108.442036,12.741601]}},{"type":"Feature","properties":{"name":"Thôn 9","group":"place","kind":"village","osmId":"n12179801923"},"geometry":{"type":"Point","coordinates":[108.427667,12.705278]}},{"type":"Feature","properties":{"name":"Thôn 7A","group":"place","kind":"village","osmId":"n12179801925"},"geometry":{"type":"Point","coordinates":[108.430906,12.737541]}},{"type":"Feature","properties":{"name":"Thôn 7","group":"place","kind":"village","osmId":"n12179801926"},"geometry":{"type":"Point","coordinates":[108.435709,12.709049]}},{"type":"Feature","properties":{"name":"Thôn 6A","group":"place","kind":"village","osmId":"n12179801927"},"geometry":{"type":"Point","coordinates":[108.421814,12.747108]}},{"type":"Feature","properties":{"name":"Thôn 6","group":"place","kind":"village","osmId":"n12179801928"},"geometry":{"type":"Point","coordinates":[108.434728,12.747384]}},{"type":"Feature","properties":{"name":"Thôn 5","group":"place","kind":"village","osmId":"n12179801930"},"geometry":{"type":"Point","coordinates":[108.436345,12.753792]}},{"type":"Feature","properties":{"name":"Hợp Thành","group":"place","kind":"village","osmId":"n12240478867"},"geometry":{"type":"Point","coordinates":[108.445398,12.769795]}},{"type":"Feature","properties":{"name":"Chư Cúc","group":"place","kind":"village","osmId":"n12240478868"},"geometry":{"type":"Point","coordinates":[108.436743,12.805065]}},{"type":"Feature","properties":{"name":"Ninh Thanh 2","group":"place","kind":"village","osmId":"n12240478869"},"geometry":{"type":"Point","coordinates":[108.449797,12.781688]}},{"type":"Feature","properties":{"name":"Ninh Thanh 1","group":"place","kind":"village","osmId":"n12240478870"},"geometry":{"type":"Point","coordinates":[108.438626,12.788771]}},{"type":"Feature","properties":{"name":"Đoàn Kết","group":"place","kind":"village","osmId":"n12240478871"},"geometry":{"type":"Point","coordinates":[108.426168,12.801997]}},{"type":"Feature","properties":{"name":"Điện Biên 3","group":"place","kind":"village","osmId":"n12240478872"},"geometry":{"type":"Point","coordinates":[108.454878,12.738473]}},{"type":"Feature","properties":{"name":"Điện Biên 2","group":"place","kind":"village","osmId":"n12240478873"},"geometry":{"type":"Point","coordinates":[108.453222,12.729426]}},{"type":"Feature","properties":{"name":"Điện Biên 1","group":"place","kind":"village","osmId":"n12240478874"},"geometry":{"type":"Point","coordinates":[108.460711,12.725593]}},{"type":"Feature","properties":{"name":"Ega","group":"place","kind":"village","osmId":"n12240478875"},"geometry":{"type":"Point","coordinates":[108.433768,12.802115]}},{"type":"Feature","properties":{"name":"Thôn 12","group":"place","kind":"village","osmId":"n12240478876"},"geometry":{"type":"Point","coordinates":[108.461072,12.770767]}},{"type":"Feature","properties":{"name":"Thôn 5","group":"place","kind":"village","osmId":"n12240478877"},"geometry":{"type":"Point","coordinates":[108.446948,12.760165]}},{"type":"Feature","properties":{"name":"Ea Păl","group":"place","kind":"village","osmId":"n12240478929"},"geometry":{"type":"Point","coordinates":[108.46151,12.794458]}},{"type":"Feature","properties":{"name":"Ea Knuốp","group":"place","kind":"village","osmId":"n12240478930"},"geometry":{"type":"Point","coordinates":[108.46039,12.80101]}},{"type":"Feature","properties":{"name":"Ea Ga","group":"place","kind":"village","osmId":"n12240478931"},"geometry":{"type":"Point","coordinates":[108.460157,12.798059]}},{"type":"Feature","properties":{"name":"Thôn 3","group":"place","kind":"village","osmId":"n12240478942"},"geometry":{"type":"Point","coordinates":[108.451983,12.797493]}},{"type":"Feature","properties":{"name":"Thôn 2","group":"place","kind":"village","osmId":"n12240478943"},"geometry":{"type":"Point","coordinates":[108.457967,12.802891]}},{"type":"Feature","properties":{"name":"Thôn 1B","group":"place","kind":"village","osmId":"n12240478944"},"geometry":{"type":"Point","coordinates":[108.456218,12.805614]}},{"type":"Feature","properties":{"name":"Thôn 1A","group":"place","kind":"village","osmId":"n12240478945"},"geometry":{"type":"Point","coordinates":[108.45503,12.808566]}},{"type":"Feature","properties":{"name":"Tứ Xuân","group":"place","kind":"village","osmId":"n12240478946"},"geometry":{"type":"Point","coordinates":[108.414812,12.824504]}},{"type":"Feature","properties":{"name":"Tân Lộc","group":"place","kind":"village","osmId":"n12240478948"},"geometry":{"type":"Point","coordinates":[108.3812,12.837402]}},{"type":"Feature","properties":{"name":"Sơn Lộc","group":"place","kind":"village","osmId":"n12240478949"},"geometry":{"type":"Point","coordinates":[108.405418,12.829655]}},{"type":"Feature","properties":{"name":"Hợp Thành","group":"place","kind":"village","osmId":"n12240478950"},"geometry":{"type":"Point","coordinates":[108.424448,12.807722]}},{"type":"Feature","properties":{"name":"Đồng Tâm","group":"place","kind":"village","osmId":"n12240478952"},"geometry":{"type":"Point","coordinates":[108.388378,12.834451]}},{"type":"Feature","properties":{"name":"Đoàn Kết","group":"place","kind":"village","osmId":"n12240478953"},"geometry":{"type":"Point","coordinates":[108.394842,12.832492]}},{"type":"Feature","properties":{"name":"Cư Nghĩa","group":"place","kind":"village","osmId":"n12240478954"},"geometry":{"type":"Point","coordinates":[108.424599,12.820535]}},{"type":"Feature","properties":{"name":"Cư An","group":"place","kind":"village","osmId":"n12240478955"},"geometry":{"type":"Point","coordinates":[108.429995,12.806489]}},{"type":"Feature","properties":{"name":"An Cư","group":"place","kind":"village","osmId":"n12240478956"},"geometry":{"type":"Point","coordinates":[108.433308,12.808497]}},{"type":"Feature","properties":{"name":"M'Oa","group":"place","kind":"village","osmId":"n12240478958"},"geometry":{"type":"Point","coordinates":[108.436769,12.810178]}},{"type":"Feature","properties":{"name":"M'Hăng","group":"place","kind":"village","osmId":"n12240478959"},"geometry":{"type":"Point","coordinates":[108.43326,12.81089]}},{"type":"Feature","properties":{"name":"M'Briu","group":"place","kind":"village","osmId":"n12240478960"},"geometry":{"type":"Point","coordinates":[108.43343,12.815524]}},{"type":"Feature","properties":{"name":"M'Ar","group":"place","kind":"village","osmId":"n12240478961"},"geometry":{"type":"Point","coordinates":[108.43469,12.815765]}},{"type":"Feature","properties":{"name":"Tlung","group":"place","kind":"village","osmId":"n12240478991"},"geometry":{"type":"Point","coordinates":[108.445234,12.81562]}},{"type":"Feature","properties":{"name":"Mrông C","group":"place","kind":"village","osmId":"n12240478992"},"geometry":{"type":"Point","coordinates":[108.44962,12.816752]}},{"type":"Feature","properties":{"name":"Mrông B","group":"place","kind":"village","osmId":"n12240478993"},"geometry":{"type":"Point","coordinates":[108.450892,12.815364]}},{"type":"Feature","properties":{"name":"Mrông A","group":"place","kind":"village","osmId":"n12240478994"},"geometry":{"type":"Point","coordinates":[108.445504,12.814299]}},{"type":"Feature","properties":{"name":"Ea Ko","group":"place","kind":"village","osmId":"n12240478995"},"geometry":{"type":"Point","coordinates":[108.446162,12.812665]}},{"type":"Feature","properties":{"name":"Ea Kdruôil","group":"place","kind":"village","osmId":"n12240478996"},"geometry":{"type":"Point","coordinates":[108.445773,12.817063]}},{"type":"Feature","properties":{"name":"Trung tâm Y tế Ea Kar","group":"health","kind":"hospital","osmId":"w1288604107"},"geometry":{"type":"Point","coordinates":[108.449695,12.805143]}},{"type":"Feature","properties":{"name":"Ea Knốp","group":"place","kind":"town","osmId":"n369501195"},"geometry":{"type":"Point","coordinates":[108.540791,12.806811]}},{"type":"Feature","properties":{"name":"bác sỉ thiện","group":"health","kind":"doctors","osmId":"n4562713589"},"geometry":{"type":"Point","coordinates":[108.50983,12.826487]}},{"type":"Feature","properties":{"name":"Cty sơn hà eakar","group":"commerce","kind":"furniture","osmId":"n5597718721"},"geometry":{"type":"Point","coordinates":[108.471472,12.811435]}},{"type":"Feature","properties":{"name":"QT Mi Tí ( Nguyễn Thị Nga My)","group":"health","kind":"pharmacy","osmId":"n6150748688"},"geometry":{"type":"Point","coordinates":[108.429654,12.842287]}},{"type":"Feature","properties":{"name":"QT Tiệp phú","group":"health","kind":"pharmacy","osmId":"n6150793385"},"geometry":{"type":"Point","coordinates":[108.468845,12.811674]}},{"type":"Feature","properties":{"name":"QT Chi Sương ( trong chợ)","group":"health","kind":"pharmacy","osmId":"n6150804685"},"geometry":{"type":"Point","coordinates":[108.506328,12.81465]}},{"type":"Feature","properties":{"name":"QT Nguyễn Thị Uyên 05","group":"health","kind":"pharmacy","osmId":"n6151176285"},"geometry":{"type":"Point","coordinates":[108.540855,12.806601]}},{"type":"Feature","properties":{"name":"QT Ngọc Sang","group":"health","kind":"pharmacy","osmId":"n6151176585"},"geometry":{"type":"Point","coordinates":[108.540543,12.807155]}},{"type":"Feature","properties":{"name":"QT Phương Thảo","group":"health","kind":"pharmacy","osmId":"n6157807385"},"geometry":{"type":"Point","coordinates":[108.539692,12.803576]}},{"type":"Feature","properties":{"name":"QT Giảng Thị Hằng","group":"health","kind":"pharmacy","osmId":"n6157807486"},"geometry":{"type":"Point","coordinates":[108.544268,12.784116]}},{"type":"Feature","properties":{"name":"QT Phúc Thịnh","group":"health","kind":"pharmacy","osmId":"n6224229485"},"geometry":{"type":"Point","coordinates":[108.532386,12.810092]}},{"type":"Feature","properties":{"name":"QT Yến Nhi ( Nguyễn Thị Yến Nhi ) buôn Ea Gả, xã Cư Ni","group":"health","kind":"pharmacy","osmId":"n7885614285"},"geometry":{"type":"Point","coordinates":[108.461935,12.792737]}},{"type":"Feature","properties":{"name":"QT số 25 Nguyễn Thị Kim Huệ ( thôn 5 Ea Pal) 0500/01461","group":"health","kind":"pharmacy","osmId":"n8912667717"},"geometry":{"type":"Point","coordinates":[108.540619,12.741679]}},{"type":"Feature","properties":{"name":"QT số 14 ( Hoàng Thị Thu Hằng ) thôn 4 xã cư ni 0500/01527","group":"health","kind":"pharmacy","osmId":"n8915254517"},"geometry":{"type":"Point","coordinates":[108.462477,12.79072]}},{"type":"Feature","properties":{"name":"QT Hải hà ( Nguyễn Đình Hải ) thôn 7 xã cư ni 0500/01522","group":"health","kind":"pharmacy","osmId":"n8915261117"},"geometry":{"type":"Point","coordinates":[108.466868,12.788716]}},{"type":"Feature","properties":{"name":"QT Thức Bằng ( Nguyễn Thị Bằng ) buôn tơng sinh xã Ea Đar 0500/01323","group":"health","kind":"pharmacy","osmId":"n8915325717"},"geometry":{"type":"Point","coordinates":[108.473538,12.811264]}},{"type":"Feature","properties":{"name":"Cửa hàng Xăng dầu","group":"commerce","kind":"fuel","osmId":"n11676598961"},"geometry":{"type":"Point","coordinates":[108.482628,12.811076]}},{"type":"Feature","properties":{"name":"Cửa hàng Xăng dầu","group":"commerce","kind":"fuel","osmId":"n11676615518"},"geometry":{"type":"Point","coordinates":[108.430342,12.84127]}},{"type":"Feature","properties":{"name":"Cửa hàng Xăng dầu","group":"commerce","kind":"fuel","osmId":"n11676615943"},"geometry":{"type":"Point","coordinates":[108.519094,12.813116]}},{"type":"Feature","properties":{"name":"Cửa hàng Xăng dầu","group":"commerce","kind":"fuel","osmId":"n11676630036"},"geometry":{"type":"Point","coordinates":[108.490244,12.811233]}},{"type":"Feature","properties":{"name":"Cửa hàng Xăng dầu","group":"commerce","kind":"fuel","osmId":"n11676634321"},"geometry":{"type":"Point","coordinates":[108.497614,12.812927]}},{"type":"Feature","properties":{"name":"Cửa hàng Xăng dầu","group":"commerce","kind":"fuel","osmId":"n11676643507"},"geometry":{"type":"Point","coordinates":[108.505714,12.814628]}},{"type":"Feature","properties":{"name":"Cửa hàng Xăng dầu","group":"commerce","kind":"fuel","osmId":"n11676645495"},"geometry":{"type":"Point","coordinates":[108.53415,12.810083]}},{"type":"Feature","properties":{"name":"Cửa hàng Xăng dầu","group":"commerce","kind":"fuel","osmId":"n11676648390"},"geometry":{"type":"Point","coordinates":[108.541049,12.805601]}},{"type":"Feature","properties":{"name":"Ea Brah","group":"place","kind":"village","osmId":"n12240478817"},"geometry":{"type":"Point","coordinates":[108.545805,12.876088]}},{"type":"Feature","properties":{"name":"Thôn 5","group":"place","kind":"village","osmId":"n12240478819"},"geometry":{"type":"Point","coordinates":[108.527389,12.879637]}},{"type":"Feature","properties":{"name":"Thôn 10","group":"place","kind":"village","osmId":"n12240478827"},"geometry":{"type":"Point","coordinates":[108.525605,12.848819]}},{"type":"Feature","properties":{"name":"Thôn 9","group":"place","kind":"village","osmId":"n12240478828"},"geometry":{"type":"Point","coordinates":[108.517449,12.831781]}},{"type":"Feature","properties":{"name":"Thôn 8","group":"place","kind":"village","osmId":"n12240478829"},"geometry":{"type":"Point","coordinates":[108.51111,12.838187]}},{"type":"Feature","properties":{"name":"Thôn 9","group":"place","kind":"village","osmId":"n12240478839"},"geometry":{"type":"Point","coordinates":[108.544355,12.752672]}},{"type":"Feature","properties":{"name":"Thôn 5","group":"place","kind":"village","osmId":"n12240478844"},"geometry":{"type":"Point","coordinates":[108.54391,12.737263]}},{"type":"Feature","properties":{"name":"Thôn 2","group":"place","kind":"village","osmId":"n12240478846"},"geometry":{"type":"Point","coordinates":[108.538718,12.737025]}},{"type":"Feature","properties":{"name":"Thôn 1","group":"place","kind":"village","osmId":"n12240478847"},"geometry":{"type":"Point","coordinates":[108.532903,12.718047]}},{"type":"Feature","properties":{"name":"Thôn 11","group":"place","kind":"village","osmId":"n12240478850"},"geometry":{"type":"Point","coordinates":[108.49171,12.716007]}},{"type":"Feature","properties":{"name":"Thôn 5","group":"place","kind":"village","osmId":"n12240478858"},"geometry":{"type":"Point","coordinates":[108.466867,12.715903]}},{"type":"Feature","properties":{"name":"Thôn 3A","group":"place","kind":"village","osmId":"n12240478861"},"geometry":{"type":"Point","coordinates":[108.51887,12.710117]}},{"type":"Feature","properties":{"name":"Thôn 4","group":"place","kind":"village","osmId":"n12240478878"},"geometry":{"type":"Point","coordinates":[108.470482,12.740745]}},{"type":"Feature","properties":{"name":"Thôn 3","group":"place","kind":"village","osmId":"n12240478879"},"geometry":{"type":"Point","coordinates":[108.470377,12.758227]}},{"type":"Feature","properties":{"name":"Thôn 2","group":"place","kind":"village","osmId":"n12240478880"},"geometry":{"type":"Point","coordinates":[108.474403,12.723588]}},{"type":"Feature","properties":{"name":"Thôn 1","group":"place","kind":"village","osmId":"n12240478881"},"geometry":{"type":"Point","coordinates":[108.46245,12.749644]}},{"type":"Feature","properties":{"name":"Tâng Sing","group":"place","kind":"village","osmId":"n12240478882"},"geometry":{"type":"Point","coordinates":[108.468912,12.814233]}},{"type":"Feature","properties":{"name":"Sưk","group":"place","kind":"village","osmId":"n12240478883"},"geometry":{"type":"Point","coordinates":[108.468891,12.810306]}},{"type":"Feature","properties":{"name":"Hữu Nghị","group":"place","kind":"village","osmId":"n12240478884"},"geometry":{"type":"Point","coordinates":[108.509499,12.814665]}},{"type":"Feature","properties":{"name":"Thôn 16","group":"place","kind":"village","osmId":"n12240478885"},"geometry":{"type":"Point","coordinates":[108.513099,12.785809]}},{"type":"Feature","properties":{"name":"Thôn 15","group":"place","kind":"village","osmId":"n12240478886"},"geometry":{"type":"Point","coordinates":[108.492351,12.802536]}},{"type":"Feature","properties":{"name":"Thôn 14","group":"place","kind":"village","osmId":"n12240478887"},"geometry":{"type":"Point","coordinates":[108.50548,12.816026]}},{"type":"Feature","properties":{"name":"Thôn 13","group":"place","kind":"village","osmId":"n12240478888"},"geometry":{"type":"Point","coordinates":[108.47811,12.822975]}},{"type":"Feature","properties":{"name":"Thôn 12","group":"place","kind":"village","osmId":"n12240478889"},"geometry":{"type":"Point","coordinates":[108.504585,12.820259]}},{"type":"Feature","properties":{"name":"Thôn 11","group":"place","kind":"village","osmId":"n12240478890"},"geometry":{"type":"Point","coordinates":[108.502475,12.799465]}},{"type":"Feature","properties":{"name":"Thôn 10","group":"place","kind":"village","osmId":"n12240478891"},"geometry":{"type":"Point","coordinates":[108.498672,12.80971]}},{"type":"Feature","properties":{"name":"Thôn 9","group":"place","kind":"village","osmId":"n12240478892"},"geometry":{"type":"Point","coordinates":[108.48905,12.823976]}},{"type":"Feature","properties":{"name":"Thôn 8","group":"place","kind":"village","osmId":"n12240478893"},"geometry":{"type":"Point","coordinates":[108.517556,12.81313]}},{"type":"Feature","properties":{"name":"Thôn 7","group":"place","kind":"village","osmId":"n12240478894"},"geometry":{"type":"Point","coordinates":[108.510357,12.810202]}},{"type":"Feature","properties":{"name":"Thôn 6","group":"place","kind":"village","osmId":"n12240478895"},"geometry":{"type":"Point","coordinates":[108.488332,12.804417]}},{"type":"Feature","properties":{"name":"Thôn 5","group":"place","kind":"village","osmId":"n12240478896"},"geometry":{"type":"Point","coordinates":[108.461993,12.812242]}},{"type":"Feature","properties":{"name":"Thôn 4","group":"place","kind":"village","osmId":"n12240478897"},"geometry":{"type":"Point","coordinates":[108.513821,12.798507]}},{"type":"Feature","properties":{"name":"Thôn 3","group":"place","kind":"village","osmId":"n12240478898"},"geometry":{"type":"Point","coordinates":[108.501907,12.777411]}},{"type":"Feature","properties":{"name":"Thôn 2","group":"place","kind":"village","osmId":"n12240478899"},"geometry":{"type":"Point","coordinates":[108.497379,12.821962]}},{"type":"Feature","properties":{"name":"Thôn 1","group":"place","kind":"village","osmId":"n12240478900"},"geometry":{"type":"Point","coordinates":[108.522816,12.81216]}},{"type":"Feature","properties":{"name":"Quảng Cư 2","group":"place","kind":"village","osmId":"n12240478924"},"geometry":{"type":"Point","coordinates":[108.502467,12.742779]}},{"type":"Feature","properties":{"name":"Quảng Cư 1B","group":"place","kind":"village","osmId":"n12240478925"},"geometry":{"type":"Point","coordinates":[108.492881,12.76022]}},{"type":"Feature","properties":{"name":"Quảng Cư 1A","group":"place","kind":"village","osmId":"n12240478926"},"geometry":{"type":"Point","coordinates":[108.487379,12.751475]}},{"type":"Feature","properties":{"name":"Ea Sinh 2","group":"place","kind":"village","osmId":"n12240478927"},"geometry":{"type":"Point","coordinates":[108.520879,12.77281]}},{"type":"Feature","properties":{"name":"Ea Sinh 1","group":"place","kind":"village","osmId":"n12240478928"},"geometry":{"type":"Point","coordinates":[108.507445,12.760289]}},{"type":"Feature","properties":{"name":"Thôn 23","group":"place","kind":"village","osmId":"n12240478932"},"geometry":{"type":"Point","coordinates":[108.503619,12.729589]}},{"type":"Feature","properties":{"name":"Thôn 22","group":"place","kind":"village","osmId":"n12240478933"},"geometry":{"type":"Point","coordinates":[108.537031,12.773267]}},{"type":"Feature","properties":{"name":"Thôn 12","group":"place","kind":"village","osmId":"n12240478934"},"geometry":{"type":"Point","coordinates":[108.479708,12.73981]}},{"type":"Feature","properties":{"name":"Thôn 10","group":"place","kind":"village","osmId":"n12240478935"},"geometry":{"type":"Point","coordinates":[108.482975,12.783321]}},{"type":"Feature","properties":{"name":"Thôn 9","group":"place","kind":"village","osmId":"n12240478936"},"geometry":{"type":"Point","coordinates":[108.469836,12.779011]}},{"type":"Feature","properties":{"name":"Thôn 8","group":"place","kind":"village","osmId":"n12240478937"},"geometry":{"type":"Point","coordinates":[108.484003,12.772091]}},{"type":"Feature","properties":{"name":"Thôn 7","group":"place","kind":"village","osmId":"n12240478938"},"geometry":{"type":"Point","coordinates":[108.475207,12.789619]}},{"type":"Feature","properties":{"name":"Thôn 6","group":"place","kind":"village","osmId":"n12240478939"},"geometry":{"type":"Point","coordinates":[108.539569,12.740939]}},{"type":"Feature","properties":{"name":"Thôn 5","group":"place","kind":"village","osmId":"n12240478940"},"geometry":{"type":"Point","coordinates":[108.524035,12.720819]}},{"type":"Feature","properties":{"name":"Thôn 4","group":"place","kind":"village","osmId":"n12240478941"},"geometry":{"type":"Point","coordinates":[108.46285,12.790355]}},{"type":"Feature","properties":{"name":"Tơng Krua","group":"place","kind":"village","osmId":"n12240478957"},"geometry":{"type":"Point","coordinates":[108.419552,12.838763]}},{"type":"Feature","properties":{"name":"Thôn 14","group":"place","kind":"village","osmId":"n12240478985"},"geometry":{"type":"Point","coordinates":[108.541522,12.789425]}},{"type":"Feature","properties":{"name":"Thôn 6B","group":"place","kind":"village","osmId":"n12240478989"},"geometry":{"type":"Point","coordinates":[108.544306,12.784246]}},{"type":"Feature","properties":{"name":"Thôn 6A","group":"place","kind":"village","osmId":"n12240478990"},"geometry":{"type":"Point","coordinates":[108.536599,12.791124]}},{"type":"Feature","properties":{"name":"Bệnh viện Đa khoa khu vực 333","group":"health","kind":"hospital","osmId":"w1282142753"},"geometry":{"type":"Point","coordinates":[108.521728,12.810931]}},{"type":"Feature","properties":{"name":"QT Hồng Phương ( Nguyễn Thị Hồng Phương ) thôn 14 Ea Pal ( 0500/01532 )","group":"health","kind":"pharmacy","osmId":"n8912646617"},"geometry":{"type":"Point","coordinates":[108.561814,12.718127]}},{"type":"Feature","properties":{"name":"Thanh Vân","group":"place","kind":"village","osmId":"n12179797410"},"geometry":{"type":"Point","coordinates":[108.462536,12.671126]}},{"type":"Feature","properties":{"name":"Thanh Thuỷ","group":"place","kind":"village","osmId":"n12179797412"},"geometry":{"type":"Point","coordinates":[108.464867,12.612034]}},{"type":"Feature","properties":{"name":"Cư Kniêl","group":"place","kind":"village","osmId":"n12179797419"},"geometry":{"type":"Point","coordinates":[108.482773,12.670391]}},{"type":"Feature","properties":{"name":"Thôn 14","group":"place","kind":"village","osmId":"n12240478836"},"geometry":{"type":"Point","coordinates":[108.561042,12.719568]}},{"type":"Feature","properties":{"name":"Thôn 8","group":"place","kind":"village","osmId":"n12240478840"},"geometry":{"type":"Point","coordinates":[108.571555,12.711455]}},{"type":"Feature","properties":{"name":"Thôn 7","group":"place","kind":"village","osmId":"n12240478841"},"geometry":{"type":"Point","coordinates":[108.547489,12.721407]}},{"type":"Feature","properties":{"name":"Thôn 4","group":"place","kind":"village","osmId":"n12240478845"},"geometry":{"type":"Point","coordinates":[108.582502,12.704654]}},{"type":"Feature","properties":{"name":"Thôn 14","group":"place","kind":"village","osmId":"n12240478848"},"geometry":{"type":"Point","coordinates":[108.474684,12.69848]}},{"type":"Feature","properties":{"name":"Thôn 12","group":"place","kind":"village","osmId":"n12240478849"},"geometry":{"type":"Point","coordinates":[108.481321,12.706053]}},{"type":"Feature","properties":{"name":"Thôn 10","group":"place","kind":"village","osmId":"n12240478851"},"geometry":{"type":"Point","coordinates":[108.464754,12.696548]}},{"type":"Feature","properties":{"name":"Thôn 9","group":"place","kind":"village","osmId":"n12240478852"},"geometry":{"type":"Point","coordinates":[108.491947,12.678938]}},{"type":"Feature","properties":{"name":"Thôn 8","group":"place","kind":"village","osmId":"n12240478853"},"geometry":{"type":"Point","coordinates":[108.486116,12.708404]}},{"type":"Feature","properties":{"name":"Thôn 7B","group":"place","kind":"village","osmId":"n12240478854"},"geometry":{"type":"Point","coordinates":[108.502782,12.69004]}},{"type":"Feature","properties":{"name":"Thôn 7A","group":"place","kind":"village","osmId":"n12240478855"},"geometry":{"type":"Point","coordinates":[108.488352,12.683252]}},{"type":"Feature","properties":{"name":"Thôn 6B","group":"place","kind":"village","osmId":"n12240478856"},"geometry":{"type":"Point","coordinates":[108.515622,12.685775]}},{"type":"Feature","properties":{"name":"Thôn 6A","group":"place","kind":"village","osmId":"n12240478857"},"geometry":{"type":"Point","coordinates":[108.516949,12.681436]}},{"type":"Feature","properties":{"name":"Thôn 4","group":"place","kind":"village","osmId":"n12240478859"},"geometry":{"type":"Point","coordinates":[108.493239,12.707708]}},{"type":"Feature","properties":{"name":"Thôn 3B","group":"place","kind":"village","osmId":"n12240478860"},"geometry":{"type":"Point","coordinates":[108.509243,12.703746]}},{"type":"Feature","properties":{"name":"Thôn 2C","group":"place","kind":"village","osmId":"n12240478862"},"geometry":{"type":"Point","coordinates":[108.544354,12.684972]}},{"type":"Feature","properties":{"name":"Thôn 2B","group":"place","kind":"village","osmId":"n12240478863"},"geometry":{"type":"Point","coordinates":[108.546017,12.676757]}},{"type":"Feature","properties":{"name":"Thôn 2A","group":"place","kind":"village","osmId":"n12240478864"},"geometry":{"type":"Point","coordinates":[108.537376,12.701497]}},{"type":"Feature","properties":{"name":"Thôn 1B","group":"place","kind":"village","osmId":"n12240478865"},"geometry":{"type":"Point","coordinates":[108.558044,12.697799]}},{"type":"Feature","properties":{"name":"Thôn 1A","group":"place","kind":"village","osmId":"n12240478866"},"geometry":{"type":"Point","coordinates":[108.565423,12.690313]}},{"type":"Feature","properties":{"name":"Vân Kiều","group":"place","kind":"village","osmId":"n12240478962"},"geometry":{"type":"Point","coordinates":[108.517997,12.636362]}},{"type":"Feature","properties":{"name":"Ea Rớk","group":"place","kind":"village","osmId":"n12240478963"},"geometry":{"type":"Point","coordinates":[108.510001,12.643227]}},{"type":"Feature","properties":{"name":"Yang San","group":"place","kind":"village","osmId":"n12240478964"},"geometry":{"type":"Point","coordinates":[108.517177,12.651549]}},{"type":"Feature","properties":{"name":"Thôn 6E","group":"place","kind":"village","osmId":"n12240478965"},"geometry":{"type":"Point","coordinates":[108.496481,12.672433]}},{"type":"Feature","properties":{"name":"Thôn 6D","group":"place","kind":"village","osmId":"n12240478966"},"geometry":{"type":"Point","coordinates":[108.537624,12.642575]}},{"type":"Feature","properties":{"name":"Thôn 6C","group":"place","kind":"village","osmId":"n12240478967"},"geometry":{"type":"Point","coordinates":[108.523884,12.657408]}},{"type":"Feature","properties":{"name":"Thôn 6B","group":"place","kind":"village","osmId":"n12240478968"},"geometry":{"type":"Point","coordinates":[108.546723,12.607119]}},{"type":"Feature","properties":{"name":"Thôn 4","group":"place","kind":"village","osmId":"n12240478969"},"geometry":{"type":"Point","coordinates":[108.540077,12.655646]}},{"type":"Feature","properties":{"name":"Thôn 3","group":"place","kind":"village","osmId":"n12240478970"},"geometry":{"type":"Point","coordinates":[108.562544,12.627577]}},{"type":"Feature","properties":{"name":"Thôn 2","group":"place","kind":"village","osmId":"n12240478971"},"geometry":{"type":"Point","coordinates":[108.531717,12.631044]}},{"type":"Feature","properties":{"name":"Thôn 1","group":"place","kind":"village","osmId":"n12240478972"},"geometry":{"type":"Point","coordinates":[108.507659,12.657352]}},{"type":"Feature","properties":{"name":"Thôn 23","group":"place","kind":"village","osmId":"n12240478977"},"geometry":{"type":"Point","coordinates":[108.587169,12.673762]}},{"type":"Feature","properties":{"name":"QT Thu Thảo","group":"health","kind":"pharmacy","osmId":"n6157804786"},"geometry":{"type":"Point","coordinates":[108.626028,12.670682]}},{"type":"Feature","properties":{"name":"Ea Rớt","group":"place","kind":"village","osmId":"n12073777091"},"geometry":{"type":"Point","coordinates":[108.58007,12.579626]}},{"type":"Feature","properties":{"name":"Thôn 14","group":"place","kind":"village","osmId":"n12240478901"},"geometry":{"type":"Point","coordinates":[108.654665,12.647653]}},{"type":"Feature","properties":{"name":"Thôn 13","group":"place","kind":"village","osmId":"n12240478902"},"geometry":{"type":"Point","coordinates":[108.662538,12.665401]}},{"type":"Feature","properties":{"name":"Thôn 12","group":"place","kind":"village","osmId":"n12240478903"},"geometry":{"type":"Point","coordinates":[108.648829,12.657519]}},{"type":"Feature","properties":{"name":"Thôn 11","group":"place","kind":"village","osmId":"n12240478904"},"geometry":{"type":"Point","coordinates":[108.660737,12.681155]}},{"type":"Feature","properties":{"name":"Thôn 10","group":"place","kind":"village","osmId":"n12240478905"},"geometry":{"type":"Point","coordinates":[108.661786,12.693288]}},{"type":"Feature","properties":{"name":"Thôn 9","group":"place","kind":"village","osmId":"n12240478906"},"geometry":{"type":"Point","coordinates":[108.642884,12.666517]}},{"type":"Feature","properties":{"name":"Thôn 8","group":"place","kind":"village","osmId":"n12240478907"},"geometry":{"type":"Point","coordinates":[108.645042,12.686216]}},{"type":"Feature","properties":{"name":"Thôn 7","group":"place","kind":"village","osmId":"n12240478908"},"geometry":{"type":"Point","coordinates":[108.633957,12.671998]}},{"type":"Feature","properties":{"name":"Thôn 6","group":"place","kind":"village","osmId":"n12240478909"},"geometry":{"type":"Point","coordinates":[108.626862,12.678626]}},{"type":"Feature","properties":{"name":"Thôn 5","group":"place","kind":"village","osmId":"n12240478910"},"geometry":{"type":"Point","coordinates":[108.620614,12.672816]}},{"type":"Feature","properties":{"name":"Thôn 4","group":"place","kind":"village","osmId":"n12240478911"},"geometry":{"type":"Point","coordinates":[108.611312,12.676075]}},{"type":"Feature","properties":{"name":"Thôn 3","group":"place","kind":"village","osmId":"n12240478912"},"geometry":{"type":"Point","coordinates":[108.614862,12.696553]}},{"type":"Feature","properties":{"name":"Thôn 2","group":"place","kind":"village","osmId":"n12240478913"},"geometry":{"type":"Point","coordinates":[108.60695,12.687497]}},{"type":"Feature","properties":{"name":"Thôn 1","group":"place","kind":"village","osmId":"n12240478914"},"geometry":{"type":"Point","coordinates":[108.597596,12.695981]}},{"type":"Feature","properties":{"name":"Ea Bớt","group":"place","kind":"village","osmId":"n12240478973"},"geometry":{"type":"Point","coordinates":[108.625439,12.637795]}},{"type":"Feature","properties":{"name":"Trưng","group":"place","kind":"village","osmId":"n12240478974"},"geometry":{"type":"Point","coordinates":[108.605637,12.641445]}},{"type":"Feature","properties":{"name":"Ea Bô","group":"place","kind":"village","osmId":"n12240478975"},"geometry":{"type":"Point","coordinates":[108.63146,12.635692]}},{"type":"Feature","properties":{"name":"Ea Gal","group":"place","kind":"village","osmId":"n12240478976"},"geometry":{"type":"Point","coordinates":[108.615874,12.664998]}},{"type":"Feature","properties":{"name":"Thôn 22","group":"place","kind":"village","osmId":"n12240478978"},"geometry":{"type":"Point","coordinates":[108.600656,12.652253]}},{"type":"Feature","properties":{"name":"Thôn 21","group":"place","kind":"village","osmId":"n12240478979"},"geometry":{"type":"Point","coordinates":[108.613732,12.654578]}},{"type":"Feature","properties":{"name":"Thôn 20","group":"place","kind":"village","osmId":"n12240478980"},"geometry":{"type":"Point","coordinates":[108.617665,12.661353]}},{"type":"Feature","properties":{"name":"Thôn 19","group":"place","kind":"village","osmId":"n12240478981"},"geometry":{"type":"Point","coordinates":[108.629872,12.659042]}},{"type":"Feature","properties":{"name":"Thôn 18","group":"place","kind":"village","osmId":"n12240478982"},"geometry":{"type":"Point","coordinates":[108.642172,12.660611]}},{"type":"Feature","properties":{"name":"Thôn 17","group":"place","kind":"village","osmId":"n12240478983"},"geometry":{"type":"Point","coordinates":[108.637336,12.643799]}},{"type":"Feature","properties":{"name":"Thôn 16","group":"place","kind":"village","osmId":"n12240478984"},"geometry":{"type":"Point","coordinates":[108.651123,12.640541]}},{"type":"Feature","properties":{"name":"QT Đỗ Thị Biên","group":"health","kind":"pharmacy","osmId":"n6157804886"},"geometry":{"type":"Point","coordinates":[108.554778,12.727269]}},{"type":"Feature","properties":{"name":"Quyết Tiến 2","group":"place","kind":"village","osmId":"n12240478807"},"geometry":{"type":"Point","coordinates":[108.573289,12.768157]}},{"type":"Feature","properties":{"name":"Thôn 13","group":"place","kind":"village","osmId":"n12240478837"},"geometry":{"type":"Point","coordinates":[108.550234,12.73168]}},{"type":"Feature","properties":{"name":"Thôn 12","group":"place","kind":"village","osmId":"n12240478838"},"geometry":{"type":"Point","coordinates":[108.554516,12.727443]}},{"type":"Feature","properties":{"name":"Thôn 6C","group":"place","kind":"village","osmId":"n12240478842"},"geometry":{"type":"Point","coordinates":[108.577997,12.744494]}},{"type":"Feature","properties":{"name":"Thôn 6B","group":"place","kind":"village","osmId":"n12240478843"},"geometry":{"type":"Point","coordinates":[108.569073,12.735246]}},{"type":"Feature","properties":{"name":"M'Um","group":"place","kind":"village","osmId":"n12240478915"},"geometry":{"type":"Point","coordinates":[108.668378,12.744389]}},{"type":"Feature","properties":{"name":"Hạ Long","group":"place","kind":"village","osmId":"n12240478916"},"geometry":{"type":"Point","coordinates":[108.596278,12.771801]}},{"type":"Feature","properties":{"name":"Thôn 16","group":"place","kind":"village","osmId":"n12240478917"},"geometry":{"type":"Point","coordinates":[108.61009,12.741758]}},{"type":"Feature","properties":{"name":"Thôn 15","group":"place","kind":"village","osmId":"n12240478918"},"geometry":{"type":"Point","coordinates":[108.609179,12.745309]}},{"type":"Feature","properties":{"name":"Thôn 11","group":"place","kind":"village","osmId":"n12240478919"},"geometry":{"type":"Point","coordinates":[108.655959,12.752166]}},{"type":"Feature","properties":{"name":"Thôn 10","group":"place","kind":"village","osmId":"n12240478920"},"geometry":{"type":"Point","coordinates":[108.623506,12.749169]}},{"type":"Feature","properties":{"name":"Thôn 7","group":"place","kind":"village","osmId":"n12240478921"},"geometry":{"type":"Point","coordinates":[108.575934,12.758529]}},{"type":"Feature","properties":{"name":"Thôn 6A","group":"place","kind":"village","osmId":"n12240478922"},"geometry":{"type":"Point","coordinates":[108.587291,12.748935]}},{"type":"Feature","properties":{"name":"Thôn 3","group":"place","kind":"village","osmId":"n12240478923"},"geometry":{"type":"Point","coordinates":[108.624186,12.728602]}},{"type":"Feature","properties":{"name":"Thôn 9","group":"place","kind":"village","osmId":"n12240478987"},"geometry":{"type":"Point","coordinates":[108.553028,12.777789]}},{"type":"Feature","properties":{"name":"Thôn 7","group":"place","kind":"village","osmId":"n12240478988"},"geometry":{"type":"Point","coordinates":[108.54874,12.777209]}},{"type":"Feature","properties":{"name":"M'Drắk","group":"place","kind":"town","osmId":"n369501072"},"geometry":{"type":"Point","coordinates":[108.73982,12.751096]}},{"type":"Feature","properties":{"name":"QT Vân Hồng","group":"health","kind":"pharmacy","osmId":"n6151018486"},"geometry":{"type":"Point","coordinates":[108.737635,12.754449]}},{"type":"Feature","properties":{"name":"QT Mỹ Hà","group":"health","kind":"pharmacy","osmId":"n6151046385"},"geometry":{"type":"Point","coordinates":[108.738192,12.753362]}},{"type":"Feature","properties":{"name":"QT Nguyễn Thị Lan Điền","group":"health","kind":"pharmacy","osmId":"n6151053085"},"geometry":{"type":"Point","coordinates":[108.738434,12.752932]}},{"type":"Feature","properties":{"name":"Anh Tài Thanh Tra","group":"health","kind":"pharmacy","osmId":"n6151055787"},"geometry":{"type":"Point","coordinates":[108.737093,12.755159]}},{"type":"Feature","properties":{"name":"QT Trí Phương ( Nguyễn Khôi)","group":"health","kind":"pharmacy","osmId":"n6151061985"},"geometry":{"type":"Point","coordinates":[108.747727,12.742738]}},{"type":"Feature","properties":{"name":"QT số 06 ( Nguyễn Thị Thành )","group":"health","kind":"pharmacy","osmId":"n7432432786"},"geometry":{"type":"Point","coordinates":[108.731576,12.756918]}},{"type":"Feature","properties":{"name":"QT số 4 ( Đỗ Thị Tá )","group":"health","kind":"pharmacy","osmId":"n7432438185"},"geometry":{"type":"Point","coordinates":[108.731486,12.756931]}},{"type":"Feature","properties":{"name":"QT Ngọc Giang ( Đồng Thị Hợi ) Cư M’ta","group":"health","kind":"pharmacy","osmId":"n7885826785"},"geometry":{"type":"Point","coordinates":[108.768019,12.710904]}},{"type":"Feature","properties":{"name":"Cửa hàng Xăng dầu","group":"commerce","kind":"fuel","osmId":"n11687522300"},"geometry":{"type":"Point","coordinates":[108.719709,12.764411]}},{"type":"Feature","properties":{"name":"Cửa hàng Xăng dầu","group":"commerce","kind":"fuel","osmId":"n11687522301"},"geometry":{"type":"Point","coordinates":[108.77221,12.706654]}},{"type":"Feature","properties":{"name":"Cửa hàng Xăng dầu Thanh Sơn","group":"commerce","kind":"fuel","osmId":"n11687523993"},"geometry":{"type":"Point","coordinates":[108.734865,12.756492]}},{"type":"Feature","properties":{"name":"Cửa hàng Xăng dầu","group":"commerce","kind":"fuel","osmId":"n11687528395"},"geometry":{"type":"Point","coordinates":[108.729862,12.756931]}},{"type":"Feature","properties":{"name":"Sửa chữa xe máy","group":"commerce","kind":"motorcycle_repair","osmId":"n11687529770"},"geometry":{"type":"Point","coordinates":[108.646345,12.803839]}},{"type":"Feature","properties":{"name":"Sửa chữa xe máy","group":"commerce","kind":"motorcycle_repair","osmId":"n11687529771"},"geometry":{"type":"Point","coordinates":[108.720837,12.762242]}},{"type":"Feature","properties":{"name":"Sửa chữa xe máy","group":"commerce","kind":"motorcycle_repair","osmId":"n11687529772"},"geometry":{"type":"Point","coordinates":[108.724769,12.759518]}},{"type":"Feature","properties":{"name":"Tổ dân phố 4","group":"place","kind":"suburb","osmId":"n12099868693"},"geometry":{"type":"Point","coordinates":[108.747879,12.75954]}},{"type":"Feature","properties":{"name":"Tổ dân phố 5","group":"place","kind":"suburb","osmId":"n12099868694"},"geometry":{"type":"Point","coordinates":[108.743483,12.74467]}},{"type":"Feature","properties":{"name":"Tổ dân phố 3","group":"place","kind":"suburb","osmId":"n12099868695"},"geometry":{"type":"Point","coordinates":[108.747745,12.755323]}},{"type":"Feature","properties":{"name":"Tổ dân phố 11","group":"place","kind":"suburb","osmId":"n12099868696"},"geometry":{"type":"Point","coordinates":[108.745709,12.746033]}},{"type":"Feature","properties":{"name":"Tổ dân phố 6","group":"place","kind":"suburb","osmId":"n12099868697"},"geometry":{"type":"Point","coordinates":[108.73656,12.753661]}},{"type":"Feature","properties":{"name":"Tổ dân phố 2","group":"place","kind":"suburb","osmId":"n12099868698"},"geometry":{"type":"Point","coordinates":[108.741383,12.751697]}},{"type":"Feature","properties":{"name":"Tổ dân phố 10","group":"place","kind":"suburb","osmId":"n12099868699"},"geometry":{"type":"Point","coordinates":[108.743019,12.748939]}},{"type":"Feature","properties":{"name":"Tổ dân phố 7","group":"place","kind":"suburb","osmId":"n12099868700"},"geometry":{"type":"Point","coordinates":[108.737706,12.75104]}},{"type":"Feature","properties":{"name":"Tổ dân phố 8","group":"place","kind":"suburb","osmId":"n12099917801"},"geometry":{"type":"Point","coordinates":[108.738706,12.754057]}},{"type":"Feature","properties":{"name":"Tổ dân phố 1","group":"place","kind":"suburb","osmId":"n12099917802"},"geometry":{"type":"Point","coordinates":[108.735976,12.757122]}},{"type":"Feature","properties":{"name":"Tổ dân phố 9","group":"place","kind":"suburb","osmId":"n12099917803"},"geometry":{"type":"Point","coordinates":[108.73449,12.755192]}},{"type":"Feature","properties":{"name":"Ea Tê","group":"place","kind":"village","osmId":"n12099917804"},"geometry":{"type":"Point","coordinates":[108.661957,12.798282]}},{"type":"Feature","properties":{"name":"Tai","group":"place","kind":"village","osmId":"n12099917805"},"geometry":{"type":"Point","coordinates":[108.718769,12.761082]}},{"type":"Feature","properties":{"name":"Nhang Ea Tlu","group":"place","kind":"village","osmId":"n12099917806"},"geometry":{"type":"Point","coordinates":[108.719995,12.754248]}},{"type":"Feature","properties":{"name":"Cuăh Ea Hmlai","group":"place","kind":"village","osmId":"n12099917807"},"geometry":{"type":"Point","coordinates":[108.744512,12.780692]}},{"type":"Feature","properties":{"name":"Mtrưng Mum","group":"place","kind":"village","osmId":"n12099917808"},"geometry":{"type":"Point","coordinates":[108.718236,12.739809]}},{"type":"Feature","properties":{"name":"Msuôt","group":"place","kind":"village","osmId":"n12099917809"},"geometry":{"type":"Point","coordinates":[108.730018,12.763497]}},{"type":"Feature","properties":{"name":"Mlôt B","group":"place","kind":"village","osmId":"n12099917810"},"geometry":{"type":"Point","coordinates":[108.732079,12.768248]}},{"type":"Feature","properties":{"name":"Mlôt A","group":"place","kind":"village","osmId":"n12099917811"},"geometry":{"type":"Point","coordinates":[108.732994,12.764704]}},{"type":"Feature","properties":{"name":"Mgăm","group":"place","kind":"village","osmId":"n12099917812"},"geometry":{"type":"Point","coordinates":[108.731575,12.759301]}},{"type":"Feature","properties":{"name":"Hoang","group":"place","kind":"village","osmId":"n12099917813"},"geometry":{"type":"Point","coordinates":[108.726736,12.770834]}},{"type":"Feature","properties":{"name":"Glăn","group":"place","kind":"village","osmId":"n12099917814"},"geometry":{"type":"Point","coordinates":[108.732147,12.789246]}},{"type":"Feature","properties":{"name":"Bik","group":"place","kind":"village","osmId":"n12099917815"},"geometry":{"type":"Point","coordinates":[108.723478,12.783691]}},{"type":"Feature","properties":{"name":"Ea Lai","group":"place","kind":"village","osmId":"n12099917816"},"geometry":{"type":"Point","coordinates":[108.72154,12.763314]}},{"type":"Feature","properties":{"name":"Thôn 4","group":"place","kind":"village","osmId":"n12099917817"},"geometry":{"type":"Point","coordinates":[108.738909,12.777398]}},{"type":"Feature","properties":{"name":"Thôn 3","group":"place","kind":"village","osmId":"n12099917818"},"geometry":{"type":"Point","coordinates":[108.723488,12.760127]}},{"type":"Feature","properties":{"name":"Thôn 2","group":"place","kind":"village","osmId":"n12099917819"},"geometry":{"type":"Point","coordinates":[108.726643,12.756306]}},{"type":"Feature","properties":{"name":"Thôn 1","group":"place","kind":"village","osmId":"n12099917820"},"geometry":{"type":"Point","coordinates":[108.728807,12.758005]}},{"type":"Feature","properties":{"name":"Thôn 4","group":"place","kind":"village","osmId":"n12099917844"},"geometry":{"type":"Point","coordinates":[108.784785,12.761482]}},{"type":"Feature","properties":{"name":"Thôn 2","group":"place","kind":"village","osmId":"n12099917845"},"geometry":{"type":"Point","coordinates":[108.775881,12.77364]}},{"type":"Feature","properties":{"name":"Thôn 3","group":"place","kind":"village","osmId":"n12099917846"},"geometry":{"type":"Point","coordinates":[108.776989,12.786869]}},{"type":"Feature","properties":{"name":"Thôn 1","group":"place","kind":"village","osmId":"n12099917847"},"geometry":{"type":"Point","coordinates":[108.75933,12.779977]}},{"type":"Feature","properties":{"name":"Cư Prao","group":"place","kind":"village","osmId":"n12099917864"},"geometry":{"type":"Point","coordinates":[108.757135,12.803288]}},{"type":"Feature","properties":{"name":"Thôn 8","group":"place","kind":"village","osmId":"n12099917865"},"geometry":{"type":"Point","coordinates":[108.713923,12.821896]}},{"type":"Feature","properties":{"name":"Thôn 6","group":"place","kind":"village","osmId":"n12099917866"},"geometry":{"type":"Point","coordinates":[108.756822,12.794918]}},{"type":"Feature","properties":{"name":"Thôn 5","group":"place","kind":"village","osmId":"n12099917867"},"geometry":{"type":"Point","coordinates":[108.775968,12.817613]}},{"type":"Feature","properties":{"name":"Thôn 4","group":"place","kind":"village","osmId":"n12099917868"},"geometry":{"type":"Point","coordinates":[108.723998,12.815]}},{"type":"Feature","properties":{"name":"Thôn 3","group":"place","kind":"village","osmId":"n12099917869"},"geometry":{"type":"Point","coordinates":[108.736797,12.806245]}},{"type":"Feature","properties":{"name":"Thôn 1","group":"place","kind":"village","osmId":"n12099917870"},"geometry":{"type":"Point","coordinates":[108.748922,12.788596]}},{"type":"Feature","properties":{"name":"Thôn 4","group":"place","kind":"village","osmId":"n12099917871"},"geometry":{"type":"Point","coordinates":[108.789578,12.83529]}},{"type":"Feature","properties":{"name":"Thôn 7","group":"place","kind":"village","osmId":"n12099917896"},"geometry":{"type":"Point","coordinates":[108.654571,12.869124]}},{"type":"Feature","properties":{"name":"Thôn 6","group":"place","kind":"village","osmId":"n12099917897"},"geometry":{"type":"Point","coordinates":[108.677887,12.862417]}},{"type":"Feature","properties":{"name":"Thôn 5","group":"place","kind":"village","osmId":"n12099917898"},"geometry":{"type":"Point","coordinates":[108.662042,12.873859]}},{"type":"Feature","properties":{"name":"Hồ","group":"place","kind":"village","osmId":"n12099917901"},"geometry":{"type":"Point","coordinates":[108.752871,12.7344]}},{"type":"Feature","properties":{"name":"Tân Lập","group":"place","kind":"village","osmId":"n12099917902"},"geometry":{"type":"Point","coordinates":[108.750189,12.734783]}},{"type":"Feature","properties":{"name":"Hai","group":"place","kind":"village","osmId":"n12099917903"},"geometry":{"type":"Point","coordinates":[108.752018,12.738327]}},{"type":"Feature","properties":{"name":"Mgõ Năng","group":"place","kind":"village","osmId":"n12099917904"},"geometry":{"type":"Point","coordinates":[108.76375,12.72351]}},{"type":"Feature","properties":{"name":"Mliêng","group":"place","kind":"village","osmId":"n12099917905"},"geometry":{"type":"Point","coordinates":[108.764621,12.710141]}},{"type":"Feature","properties":{"name":"Mbhao","group":"place","kind":"village","osmId":"n12099917906"},"geometry":{"type":"Point","coordinates":[108.75315,12.752818]}},{"type":"Feature","properties":{"name":"Măt","group":"place","kind":"village","osmId":"n12099917907"},"geometry":{"type":"Point","coordinates":[108.770905,12.713409]}},{"type":"Feature","properties":{"name":"Hý Đứk","group":"place","kind":"village","osmId":"n12099917908"},"geometry":{"type":"Point","coordinates":[108.748767,12.742756]}},{"type":"Feature","properties":{"name":"Đắk","group":"place","kind":"village","osmId":"n12099917909"},"geometry":{"type":"Point","coordinates":[108.752988,12.736799]}},{"type":"Feature","properties":{"name":"Thôn 18","group":"place","kind":"village","osmId":"n12099917910"},"geometry":{"type":"Point","coordinates":[108.769064,12.710135]}},{"type":"Feature","properties":{"name":"Quyết Thắng","group":"place","kind":"village","osmId":"n12099917911"},"geometry":{"type":"Point","coordinates":[108.769386,12.744115]}},{"type":"Feature","properties":{"name":"Thôn 2","group":"place","kind":"village","osmId":"n12099917916"},"geometry":{"type":"Point","coordinates":[108.786488,12.721041]}},{"type":"Feature","properties":{"name":"Trung tâm Y tế M'Dắk","group":"health","kind":"hospital","osmId":"w1288604106"},"geometry":{"type":"Point","coordinates":[108.738221,12.754792]}},{"type":"Feature","properties":{"name":"Thôn 10","group":"place","kind":"village","osmId":"n12099917838"},"geometry":{"type":"Point","coordinates":[108.825413,12.764227]}},{"type":"Feature","properties":{"name":"Thôn 8","group":"place","kind":"village","osmId":"n12099917839"},"geometry":{"type":"Point","coordinates":[108.812519,12.753603]}},{"type":"Feature","properties":{"name":"Thôn 9","group":"place","kind":"village","osmId":"n12099917840"},"geometry":{"type":"Point","coordinates":[108.819175,12.76121]}},{"type":"Feature","properties":{"name":"Thôn 7","group":"place","kind":"village","osmId":"n12099917841"},"geometry":{"type":"Point","coordinates":[108.811054,12.746415]}},{"type":"Feature","properties":{"name":"Thôn 6","group":"place","kind":"village","osmId":"n12099917842"},"geometry":{"type":"Point","coordinates":[108.807501,12.764418]}},{"type":"Feature","properties":{"name":"Thôn 5","group":"place","kind":"village","osmId":"n12099917843"},"geometry":{"type":"Point","coordinates":[108.799165,12.75473]}},{"type":"Feature","properties":{"name":"Thôn 10","group":"place","kind":"village","osmId":"n12099917856"},"geometry":{"type":"Point","coordinates":[108.929239,12.791926]}},{"type":"Feature","properties":{"name":"Thôn 9","group":"place","kind":"village","osmId":"n12099917857"},"geometry":{"type":"Point","coordinates":[108.922589,12.779673]}},{"type":"Feature","properties":{"name":"Thôn 8","group":"place","kind":"village","osmId":"n12099917858"},"geometry":{"type":"Point","coordinates":[108.920098,12.781272]}},{"type":"Feature","properties":{"name":"Thôn 7","group":"place","kind":"village","osmId":"n12099917859"},"geometry":{"type":"Point","coordinates":[108.910587,12.77279]}},{"type":"Feature","properties":{"name":"Thôn 6","group":"place","kind":"village","osmId":"n12099917860"},"geometry":{"type":"Point","coordinates":[108.891711,12.764774]}},{"type":"Feature","properties":{"name":"Thôn 4","group":"place","kind":"village","osmId":"n12099917861"},"geometry":{"type":"Point","coordinates":[108.856061,12.785666]}},{"type":"Feature","properties":{"name":"Thôn 2","group":"place","kind":"village","osmId":"n12099917862"},"geometry":{"type":"Point","coordinates":[108.882786,12.764975]}},{"type":"Feature","properties":{"name":"Thôn 1","group":"place","kind":"village","osmId":"n12099917863"},"geometry":{"type":"Point","coordinates":[108.86134,12.766896]}},{"type":"Feature","properties":{"name":"Thôn 5","group":"place","kind":"village","osmId":"n12099917872"},"geometry":{"type":"Point","coordinates":[108.804333,12.829566]}},{"type":"Feature","properties":{"name":"Thôn 6","group":"place","kind":"village","osmId":"n12099917873"},"geometry":{"type":"Point","coordinates":[108.806972,12.814845]}},{"type":"Feature","properties":{"name":"Thôn 2","group":"place","kind":"village","osmId":"n12099917874"},"geometry":{"type":"Point","coordinates":[108.801091,12.814158]}},{"type":"Feature","properties":{"name":"Thôn 3","group":"place","kind":"village","osmId":"n12099917875"},"geometry":{"type":"Point","coordinates":[108.812296,12.781014]}},{"type":"Feature","properties":{"name":"Thôn 1","group":"place","kind":"village","osmId":"n12099917876"},"geometry":{"type":"Point","coordinates":[108.802223,12.783978]}},{"type":"Feature","properties":{"name":"Bình Yên","group":"place","kind":"village","osmId":"n12993831891"},"geometry":{"type":"Point","coordinates":[108.933115,12.815443]}},{"type":"Feature","properties":{"name":"Kít","group":"place","kind":"village","osmId":"n12993831893"},"geometry":{"type":"Point","coordinates":[108.912895,12.830604]}},{"type":"Feature","properties":{"name":"Hoà Sơn","group":"place","kind":"village","osmId":"n12993831894"},"geometry":{"type":"Point","coordinates":[108.921628,12.833647]}},{"type":"Feature","properties":{"name":"Vĩnh Sơn","group":"place","kind":"village","osmId":"n12993831896"},"geometry":{"type":"Point","coordinates":[108.931125,12.8546]}},{"type":"Feature","properties":{"name":"Sửa chữa xe máy","group":"commerce","kind":"motorcycle_repair","osmId":"n11687494855"},"geometry":{"type":"Point","coordinates":[108.822458,12.66039]}},{"type":"Feature","properties":{"name":"Thôn 7","group":"place","kind":"village","osmId":"n12099917821"},"geometry":{"type":"Point","coordinates":[108.738396,12.680983]}},{"type":"Feature","properties":{"name":"Mjam","group":"place","kind":"village","osmId":"n12099917830"},"geometry":{"type":"Point","coordinates":[108.822816,12.660906]}},{"type":"Feature","properties":{"name":"Mo","group":"place","kind":"village","osmId":"n12099917832"},"geometry":{"type":"Point","coordinates":[108.818427,12.654702]}},{"type":"Feature","properties":{"name":"Thôn 9","group":"place","kind":"village","osmId":"n12099917912"},"geometry":{"type":"Point","coordinates":[108.948147,12.780854]}},{"type":"Feature","properties":{"name":"Thôn 7","group":"place","kind":"village","osmId":"n12099917913"},"geometry":{"type":"Point","coordinates":[108.851947,12.724032]}},{"type":"Feature","properties":{"name":"Thôn 6","group":"place","kind":"village","osmId":"n12099917914"},"geometry":{"type":"Point","coordinates":[108.812985,12.73385]}},{"type":"Feature","properties":{"name":"Thôn 5","group":"place","kind":"village","osmId":"n12099917915"},"geometry":{"type":"Point","coordinates":[108.798645,12.73194]}},{"type":"Feature","properties":{"name":"QT Mỹ Vy","group":"health","kind":"pharmacy","osmId":"n6224223286"},"geometry":{"type":"Point","coordinates":[108.826346,12.627363]}},{"type":"Feature","properties":{"name":"Cửa hàng Xăng dầu","group":"commerce","kind":"fuel","osmId":"n11676627205"},"geometry":{"type":"Point","coordinates":[108.85484,12.586743]}},{"type":"Feature","properties":{"name":"Sửa chữa xe máy","group":"commerce","kind":"motorcycle_repair","osmId":"n11687520533"},"geometry":{"type":"Point","coordinates":[108.859016,12.586453]}},{"type":"Feature","properties":{"name":"Yang Hăn","group":"place","kind":"village","osmId":"n12073777111"},"geometry":{"type":"Point","coordinates":[108.65648,12.502307]}},{"type":"Feature","properties":{"name":"Nao Huh","group":"place","kind":"village","osmId":"n12073777112"},"geometry":{"type":"Point","coordinates":[108.658337,12.50697]}},{"type":"Feature","properties":{"name":"Ea Luêh","group":"place","kind":"village","osmId":"n12073777113"},"geometry":{"type":"Point","coordinates":[108.654501,12.501929]}},{"type":"Feature","properties":{"name":"Ea Hăn","group":"place","kind":"village","osmId":"n12073777114"},"geometry":{"type":"Point","coordinates":[108.662407,12.500571]}},{"type":"Feature","properties":{"name":"Tơng Yang","group":"place","kind":"village","osmId":"n12073777116"},"geometry":{"type":"Point","coordinates":[108.712433,12.547496]}},{"type":"Feature","properties":{"name":"Thôn 6","group":"place","kind":"village","osmId":"n12099917822"},"geometry":{"type":"Point","coordinates":[108.702986,12.679272]}},{"type":"Feature","properties":{"name":"Thôn 5","group":"place","kind":"village","osmId":"n12099917823"},"geometry":{"type":"Point","coordinates":[108.725498,12.671349]}},{"type":"Feature","properties":{"name":"Thôn 4","group":"place","kind":"village","osmId":"n12099917824"},"geometry":{"type":"Point","coordinates":[108.718606,12.696222]}},{"type":"Feature","properties":{"name":"Thôn 3","group":"place","kind":"village","osmId":"n12099917825"},"geometry":{"type":"Point","coordinates":[108.716292,12.68543]}},{"type":"Feature","properties":{"name":"Thôn 2","group":"place","kind":"village","osmId":"n12099917826"},"geometry":{"type":"Point","coordinates":[108.713615,12.70301]}},{"type":"Feature","properties":{"name":"Thôn 1","group":"place","kind":"village","osmId":"n12099917827"},"geometry":{"type":"Point","coordinates":[108.701278,12.700195]}},{"type":"Feature","properties":{"name":"Ea Bra","group":"place","kind":"village","osmId":"n12099917828"},"geometry":{"type":"Point","coordinates":[108.787612,12.603345]}},{"type":"Feature","properties":{"name":"Ea Boa","group":"place","kind":"village","osmId":"n12099917829"},"geometry":{"type":"Point","coordinates":[108.847307,12.569461]}},{"type":"Feature","properties":{"name":"Myui","group":"place","kind":"village","osmId":"n12099917831"},"geometry":{"type":"Point","coordinates":[108.826438,12.627249]}},{"type":"Feature","properties":{"name":"Mliă","group":"place","kind":"village","osmId":"n12099917833"},"geometry":{"type":"Point","coordinates":[108.850748,12.576326]}},{"type":"Feature","properties":{"name":"Mhạp","group":"place","kind":"village","osmId":"n12099917834"},"geometry":{"type":"Point","coordinates":[108.832314,12.610581]}},{"type":"Feature","properties":{"name":"Mgơm","group":"place","kind":"village","osmId":"n12099917835"},"geometry":{"type":"Point","coordinates":[108.830477,12.616896]}},{"type":"Feature","properties":{"name":"Mbơn","group":"place","kind":"village","osmId":"n12099917836"},"geometry":{"type":"Point","coordinates":[108.853602,12.580542]}},{"type":"Feature","properties":{"name":"Aê Thi","group":"place","kind":"village","osmId":"n12099917837"},"geometry":{"type":"Point","coordinates":[108.859973,12.58624]}},{"type":"Feature","properties":{"name":"Sông Chò","group":"place","kind":"village","osmId":"n12099917877"},"geometry":{"type":"Point","coordinates":[108.817956,12.531473]}},{"type":"Feature","properties":{"name":"Tách Đrung","group":"place","kind":"village","osmId":"n12099917878"},"geometry":{"type":"Point","coordinates":[108.802257,12.542565]}},{"type":"Feature","properties":{"name":"Ea Sanh","group":"place","kind":"village","osmId":"n12099917879"},"geometry":{"type":"Point","coordinates":[108.768779,12.557139]}},{"type":"Feature","properties":{"name":"Ea Krông","group":"place","kind":"village","osmId":"n12099917880"},"geometry":{"type":"Point","coordinates":[108.785992,12.550924]}},{"type":"Feature","properties":{"name":"Thôn 8","group":"place","kind":"village","osmId":"n12099917884"},"geometry":{"type":"Point","coordinates":[108.721491,12.55977]}},{"type":"Feature","properties":{"name":"Thôn 7","group":"place","kind":"village","osmId":"n12099917885"},"geometry":{"type":"Point","coordinates":[108.72935,12.560247]}},{"type":"Feature","properties":{"name":"Thôn 6","group":"place","kind":"village","osmId":"n12099917886"},"geometry":{"type":"Point","coordinates":[108.738078,12.54824]}},{"type":"Feature","properties":{"name":"Thôn 5","group":"place","kind":"village","osmId":"n12099917887"},"geometry":{"type":"Point","coordinates":[108.736664,12.558449]}},{"type":"Feature","properties":{"name":"Thôn 4","group":"place","kind":"village","osmId":"n12099917888"},"geometry":{"type":"Point","coordinates":[108.732425,12.525851]}},{"type":"Feature","properties":{"name":"QT Lý Thu Việt","group":"health","kind":"pharmacy","osmId":"n6157991185"},"geometry":{"type":"Point","coordinates":[108.614072,12.806524]}},{"type":"Feature","properties":{"name":"QT Liên Tân ( Vũ Thị Vân ) Ea Pil km 73","group":"health","kind":"pharmacy","osmId":"n7886379585"},"geometry":{"type":"Point","coordinates":[108.61384,12.806675]}},{"type":"Feature","properties":{"name":"QT Tâm Lương ( Nguyễn Thị Lượng ) Ea Tih km 69","group":"health","kind":"pharmacy","osmId":"n7886392985"},"geometry":{"type":"Point","coordinates":[108.586313,12.803628]}},{"type":"Feature","properties":{"name":"Cửa hàng Xăng dầu","group":"commerce","kind":"fuel","osmId":"n11676636777"},"geometry":{"type":"Point","coordinates":[108.626834,12.804367]}},{"type":"Feature","properties":{"name":"Cửa hàng Xăng dầu","group":"commerce","kind":"fuel","osmId":"n11687488403"},"geometry":{"type":"Point","coordinates":[108.621282,12.805329]}},{"type":"Feature","properties":{"name":"Cửa hàng Xăng dầu","group":"commerce","kind":"fuel","osmId":"n11687504079"},"geometry":{"type":"Point","coordinates":[108.597744,12.805889]}},{"type":"Feature","properties":{"name":"Sửa chữa xe máy","group":"commerce","kind":"motorcycle_repair","osmId":"n11687505231"},"geometry":{"type":"Point","coordinates":[108.596034,12.805588]}},{"type":"Feature","properties":{"name":"Sửa chữa xe máy","group":"commerce","kind":"motorcycle_repair","osmId":"n11687529695"},"geometry":{"type":"Point","coordinates":[108.629409,12.804216]}},{"type":"Feature","properties":{"name":"Thôn 11","group":"place","kind":"village","osmId":"n12099917848"},"geometry":{"type":"Point","coordinates":[108.614637,12.800107]}},{"type":"Feature","properties":{"name":"Thôn 10","group":"place","kind":"village","osmId":"n12099917849"},"geometry":{"type":"Point","coordinates":[108.594527,12.805851]}},{"type":"Feature","properties":{"name":"Thôn 9","group":"place","kind":"village","osmId":"n12099917850"},"geometry":{"type":"Point","coordinates":[108.629361,12.804323]}},{"type":"Feature","properties":{"name":"Thôn 8","group":"place","kind":"village","osmId":"n12099917851"},"geometry":{"type":"Point","coordinates":[108.624708,12.781749]}},{"type":"Feature","properties":{"name":"Thôn 4","group":"place","kind":"village","osmId":"n12099917852"},"geometry":{"type":"Point","coordinates":[108.604219,12.80587]}},{"type":"Feature","properties":{"name":"Thôn 3","group":"place","kind":"village","osmId":"n12099917853"},"geometry":{"type":"Point","coordinates":[108.613701,12.806465]}},{"type":"Feature","properties":{"name":"Thôn 2","group":"place","kind":"village","osmId":"n12099917854"},"geometry":{"type":"Point","coordinates":[108.621566,12.805487]}},{"type":"Feature","properties":{"name":"Thôn 1","group":"place","kind":"village","osmId":"n12099917855"},"geometry":{"type":"Point","coordinates":[108.64336,12.804754]}},{"type":"Feature","properties":{"name":"Đắk Phú","group":"place","kind":"village","osmId":"n12099917889"},"geometry":{"type":"Point","coordinates":[108.720422,12.949011]}},{"type":"Feature","properties":{"name":"Năng","group":"place","kind":"village","osmId":"n12099917890"},"geometry":{"type":"Point","coordinates":[108.744328,12.903597]}},{"type":"Feature","properties":{"name":"Hoang","group":"place","kind":"village","osmId":"n12099917891"},"geometry":{"type":"Point","coordinates":[108.732884,12.914689]}},{"type":"Feature","properties":{"name":"Zô","group":"place","kind":"village","osmId":"n12099917892"},"geometry":{"type":"Point","coordinates":[108.697561,12.896863]}},{"type":"Feature","properties":{"name":"Pa","group":"place","kind":"village","osmId":"n12099917893"},"geometry":{"type":"Point","coordinates":[108.736101,12.907459]}},{"type":"Feature","properties":{"name":"Thôn 10","group":"place","kind":"village","osmId":"n12099917894"},"geometry":{"type":"Point","coordinates":[108.650305,12.883944]}},{"type":"Feature","properties":{"name":"Thôn 8","group":"place","kind":"village","osmId":"n12099917895"},"geometry":{"type":"Point","coordinates":[108.635434,12.872004]}},{"type":"Feature","properties":{"name":"Thôn 4","group":"place","kind":"village","osmId":"n12099917899"},"geometry":{"type":"Point","coordinates":[108.665948,12.889262]}},{"type":"Feature","properties":{"name":"Thôn 1","group":"place","kind":"village","osmId":"n12099917900"},"geometry":{"type":"Point","coordinates":[108.670863,12.90542]}},{"type":"Feature","properties":{"name":"Wild camping spot","group":"poi","kind":"camp_pitch","osmId":"n12152990558"},"geometry":{"type":"Point","coordinates":[108.719232,12.940695]}},{"type":"Feature","properties":{"name":"Tiến Đông","group":"place","kind":"village","osmId":"n12240478806"},"geometry":{"type":"Point","coordinates":[108.583656,12.781227]}},{"type":"Feature","properties":{"name":"Thôn 4","group":"place","kind":"village","osmId":"n12240478820"},"geometry":{"type":"Point","coordinates":[108.582576,12.890318]}},{"type":"Feature","properties":{"name":"Tân Bình","group":"place","kind":"village","osmId":"n12993832707"},"geometry":{"type":"Point","coordinates":[108.78086,12.942609]}},{"type":"Feature","properties":{"name":"QT Phương Sa ( Đỗ Thị Thu Phương ) Khuê Ngọc Điền","group":"health","kind":"pharmacy","osmId":"n7633982285"},"geometry":{"type":"Point","coordinates":[108.325986,12.529041]}},{"type":"Feature","properties":{"name":"QT Thu Hiền ( Nguyễn Thị Hiền ) thôn 4 xã Khuê Ngọc Điền 0500/01568","group":"health","kind":"pharmacy","osmId":"n9042137617"},"geometry":{"type":"Point","coordinates":[108.326,12.52866]}},{"type":"Feature","properties":{"name":"Thôn 12","group":"place","kind":"village","osmId":"n12073771611"},"geometry":{"type":"Point","coordinates":[108.345995,12.523319]}},{"type":"Feature","properties":{"name":"Thôn 11","group":"place","kind":"village","osmId":"n12073771612"},"geometry":{"type":"Point","coordinates":[108.326916,12.535721]}},{"type":"Feature","properties":{"name":"Thôn 8","group":"place","kind":"village","osmId":"n12073771615"},"geometry":{"type":"Point","coordinates":[108.344589,12.523178]}},{"type":"Feature","properties":{"name":"Thôn 5","group":"place","kind":"village","osmId":"n12073771618"},"geometry":{"type":"Point","coordinates":[108.331433,12.526332]}},{"type":"Feature","properties":{"name":"Thôn 4","group":"place","kind":"village","osmId":"n12073771619"},"geometry":{"type":"Point","coordinates":[108.327689,12.527674]}},{"type":"Feature","properties":{"name":"Thôn 3","group":"place","kind":"village","osmId":"n12073771620"},"geometry":{"type":"Point","coordinates":[108.314427,12.526405]}},{"type":"Feature","properties":{"name":"Thôn 2","group":"place","kind":"village","osmId":"n12073771621"},"geometry":{"type":"Point","coordinates":[108.326383,12.532779]}},{"type":"Feature","properties":{"name":"Thôn 1","group":"place","kind":"village","osmId":"n12073771622"},"geometry":{"type":"Point","coordinates":[108.323661,12.546647]}},{"type":"Feature","properties":{"name":"Thôn 6","group":"place","kind":"village","osmId":"n12073771629"},"geometry":{"type":"Point","coordinates":[108.284857,12.541869]}},{"type":"Feature","properties":{"name":"Thôn 5","group":"place","kind":"village","osmId":"n12073771630"},"geometry":{"type":"Point","coordinates":[108.292775,12.544435]}},{"type":"Feature","properties":{"name":"Thôn 4","group":"place","kind":"village","osmId":"n12073771631"},"geometry":{"type":"Point","coordinates":[108.29396,12.541609]}},{"type":"Feature","properties":{"name":"Thôn 3","group":"place","kind":"village","osmId":"n12073777070"},"geometry":{"type":"Point","coordinates":[108.381538,12.530582]}},{"type":"Feature","properties":{"name":"Thôn 2","group":"place","kind":"village","osmId":"n12073777071"},"geometry":{"type":"Point","coordinates":[108.368896,12.528968]}},{"type":"Feature","properties":{"name":"Thôn 1","group":"place","kind":"village","osmId":"n12073777072"},"geometry":{"type":"Point","coordinates":[108.363497,12.52672]}},{"type":"Feature","properties":{"name":"Thôn 4","group":"place","kind":"village","osmId":"n12133285375"},"geometry":{"type":"Point","coordinates":[108.251216,12.579458]}},{"type":"Feature","properties":{"name":"Thôn 5","group":"place","kind":"village","osmId":"n12133290704"},"geometry":{"type":"Point","coordinates":[108.264984,12.612695]}},{"type":"Feature","properties":{"name":"Thôn 4","group":"place","kind":"village","osmId":"n12133290705"},"geometry":{"type":"Point","coordinates":[108.267194,12.595772]}},{"type":"Feature","properties":{"name":"Thôn 3","group":"place","kind":"village","osmId":"n12133290706"},"geometry":{"type":"Point","coordinates":[108.257063,12.592988]}},{"type":"Feature","properties":{"name":"Thôn 2","group":"place","kind":"village","osmId":"n12133290707"},"geometry":{"type":"Point","coordinates":[108.25108,12.597551]}},{"type":"Feature","properties":{"name":"Krông Kmar","group":"place","kind":"town","osmId":"n369502724"},"geometry":{"type":"Point","coordinates":[108.332399,12.504582]}},{"type":"Feature","properties":{"name":"QT Trương Thị Quang","group":"health","kind":"pharmacy","osmId":"n6149293388"},"geometry":{"type":"Point","coordinates":[108.33187,12.50462]}},{"type":"Feature","properties":{"name":"QT Quỳnh An","group":"health","kind":"pharmacy","osmId":"n6149318085"},"geometry":{"type":"Point","coordinates":[108.338013,12.507366]}},{"type":"Feature","properties":{"name":"QT Thanh xuân 2","group":"health","kind":"pharmacy","osmId":"n6149318086"},"geometry":{"type":"Point","coordinates":[108.33809,12.508192]}},{"type":"Feature","properties":{"name":"QT thành tâm ( Hà thị Thuý liễu )","group":"health","kind":"pharmacy","osmId":"n6149318087"},"geometry":{"type":"Point","coordinates":[108.339686,12.510919]}},{"type":"Feature","properties":{"name":"QT hoà liêm","group":"health","kind":"pharmacy","osmId":"n6149318088"},"geometry":{"type":"Point","coordinates":[108.33805,12.507988]}},{"type":"Feature","properties":{"name":"QT Nhà Riêng Chị Thuý Liễu","group":"health","kind":"pharmacy","osmId":"n6165261685"},"geometry":{"type":"Point","coordinates":[108.324739,12.499701]}},{"type":"Feature","properties":{"name":"QT An Bình ( Nguyễn Thị Ý ) hoà sơn","group":"health","kind":"pharmacy","osmId":"n7633943285"},"geometry":{"type":"Point","coordinates":[108.320782,12.495134]}},{"type":"Feature","properties":{"name":"QT Gia Nguyên ( Phạm Thị Thu Nguyệt ) chợ Krông Mar","group":"health","kind":"pharmacy","osmId":"n7633951086"},"geometry":{"type":"Point","coordinates":[108.338618,12.508394]}},{"type":"Feature","properties":{"name":"QT Thu Thảo","group":"health","kind":"pharmacy","osmId":"n7633951187"},"geometry":{"type":"Point","coordinates":[108.338627,12.508542]}},{"type":"Feature","properties":{"name":"Thôn 10","group":"place","kind":"village","osmId":"n12073771613"},"geometry":{"type":"Point","coordinates":[108.350607,12.520556]}},{"type":"Feature","properties":{"name":"Thôn 9","group":"place","kind":"village","osmId":"n12073771614"},"geometry":{"type":"Point","coordinates":[108.346828,12.520887]}},{"type":"Feature","properties":{"name":"Thôn 7","group":"place","kind":"village","osmId":"n12073771616"},"geometry":{"type":"Point","coordinates":[108.342464,12.517338]}},{"type":"Feature","properties":{"name":"Thôn 6","group":"place","kind":"village","osmId":"n12073771617"},"geometry":{"type":"Point","coordinates":[108.344452,12.51333]}},{"type":"Feature","properties":{"name":"Hòa Xuân","group":"place","kind":"village","osmId":"n12073771638"},"geometry":{"type":"Point","coordinates":[108.323907,12.50128]}},{"type":"Feature","properties":{"name":"Ja","group":"place","kind":"village","osmId":"n12073771639"},"geometry":{"type":"Point","coordinates":[108.327389,12.492794]}},{"type":"Feature","properties":{"name":"Thôn 10","group":"place","kind":"village","osmId":"n12073771640"},"geometry":{"type":"Point","coordinates":[108.322649,12.498843]}},{"type":"Feature","properties":{"name":"Thôn 9","group":"place","kind":"village","osmId":"n12073771641"},"geometry":{"type":"Point","coordinates":[108.324033,12.496708]}},{"type":"Feature","properties":{"name":"Thôn 8","group":"place","kind":"village","osmId":"n12073771642"},"geometry":{"type":"Point","coordinates":[108.321225,12.497119]}},{"type":"Feature","properties":{"name":"Thôn 6","group":"place","kind":"village","osmId":"n12073771644"},"geometry":{"type":"Point","coordinates":[108.319287,12.492628]}},{"type":"Feature","properties":{"name":"Thôn 5","group":"place","kind":"village","osmId":"n12073771645"},"geometry":{"type":"Point","coordinates":[108.312969,12.492485]}},{"type":"Feature","properties":{"name":"Thôn 4","group":"place","kind":"village","osmId":"n12073771646"},"geometry":{"type":"Point","coordinates":[108.305721,12.488672]}},{"type":"Feature","properties":{"name":"Cư Phiang","group":"place","kind":"village","osmId":"n12073771655"},"geometry":{"type":"Point","coordinates":[108.43928,12.535785]}},{"type":"Feature","properties":{"name":"Thôn 6","group":"place","kind":"village","osmId":"n12073771656"},"geometry":{"type":"Point","coordinates":[108.437872,12.525279]}},{"type":"Feature","properties":{"name":"Thôn 5","group":"place","kind":"village","osmId":"n12073771657"},"geometry":{"type":"Point","coordinates":[108.436268,12.528475]}},{"type":"Feature","properties":{"name":"Thôn 4","group":"place","kind":"village","osmId":"n12073771658"},"geometry":{"type":"Point","coordinates":[108.439238,12.542301]}},{"type":"Feature","properties":{"name":"Thôn 12","group":"place","kind":"village","osmId":"n12073771662"},"geometry":{"type":"Point","coordinates":[108.419648,12.519685]}},{"type":"Feature","properties":{"name":"Thôn 11","group":"place","kind":"village","osmId":"n12073771663"},"geometry":{"type":"Point","coordinates":[108.419361,12.523764]}},{"type":"Feature","properties":{"name":"Thôn 10","group":"place","kind":"village","osmId":"n12073771664"},"geometry":{"type":"Point","coordinates":[108.419072,12.527884]}},{"type":"Feature","properties":{"name":"Thôn 8","group":"place","kind":"village","osmId":"n12073771665"},"geometry":{"type":"Point","coordinates":[108.409151,12.540615]}},{"type":"Feature","properties":{"name":"Thôn 7","group":"place","kind":"village","osmId":"n12073771666"},"geometry":{"type":"Point","coordinates":[108.404441,12.538462]}},{"type":"Feature","properties":{"name":"Thôn 6","group":"place","kind":"village","osmId":"n12073771667"},"geometry":{"type":"Point","coordinates":[108.400309,12.542585]}},{"type":"Feature","properties":{"name":"Thôn 5","group":"place","kind":"village","osmId":"n12073771668"},"geometry":{"type":"Point","coordinates":[108.399751,12.545625]}},{"type":"Feature","properties":{"name":"Thôn 4","group":"place","kind":"village","osmId":"n12073777069"},"geometry":{"type":"Point","coordinates":[108.396106,12.528443]}},{"type":"Feature","properties":{"name":"Tổ dân phố 6","group":"place","kind":"suburb","osmId":"n12073777124"},"geometry":{"type":"Point","coordinates":[108.342321,12.510553]}},{"type":"Feature","properties":{"name":"Tổ dân phố 5","group":"place","kind":"suburb","osmId":"n12073777125"},"geometry":{"type":"Point","coordinates":[108.339465,12.508654]}},{"type":"Feature","properties":{"name":"Tổ dân phố 4","group":"place","kind":"suburb","osmId":"n12073777126"},"geometry":{"type":"Point","coordinates":[108.336005,12.504561]}},{"type":"Feature","properties":{"name":"Tổ dân phố 1","group":"place","kind":"suburb","osmId":"n12073777127"},"geometry":{"type":"Point","coordinates":[108.330259,12.50222]}},{"type":"Feature","properties":{"name":"Tổ dân phố 2","group":"place","kind":"suburb","osmId":"n12073777128"},"geometry":{"type":"Point","coordinates":[108.328371,12.505365]}},{"type":"Feature","properties":{"name":"Tổ dân phố 3","group":"place","kind":"suburb","osmId":"n12073777129"},"geometry":{"type":"Point","coordinates":[108.332786,12.507547]}},{"type":"Feature","properties":{"name":"Tổ dân phố 7","group":"place","kind":"suburb","osmId":"n12073777130"},"geometry":{"type":"Point","coordinates":[108.337248,12.514356]}},{"type":"Feature","properties":{"name":"Thôn 6","group":"place","kind":"village","osmId":"n12179797426"},"geometry":{"type":"Point","coordinates":[108.426589,12.5541]}},{"type":"Feature","properties":{"name":"Trung tâm Y tế Krông Bông","group":"health","kind":"hospital","osmId":"w1288604088"},"geometry":{"type":"Point","coordinates":[108.338178,12.514488]}},{"type":"Feature","properties":{"name":"Trường Tiểu học Sơn Đông","group":"school","kind":"school","osmId":"w1289322300"},"geometry":{"type":"Point","coordinates":[108.322491,12.496614]}},{"type":"Feature","properties":{"name":"Trường Trung học phổ thông Krông Bông","group":"school","kind":"school","osmId":"w1289322301"},"geometry":{"type":"Point","coordinates":[108.332603,12.506639]}},{"type":"Feature","properties":{"name":"QT Thuỷ Thành ( Nguyễn Thị Thuỷ ) Cư Đram","group":"health","kind":"pharmacy","osmId":"n7418872688"},"geometry":{"type":"Point","coordinates":[108.654172,12.501292]}},{"type":"Feature","properties":{"name":"Nam nhan","group":"commerce","kind":"furniture","osmId":"n7590017085"},"geometry":{"type":"Point","coordinates":[108.482312,12.536809]}},{"type":"Feature","properties":{"name":"QT Ngọc Tùng ( Ngô Thị Tùng ) thôn 1,xã hoà phong. Krong bông","group":"health","kind":"pharmacy","osmId":"n8359327417"},"geometry":{"type":"Point","coordinates":[108.486422,12.53442]}},{"type":"Feature","properties":{"name":"Kiều","group":"place","kind":"village","osmId":"n12073771604"},"geometry":{"type":"Point","coordinates":[108.561694,12.423758]}},{"type":"Feature","properties":{"name":"Tul","group":"place","kind":"village","osmId":"n12073771605"},"geometry":{"type":"Point","coordinates":[108.558755,12.460655]}},{"type":"Feature","properties":{"name":"Mnang Tar","group":"place","kind":"village","osmId":"n12073771606"},"geometry":{"type":"Point","coordinates":[108.569325,12.451576]}},{"type":"Feature","properties":{"name":"Mghi","group":"place","kind":"village","osmId":"n12073771607"},"geometry":{"type":"Point","coordinates":[108.577828,12.441625]}},{"type":"Feature","properties":{"name":"Hằng Năm","group":"place","kind":"village","osmId":"n12073771608"},"geometry":{"type":"Point","coordinates":[108.56126,12.420351]}},{"type":"Feature","properties":{"name":"Chố Kuanh","group":"place","kind":"village","osmId":"n12073771609"},"geometry":{"type":"Point","coordinates":[108.567971,12.432074]}},{"type":"Feature","properties":{"name":"Nhân Giang","group":"place","kind":"village","osmId":"n12073771610"},"geometry":{"type":"Point","coordinates":[108.581181,12.468963]}},{"type":"Feature","properties":{"name":"Noh Prông","group":"place","kind":"village","osmId":"n12073771650"},"geometry":{"type":"Point","coordinates":[108.507528,12.549822]}},{"type":"Feature","properties":{"name":"Ea Khiêm","group":"place","kind":"village","osmId":"n12073771651"},"geometry":{"type":"Point","coordinates":[108.504229,12.550061]}},{"type":"Feature","properties":{"name":"Tliêr","group":"place","kind":"village","osmId":"n12073771652"},"geometry":{"type":"Point","coordinates":[108.453555,12.549985]}},{"type":"Feature","properties":{"name":"Ngô B","group":"place","kind":"village","osmId":"n12073771653"},"geometry":{"type":"Point","coordinates":[108.445331,12.52216]}},{"type":"Feature","properties":{"name":"Ngô A","group":"place","kind":"village","osmId":"n12073771654"},"geometry":{"type":"Point","coordinates":[108.454574,12.511059]}},{"type":"Feature","properties":{"name":"Thôn 3","group":"place","kind":"village","osmId":"n12073771659"},"geometry":{"type":"Point","coordinates":[108.455697,12.547495]}},{"type":"Feature","properties":{"name":"Thôn 2","group":"place","kind":"village","osmId":"n12073771660"},"geometry":{"type":"Point","coordinates":[108.467532,12.545238]}},{"type":"Feature","properties":{"name":"Thôn 1","group":"place","kind":"village","osmId":"n12073771661"},"geometry":{"type":"Point","coordinates":[108.475611,12.539847]}},{"type":"Feature","properties":{"name":"Ea Uôl","group":"place","kind":"village","osmId":"n12073777090"},"geometry":{"type":"Point","coordinates":[108.543057,12.515135]}},{"type":"Feature","properties":{"name":"Ea Lang","group":"place","kind":"village","osmId":"n12073777092"},"geometry":{"type":"Point","coordinates":[108.551969,12.514031]}},{"type":"Feature","properties":{"name":"Ea Bar","group":"place","kind":"village","osmId":"n12073777093"},"geometry":{"type":"Point","coordinates":[108.576194,12.508963]}},{"type":"Feature","properties":{"name":"Điện Tân","group":"place","kind":"village","osmId":"n12073777094"},"geometry":{"type":"Point","coordinates":[108.513909,12.506393]}},{"type":"Feature","properties":{"name":"Dhung Knung","group":"place","kind":"village","osmId":"n12073777095"},"geometry":{"type":"Point","coordinates":[108.490267,12.530205]}},{"type":"Feature","properties":{"name":"Cư Tê","group":"place","kind":"village","osmId":"n12073777096"},"geometry":{"type":"Point","coordinates":[108.557674,12.537818]}},{"type":"Feature","properties":{"name":"Cư Rang","group":"place","kind":"village","osmId":"n12073777097"},"geometry":{"type":"Point","coordinates":[108.559768,12.523691]}},{"type":"Feature","properties":{"name":"Khóa","group":"place","kind":"village","osmId":"n12073777098"},"geometry":{"type":"Point","coordinates":[108.529223,12.499175]}},{"type":"Feature","properties":{"name":"Khanh","group":"place","kind":"village","osmId":"n12073777099"},"geometry":{"type":"Point","coordinates":[108.522192,12.505634]}},{"type":"Feature","properties":{"name":"Đắk Tuôr","group":"place","kind":"village","osmId":"n12073777100"},"geometry":{"type":"Point","coordinates":[108.50106,12.50552]}},{"type":"Feature","properties":{"name":"Blắk","group":"place","kind":"village","osmId":"n12073777101"},"geometry":{"type":"Point","coordinates":[108.502248,12.509376]}},{"type":"Feature","properties":{"name":"Bhung","group":"place","kind":"village","osmId":"n12073777102"},"geometry":{"type":"Point","coordinates":[108.493764,12.520082]}},{"type":"Feature","properties":{"name":"Cư Dhiăt","group":"place","kind":"village","osmId":"n12073777115"},"geometry":{"type":"Point","coordinates":[108.63242,12.506126]}},{"type":"Feature","properties":{"name":"Tơng Rang B","group":"place","kind":"village","osmId":"n12073777117"},"geometry":{"type":"Point","coordinates":[108.571148,12.478094]}},{"type":"Feature","properties":{"name":"Tơng Rang A","group":"place","kind":"village","osmId":"n12073777118"},"geometry":{"type":"Point","coordinates":[108.562073,12.473732]}},{"type":"Feature","properties":{"name":"Cư Drăm","group":"place","kind":"village","osmId":"n12073777119"},"geometry":{"type":"Point","coordinates":[108.542926,12.486971]}},{"type":"Feature","properties":{"name":"Chàm B","group":"place","kind":"village","osmId":"n12073777120"},"geometry":{"type":"Point","coordinates":[108.576576,12.47768]}},{"type":"Feature","properties":{"name":"Chàm A","group":"place","kind":"village","osmId":"n12073777121"},"geometry":{"type":"Point","coordinates":[108.560082,12.485797]}},{"type":"Feature","properties":{"name":"Thôn 2","group":"place","kind":"village","osmId":"n12073777122"},"geometry":{"type":"Point","coordinates":[108.591837,12.477175]}},{"type":"Feature","properties":{"name":"Thôn 1","group":"place","kind":"village","osmId":"n12073777123"},"geometry":{"type":"Point","coordinates":[108.58626,12.477035]}},{"type":"Feature","properties":{"name":"Ea Nông","group":"place","kind":"village","osmId":"n12179797418"},"geometry":{"type":"Point","coordinates":[108.440546,12.581181]}},{"type":"Feature","properties":{"name":"Thôn 12","group":"place","kind":"village","osmId":"n12179797421"},"geometry":{"type":"Point","coordinates":[108.432237,12.602228]}},{"type":"Feature","properties":{"name":"Thôn 10","group":"place","kind":"village","osmId":"n12179797422"},"geometry":{"type":"Point","coordinates":[108.432413,12.612009]}},{"type":"Feature","properties":{"name":"Thôn 9","group":"place","kind":"village","osmId":"n12179797423"},"geometry":{"type":"Point","coordinates":[108.431327,12.581308]}},{"type":"Feature","properties":{"name":"Liên Sơn","group":"place","kind":"town","osmId":"n369502378"},"geometry":{"type":"Point","coordinates":[108.173822,12.409379]}},{"type":"Feature","properties":{"name":"Khu Du Lịch Hồ Lăk","group":"poi","kind":"viewpoint","osmId":"n1765142229"},"geometry":{"type":"Point","coordinates":[108.180448,12.415324]}},{"type":"Feature","properties":{"name":"Petrolimex","group":"commerce","kind":"fuel","osmId":"n4400934410"},"geometry":{"type":"Point","coordinates":[108.163471,12.402821]}},{"type":"Feature","properties":{"name":"Hong Minh Petro","group":"commerce","kind":"fuel","osmId":"n4401008901"},"geometry":{"type":"Point","coordinates":[108.215555,12.412515]}},{"type":"Feature","properties":{"name":"Apollo Oil","group":"commerce","kind":"fuel","osmId":"n4401008994"},"geometry":{"type":"Point","coordinates":[108.17894,12.408978]}},{"type":"Feature","properties":{"name":"Petrolimex","group":"commerce","kind":"fuel","osmId":"n4401056689"},"geometry":{"type":"Point","coordinates":[108.192655,12.406685]}},{"type":"Feature","properties":{"name":"LAK Tented Camp","group":"poi","kind":"hotel","osmId":"n4704796855"},"geometry":{"type":"Point","coordinates":[108.181689,12.429105]}},{"type":"Feature","properties":{"name":"Moi Truong Ho Lak","group":"poi","kind":"guest_house","osmId":"n4893525721"},"geometry":{"type":"Point","coordinates":[108.177959,12.412427]}},{"type":"Feature","properties":{"name":"Best mechanic ever","group":"poi","kind":"attraction","osmId":"n5421708024"},"geometry":{"type":"Point","coordinates":[108.180023,12.409799]}},{"type":"Feature","properties":{"name":"Doi Voi","group":"poi","kind":"viewpoint","osmId":"n5477741024"},"geometry":{"type":"Point","coordinates":[108.233567,12.481388]}},{"type":"Feature","properties":{"name":"QT Nguyễn thị Quy","group":"health","kind":"pharmacy","osmId":"n6149287795"},"geometry":{"type":"Point","coordinates":[108.173362,12.407868]}},{"type":"Feature","properties":{"name":"QT Thuý Đức","group":"health","kind":"pharmacy","osmId":"n6149287796"},"geometry":{"type":"Point","coordinates":[108.175501,12.410018]}},{"type":"Feature","properties":{"name":"QT Lê Văn Ngọ","group":"health","kind":"pharmacy","osmId":"n6165119585"},"geometry":{"type":"Point","coordinates":[108.214582,12.412028]}},{"type":"Feature","properties":{"name":"QT Thiện Hạnh ( Nguyễn Thị Bích Huệ)","group":"health","kind":"pharmacy","osmId":"n6165163586"},"geometry":{"type":"Point","coordinates":[108.188308,12.40398]}},{"type":"Feature","properties":{"name":"Café Duc Mai homestay","group":"poi","kind":"hotel","osmId":"n7141872101"},"geometry":{"type":"Point","coordinates":[108.170348,12.412135]}},{"type":"Feature","properties":{"name":"QT Thiên An (","group":"health","kind":"pharmacy","osmId":"n7633899586"},"geometry":{"type":"Point","coordinates":[108.189613,12.354561]}},{"type":"Feature","properties":{"name":"QT Duy Hà ( Mông Thị Việt Hà ) đường Tôn Thất Tùng","group":"health","kind":"pharmacy","osmId":"n7633908385"},"geometry":{"type":"Point","coordinates":[108.173694,12.408957]}},{"type":"Feature","properties":{"name":"QT Phát Huy ( Trần Thị Thu Thuý) thôn sân bay","group":"health","kind":"pharmacy","osmId":"n7633908485"},"geometry":{"type":"Point","coordinates":[108.215284,12.412936]}},{"type":"Feature","properties":{"name":"Lop hop village","group":"poi","kind":"attraction","osmId":"n10989649005"},"geometry":{"type":"Point","coordinates":[108.223505,12.442495]}},{"type":"Feature","properties":{"name":"Yôk Đuôn","group":"place","kind":"village","osmId":"n12046939662"},"geometry":{"type":"Point","coordinates":[108.210627,12.433062]}},{"type":"Feature","properties":{"name":"Năm Pă","group":"place","kind":"village","osmId":"n12046939663"},"geometry":{"type":"Point","coordinates":[108.23251,12.435915]}},{"type":"Feature","properties":{"name":"Drung","group":"place","kind":"village","osmId":"n12046939664"},"geometry":{"type":"Point","coordinates":[108.19647,12.419592]}},{"type":"Feature","properties":{"name":"Dơng Yang","group":"place","kind":"village","osmId":"n12046939665"},"geometry":{"type":"Point","coordinates":[108.228254,12.435105]}},{"type":"Feature","properties":{"name":"Dơng Guôl","group":"place","kind":"village","osmId":"n12046939666"},"geometry":{"type":"Point","coordinates":[108.217011,12.45086]}},{"type":"Feature","properties":{"name":"Dơng Băk","group":"place","kind":"village","osmId":"n12046939667"},"geometry":{"type":"Point","coordinates":[108.217267,12.437521]}},{"type":"Feature","properties":{"name":"Cuôr Tak","group":"place","kind":"village","osmId":"n12046939668"},"geometry":{"type":"Point","coordinates":[108.206154,12.425598]}},{"type":"Feature","properties":{"name":"Cuôr","group":"place","kind":"village","osmId":"n12046955369"},"geometry":{"type":"Point","coordinates":[108.202858,12.426209]}},{"type":"Feature","properties":{"name":"Biăp","group":"place","kind":"village","osmId":"n12046955370"},"geometry":{"type":"Point","coordinates":[108.220477,12.441531]}},{"type":"Feature","properties":{"name":"Bhôk","group":"place","kind":"village","osmId":"n12046955371"},"geometry":{"type":"Point","coordinates":[108.20238,12.430053]}},{"type":"Feature","properties":{"name":"Cao Bằng","group":"place","kind":"village","osmId":"n12046955393"},"geometry":{"type":"Point","coordinates":[108.195228,12.348627]}},{"type":"Feature","properties":{"name":"Jiê Yuk","group":"place","kind":"village","osmId":"n12046955394"},"geometry":{"type":"Point","coordinates":[108.201301,12.342384]}},{"type":"Feature","properties":{"name":"Tlông","group":"place","kind":"village","osmId":"n12046955395"},"geometry":{"type":"Point","coordinates":[108.205756,12.351588]}},{"type":"Feature","properties":{"name":"Pai Ar","group":"place","kind":"village","osmId":"n12046955396"},"geometry":{"type":"Point","coordinates":[108.19033,12.354026]}},{"type":"Feature","properties":{"name":"Liêng Ông","group":"place","kind":"village","osmId":"n12046955397"},"geometry":{"type":"Point","coordinates":[108.188747,12.356583]}},{"type":"Feature","properties":{"name":"Liêng Keh","group":"place","kind":"village","osmId":"n12046955398"},"geometry":{"type":"Point","coordinates":[108.201781,12.334822]}},{"type":"Feature","properties":{"name":"Năm","group":"place","kind":"village","osmId":"n12046955399"},"geometry":{"type":"Point","coordinates":[108.209888,12.345383]}},{"type":"Feature","properties":{"name":"Đung","group":"place","kind":"village","osmId":"n12046955400"},"geometry":{"type":"Point","coordinates":[108.216974,12.346971]}},{"type":"Feature","properties":{"name":"Chiêng Kao","group":"place","kind":"village","osmId":"n12046955402"},"geometry":{"type":"Point","coordinates":[108.179378,12.360163]}},{"type":"Feature","properties":{"name":"Mih Triêk","group":"place","kind":"village","osmId":"n12046955407"},"geometry":{"type":"Point","coordinates":[108.164294,12.365115]}},{"type":"Feature","properties":{"name":"Đắk Sar","group":"place","kind":"village","osmId":"n12046955412"},"geometry":{"type":"Point","coordinates":[108.162351,12.277752]}},{"type":"Feature","properties":{"name":"Xí Nghiệp","group":"place","kind":"village","osmId":"n12046955418"},"geometry":{"type":"Point","coordinates":[108.163127,12.393276]}},{"type":"Feature","properties":{"name":"Ngã Ba","group":"place","kind":"village","osmId":"n12046955419"},"geometry":{"type":"Point","coordinates":[108.162667,12.402296]}},{"type":"Feature","properties":{"name":"Lâm Trường","group":"place","kind":"village","osmId":"n12046955420"},"geometry":{"type":"Point","coordinates":[108.162975,12.391044]}},{"type":"Feature","properties":{"name":"Tơr","group":"place","kind":"village","osmId":"n12046955425"},"geometry":{"type":"Point","coordinates":[108.1608,12.378679]}},{"type":"Feature","properties":{"name":"Yuk La 3","group":"place","kind":"village","osmId":"n12046955428"},"geometry":{"type":"Point","coordinates":[108.17641,12.397234]}},{"type":"Feature","properties":{"name":"Yuk La","group":"place","kind":"village","osmId":"n12046955429"},"geometry":{"type":"Point","coordinates":[108.176987,12.392982]}},{"type":"Feature","properties":{"name":"Yang Lah 2","group":"place","kind":"village","osmId":"n12046955430"},"geometry":{"type":"Point","coordinates":[108.166303,12.399508]}},{"type":"Feature","properties":{"name":"Yang Lah 1","group":"place","kind":"village","osmId":"n12046955431"},"geometry":{"type":"Point","coordinates":[108.166414,12.402448]}},{"type":"Feature","properties":{"name":"Mliêng","group":"place","kind":"village","osmId":"n12046955433"},"geometry":{"type":"Point","coordinates":[108.159562,12.424567]}},{"type":"Feature","properties":{"name":"Dren B","group":"place","kind":"village","osmId":"n12046955434"},"geometry":{"type":"Point","coordinates":[108.165194,12.392343]}},{"type":"Feature","properties":{"name":"Dren A","group":"place","kind":"village","osmId":"n12046955435"},"geometry":{"type":"Point","coordinates":[108.165924,12.395535]}},{"type":"Feature","properties":{"name":"Sân Bay","group":"place","kind":"village","osmId":"n12046955456"},"geometry":{"type":"Point","coordinates":[108.213123,12.414534]}},{"type":"Feature","properties":{"name":"Ja","group":"place","kind":"village","osmId":"n12046955457"},"geometry":{"type":"Point","coordinates":[108.217206,12.412292]}},{"type":"Feature","properties":{"name":"Thái","group":"place","kind":"village","osmId":"n12046955458"},"geometry":{"type":"Point","coordinates":[108.211389,12.400928]}},{"type":"Feature","properties":{"name":"Mă","group":"place","kind":"village","osmId":"n12046955459"},"geometry":{"type":"Point","coordinates":[108.203163,12.406185]}},{"type":"Feature","properties":{"name":"Yơn","group":"place","kind":"village","osmId":"n12046955460"},"geometry":{"type":"Point","coordinates":[108.227291,12.419718]}},{"type":"Feature","properties":{"name":"Yang Kring","group":"place","kind":"village","osmId":"n12046955461"},"geometry":{"type":"Point","coordinates":[108.22099,12.41022]}},{"type":"Feature","properties":{"name":"Sruông","group":"place","kind":"village","osmId":"n12046955462"},"geometry":{"type":"Point","coordinates":[108.229895,12.423329]}},{"type":"Feature","properties":{"name":"Krai","group":"place","kind":"village","osmId":"n12046955463"},"geometry":{"type":"Point","coordinates":[108.221973,12.421436]}},{"type":"Feature","properties":{"name":"Hang Ja","group":"place","kind":"village","osmId":"n12046955464"},"geometry":{"type":"Point","coordinates":[108.223816,12.4075]}},{"type":"Feature","properties":{"name":"Diêo","group":"place","kind":"village","osmId":"n12046955465"},"geometry":{"type":"Point","coordinates":[108.225158,12.425066]}},{"type":"Feature","properties":{"name":"Dar Ju","group":"place","kind":"village","osmId":"n12046955466"},"geometry":{"type":"Point","coordinates":[108.221001,12.396583]}},{"type":"Feature","properties":{"name":"Tổ dân phố 2","group":"place","kind":"suburb","osmId":"n12046955467"},"geometry":{"type":"Point","coordinates":[108.180581,12.409487]}},{"type":"Feature","properties":{"name":"Đoàn Kết","group":"place","kind":"suburb","osmId":"n12046955468"},"geometry":{"type":"Point","coordinates":[108.17365,12.403844]}},{"type":"Feature","properties":{"name":"Tổ dân phố 1","group":"place","kind":"suburb","osmId":"n12046955469"},"geometry":{"type":"Point","coordinates":[108.174074,12.410875]}},{"type":"Feature","properties":{"name":"Hợp Thành","group":"place","kind":"suburb","osmId":"n12046955470"},"geometry":{"type":"Point","coordinates":[108.172181,12.408329]}},{"type":"Feature","properties":{"name":"Hòa Thắng","group":"place","kind":"suburb","osmId":"n12046955471"},"geometry":{"type":"Point","coordinates":[108.170703,12.406527]}},{"type":"Feature","properties":{"name":"Tổ dân phố 3","group":"place","kind":"suburb","osmId":"n12046955472"},"geometry":{"type":"Point","coordinates":[108.190345,12.406134]}},{"type":"Feature","properties":{"name":"Tổ dân phố 4","group":"place","kind":"suburb","osmId":"n12046955473"},"geometry":{"type":"Point","coordinates":[108.197098,12.406605]}},{"type":"Feature","properties":{"name":"Lê","group":"place","kind":"village","osmId":"n12046955474"},"geometry":{"type":"Point","coordinates":[108.170282,12.410344]}},{"type":"Feature","properties":{"name":"Juin","group":"place","kind":"village","osmId":"n12046955475"},"geometry":{"type":"Point","coordinates":[108.168663,12.414699]}},{"type":"Feature","properties":{"name":"Dơng Kriêng","group":"place","kind":"village","osmId":"n12046955476"},"geometry":{"type":"Point","coordinates":[108.188661,12.402867]}},{"type":"Feature","properties":{"name":"Bach hoa XANH","group":"commerce","kind":"supermarket","osmId":"n12885915901"},"geometry":{"type":"Point","coordinates":[108.173485,12.408393]}},{"type":"Feature","properties":{"name":"Hong Minh Petro","group":"commerce","kind":"fuel","osmId":"n12885916001"},"geometry":{"type":"Point","coordinates":[108.21781,12.439563]}},{"type":"Feature","properties":{"name":"Viettel","group":"commerce","kind":"mobile_phone","osmId":"n13505977801"},"geometry":{"type":"Point","coordinates":[108.176963,12.409551]}},{"type":"Feature","properties":{"name":"Biệt điện Bảo Đại","group":"poi","kind":"attraction","osmId":"w52823719"},"geometry":{"type":"Point","coordinates":[108.176927,12.414525]}},{"type":"Feature","properties":{"name":"Trung tâm Y tế Lắk","group":"health","kind":"hospital","osmId":"w1288604110"},"geometry":{"type":"Point","coordinates":[108.188859,12.405533]}},{"type":"Feature","properties":{"name":"Hong Minh Petro","group":"commerce","kind":"fuel","osmId":"n4400993998"},"geometry":{"type":"Point","coordinates":[108.156321,12.365286]}},{"type":"Feature","properties":{"name":"QT Trung Liêm ( Trịnh Tấn Trung)","group":"health","kind":"pharmacy","osmId":"n6165015288"},"geometry":{"type":"Point","coordinates":[108.041654,12.446894]}},{"type":"Feature","properties":{"name":"QT Lê Duy Bảo","group":"health","kind":"pharmacy","osmId":"n6165052685"},"geometry":{"type":"Point","coordinates":[108.036014,12.43709]}},{"type":"Feature","properties":{"name":"Rice fields","group":"poi","kind":"viewpoint","osmId":"n6939086685"},"geometry":{"type":"Point","coordinates":[108.155105,12.415469]}},{"type":"Feature","properties":{"name":"Boon Van Hoa","group":"poi","kind":"viewpoint","osmId":"n6939086785"},"geometry":{"type":"Point","coordinates":[108.157674,12.427739]}},{"type":"Feature","properties":{"name":"Ferry","group":"poi","kind":"viewpoint","osmId":"n6939086885"},"geometry":{"type":"Point","coordinates":[108.154873,12.436301]}},{"type":"Feature","properties":{"name":"Yên Thành 2","group":"place","kind":"village","osmId":"n12046955404"},"geometry":{"type":"Point","coordinates":[108.147877,12.365314]}},{"type":"Feature","properties":{"name":"Yên Thành 1","group":"place","kind":"village","osmId":"n12046955405"},"geometry":{"type":"Point","coordinates":[108.150419,12.359958]}},{"type":"Feature","properties":{"name":"Kdiê 2","group":"place","kind":"village","osmId":"n12046955410"},"geometry":{"type":"Point","coordinates":[108.158299,12.357327]}},{"type":"Feature","properties":{"name":"Kdiê 1","group":"place","kind":"village","osmId":"n12046955411"},"geometry":{"type":"Point","coordinates":[108.155987,12.348952]}},{"type":"Feature","properties":{"name":"Dhăm 2","group":"place","kind":"village","osmId":"n12046955414"},"geometry":{"type":"Point","coordinates":[108.158729,12.372673]}},{"type":"Feature","properties":{"name":"Dhăm 1","group":"place","kind":"village","osmId":"n12046955415"},"geometry":{"type":"Point","coordinates":[108.158251,12.36705]}},{"type":"Feature","properties":{"name":"Xóm Huế","group":"place","kind":"village","osmId":"n12046955417"},"geometry":{"type":"Point","coordinates":[108.156885,12.398785]}},{"type":"Feature","properties":{"name":"Hòa Bình 3","group":"place","kind":"village","osmId":"n12046955421"},"geometry":{"type":"Point","coordinates":[108.139322,12.403171]}},{"type":"Feature","properties":{"name":"Hòa Bình 2","group":"place","kind":"village","osmId":"n12046955422"},"geometry":{"type":"Point","coordinates":[108.140131,12.406578]}},{"type":"Feature","properties":{"name":"Hòa Bình 1","group":"place","kind":"village","osmId":"n12046955423"},"geometry":{"type":"Point","coordinates":[108.14363,12.404529]}},{"type":"Feature","properties":{"name":"Yuk","group":"place","kind":"village","osmId":"n12046955424"},"geometry":{"type":"Point","coordinates":[108.15533,12.402427]}},{"type":"Feature","properties":{"name":"Kam","group":"place","kind":"village","osmId":"n12046955426"},"geometry":{"type":"Point","coordinates":[108.14315,12.399712]}},{"type":"Feature","properties":{"name":"Bàng","group":"place","kind":"village","osmId":"n12046955427"},"geometry":{"type":"Point","coordinates":[108.150871,12.401132]}},{"type":"Feature","properties":{"name":"Tân Giang","group":"place","kind":"village","osmId":"n12046955436"},"geometry":{"type":"Point","coordinates":[108.101332,12.390147]}},{"type":"Feature","properties":{"name":"Liên Kết 3","group":"place","kind":"village","osmId":"n12046955437"},"geometry":{"type":"Point","coordinates":[108.123004,12.393716]}},{"type":"Feature","properties":{"name":"Liên Kết 2","group":"place","kind":"village","osmId":"n12046955438"},"geometry":{"type":"Point","coordinates":[108.120316,12.401174]}},{"type":"Feature","properties":{"name":"Liên Kết 1","group":"place","kind":"village","osmId":"n12046955439"},"geometry":{"type":"Point","coordinates":[108.124301,12.40075]}},{"type":"Feature","properties":{"name":"Hưng Giang","group":"place","kind":"village","osmId":"n12046955440"},"geometry":{"type":"Point","coordinates":[108.114209,12.402679]}},{"type":"Feature","properties":{"name":"Đông Giang 2","group":"place","kind":"village","osmId":"n12046955441"},"geometry":{"type":"Point","coordinates":[108.103753,12.395342]}},{"type":"Feature","properties":{"name":"Đông Giang 1","group":"place","kind":"village","osmId":"n12046955442"},"geometry":{"type":"Point","coordinates":[108.106822,12.390514]}},{"type":"Feature","properties":{"name":"Tría","group":"place","kind":"village","osmId":"n12046955443"},"geometry":{"type":"Point","coordinates":[108.118116,12.393454]}},{"type":"Feature","properties":{"name":"Sơn Cường","group":"place","kind":"village","osmId":"n12046955444"},"geometry":{"type":"Point","coordinates":[108.090434,12.397584]}},{"type":"Feature","properties":{"name":"Mê Linh 2","group":"place","kind":"village","osmId":"n12046955445"},"geometry":{"type":"Point","coordinates":[108.064022,12.39553]}},{"type":"Feature","properties":{"name":"Mê Linh 1","group":"place","kind":"village","osmId":"n12046955446"},"geometry":{"type":"Point","coordinates":[108.058839,12.398711]}},{"type":"Feature","properties":{"name":"Kiến Xương","group":"place","kind":"village","osmId":"n12046955447"},"geometry":{"type":"Point","coordinates":[108.021624,12.398135]}},{"type":"Feature","properties":{"name":"Đoàn Kết 2","group":"place","kind":"village","osmId":"n12046955448"},"geometry":{"type":"Point","coordinates":[108.074887,12.392155]}},{"type":"Feature","properties":{"name":"Đoàn Kết 1","group":"place","kind":"village","osmId":"n12046955449"},"geometry":{"type":"Point","coordinates":[108.082035,12.39921]}},{"type":"Feature","properties":{"name":"Buôn Tung 3","group":"place","kind":"village","osmId":"n12046955450"},"geometry":{"type":"Point","coordinates":[108.011263,12.394225]}},{"type":"Feature","properties":{"name":"Buôn Tung 2","group":"place","kind":"village","osmId":"n12046955451"},"geometry":{"type":"Point","coordinates":[108.037728,12.396688]}},{"type":"Feature","properties":{"name":"Buôn Tung 1","group":"place","kind":"village","osmId":"n12046955452"},"geometry":{"type":"Point","coordinates":[108.047766,12.39868]}},{"type":"Feature","properties":{"name":"Ja Tu","group":"place","kind":"village","osmId":"n12046955453"},"geometry":{"type":"Point","coordinates":[108.074287,12.381007]}},{"type":"Feature","properties":{"name":"Lac Rung","group":"place","kind":"village","osmId":"n12046955454"},"geometry":{"type":"Point","coordinates":[108.072679,12.382044]}},{"type":"Feature","properties":{"name":"Knac","group":"place","kind":"village","osmId":"n12046955455"},"geometry":{"type":"Point","coordinates":[108.072469,12.388352]}},{"type":"Feature","properties":{"name":"Thôn 4","group":"place","kind":"village","osmId":"n12115379025"},"geometry":{"type":"Point","coordinates":[108.043301,12.451337]}},{"type":"Feature","properties":{"name":"Thôn 3","group":"place","kind":"village","osmId":"n12115379026"},"geometry":{"type":"Point","coordinates":[108.041125,12.445382]}},{"type":"Feature","properties":{"name":"Thôn 2","group":"place","kind":"village","osmId":"n12115379027"},"geometry":{"type":"Point","coordinates":[108.039792,12.43861]}},{"type":"Feature","properties":{"name":"Thôn 1","group":"place","kind":"village","osmId":"n12115379028"},"geometry":{"type":"Point","coordinates":[108.032362,12.438161]}},{"type":"Feature","properties":{"name":"Buôn Triết","group":"place","kind":"village","osmId":"n12115379055"},"geometry":{"type":"Point","coordinates":[108.098718,12.437733]}},{"type":"Feature","properties":{"name":"Krông","group":"place","kind":"village","osmId":"n12115379057"},"geometry":{"type":"Point","coordinates":[108.158041,12.439995]}},{"type":"Feature","properties":{"name":"Thôn 6","group":"place","kind":"village","osmId":"n12115379071"},"geometry":{"type":"Point","coordinates":[108.014336,12.439466]}},{"type":"Feature","properties":{"name":"Thôn 2","group":"place","kind":"village","osmId":"n12115379074"},"geometry":{"type":"Point","coordinates":[108.035152,12.451445]}},{"type":"Feature","properties":{"name":"QT BS Chu Thị Thư","group":"health","kind":"pharmacy","osmId":"n6149305690"},"geometry":{"type":"Point","coordinates":[107.960166,12.311493]}},{"type":"Feature","properties":{"name":"QT Thu Vinh( Chu Thị Thơ)","group":"health","kind":"pharmacy","osmId":"n6149307687"},"geometry":{"type":"Point","coordinates":[107.931722,12.335813]}},{"type":"Feature","properties":{"name":"QT Phúc Khang ( Trần Thị Trúc Ngân)","group":"health","kind":"pharmacy","osmId":"n7123978685"},"geometry":{"type":"Point","coordinates":[107.972093,12.297377]}},{"type":"Feature","properties":{"name":"Thôn 4","group":"place","kind":"village","osmId":"n11885232909"},"geometry":{"type":"Point","coordinates":[107.968149,12.259127]}},{"type":"Feature","properties":{"name":"Phú Xuân","group":"place","kind":"village","osmId":"n11942027305"},"geometry":{"type":"Point","coordinates":[107.97112,12.304927]}},{"type":"Feature","properties":{"name":"Phú Trung","group":"place","kind":"village","osmId":"n11942027307"},"geometry":{"type":"Point","coordinates":[107.972288,12.298873]}},{"type":"Feature","properties":{"name":"Phú Thuận","group":"place","kind":"village","osmId":"n11942027308"},"geometry":{"type":"Point","coordinates":[107.977052,12.291248]}},{"type":"Feature","properties":{"name":"Phú Sơn","group":"place","kind":"village","osmId":"n11942027309"},"geometry":{"type":"Point","coordinates":[107.981616,12.268166]}},{"type":"Feature","properties":{"name":"Phú Lợi","group":"place","kind":"village","osmId":"n11942027310"},"geometry":{"type":"Point","coordinates":[108.016078,12.295233]}},{"type":"Feature","properties":{"name":"Phú Hưng","group":"place","kind":"village","osmId":"n11942027311"},"geometry":{"type":"Point","coordinates":[107.96502,12.310818]}},{"type":"Feature","properties":{"name":"Phú Hòa","group":"place","kind":"village","osmId":"n11942027312"},"geometry":{"type":"Point","coordinates":[108.025753,12.259716]}},{"type":"Feature","properties":{"name":"Nam Ninh","group":"place","kind":"village","osmId":"n11942027331"},"geometry":{"type":"Point","coordinates":[107.916303,12.368066]}},{"type":"Feature","properties":{"name":"Xuyên Tân","group":"place","kind":"village","osmId":"n11942027349"},"geometry":{"type":"Point","coordinates":[107.929023,12.335595]}},{"type":"Feature","properties":{"name":"Xuyên Phước","group":"place","kind":"village","osmId":"n11942027350"},"geometry":{"type":"Point","coordinates":[107.929163,12.344853]}},{"type":"Feature","properties":{"name":"Xuyên Nghĩa","group":"place","kind":"village","osmId":"n11942027351"},"geometry":{"type":"Point","coordinates":[107.926987,12.334319]}},{"type":"Feature","properties":{"name":"Xuyên Hải","group":"place","kind":"village","osmId":"n11942027352"},"geometry":{"type":"Point","coordinates":[107.934937,12.334518]}},{"type":"Feature","properties":{"name":"Xuyên Hà","group":"place","kind":"village","osmId":"n11942027353"},"geometry":{"type":"Point","coordinates":[107.929473,12.349398]}},{"type":"Feature","properties":{"name":"Xuyên An","group":"place","kind":"village","osmId":"n11942027354"},"geometry":{"type":"Point","coordinates":[107.926882,12.338035]}},{"type":"Feature","properties":{"name":"Phú Tiến","group":"place","kind":"village","osmId":"n11942027363"},"geometry":{"type":"Point","coordinates":[107.946308,12.266232]}},{"type":"Feature","properties":{"name":"Phú Thịnh","group":"place","kind":"village","osmId":"n11942027364"},"geometry":{"type":"Point","coordinates":[107.932604,12.326021]}},{"type":"Feature","properties":{"name":"Phú Tân","group":"place","kind":"village","osmId":"n11942027365"},"geometry":{"type":"Point","coordinates":[107.950433,12.316363]}},{"type":"Feature","properties":{"name":"Phú Lợi","group":"place","kind":"village","osmId":"n11942027366"},"geometry":{"type":"Point","coordinates":[107.940365,12.329544]}},{"type":"Feature","properties":{"name":"Phú Cường","group":"place","kind":"village","osmId":"n11942027367"},"geometry":{"type":"Point","coordinates":[107.941512,12.3263]}},{"type":"Feature","properties":{"name":"Krue","group":"place","kind":"village","osmId":"n11942027368"},"geometry":{"type":"Point","coordinates":[107.938515,12.332618]}},{"type":"Feature","properties":{"name":"Buốc","group":"place","kind":"village","osmId":"n12046955372"},"geometry":{"type":"Point","coordinates":[108.027507,12.290257]}},{"type":"Feature","properties":{"name":"Tu Sria","group":"place","kind":"village","osmId":"n12046955373"},"geometry":{"type":"Point","coordinates":[108.027247,12.29152]}},{"type":"Feature","properties":{"name":"Lăch Lo","group":"place","kind":"village","osmId":"n12046955374"},"geometry":{"type":"Point","coordinates":[108.030972,12.337563]}},{"type":"Feature","properties":{"name":"Krái","group":"place","kind":"village","osmId":"n12046955375"},"geometry":{"type":"Point","coordinates":[108.023008,12.296902]}},{"type":"Feature","properties":{"name":"Sa Bôk","group":"place","kind":"village","osmId":"n12046955389"},"geometry":{"type":"Point","coordinates":[107.964656,12.327621]}},{"type":"Feature","properties":{"name":"Plao Siêng","group":"place","kind":"village","osmId":"n12046955390"},"geometry":{"type":"Point","coordinates":[107.940614,12.339869]}},{"type":"Feature","properties":{"name":"Phôk","group":"place","kind":"village","osmId":"n12046955391"},"geometry":{"type":"Point","coordinates":[107.950688,12.329681]}},{"type":"Feature","properties":{"name":"Ea Ring","group":"place","kind":"village","osmId":"n12046955392"},"geometry":{"type":"Point","coordinates":[107.954713,12.324675]}},{"type":"Feature","properties":{"name":"Pai Bi","group":"place","kind":"village","osmId":"n12046955408"},"geometry":{"type":"Point","coordinates":[108.146896,12.303145]}},{"type":"Feature","properties":{"name":"Dlây","group":"place","kind":"village","osmId":"n12046955413"},"geometry":{"type":"Point","coordinates":[108.139065,12.269798]}},{"type":"Feature","properties":{"name":"QT Trần Văn Liên","group":"health","kind":"pharmacy","osmId":"n7418872489"},"geometry":{"type":"Point","coordinates":[108.181523,12.584547]}},{"type":"Feature","properties":{"name":"Pưk Prông","group":"place","kind":"village","osmId":"n12133285337"},"geometry":{"type":"Point","coordinates":[108.193932,12.626555]}},{"type":"Feature","properties":{"name":"Thôn 24","group":"place","kind":"village","osmId":"n12133285338"},"geometry":{"type":"Point","coordinates":[108.183919,12.600519]}},{"type":"Feature","properties":{"name":"Thôn 23","group":"place","kind":"village","osmId":"n12133285339"},"geometry":{"type":"Point","coordinates":[108.18803,12.614496]}},{"type":"Feature","properties":{"name":"Thôn 18","group":"place","kind":"village","osmId":"n12133285341"},"geometry":{"type":"Point","coordinates":[108.202422,12.629157]}},{"type":"Feature","properties":{"name":"Thôn 14","group":"place","kind":"village","osmId":"n12133285345"},"geometry":{"type":"Point","coordinates":[108.213743,12.595846]}},{"type":"Feature","properties":{"name":"Thôn 11","group":"place","kind":"village","osmId":"n12133285346"},"geometry":{"type":"Point","coordinates":[108.198463,12.605586]}},{"type":"Feature","properties":{"name":"Thôn 10","group":"place","kind":"village","osmId":"n12133285347"},"geometry":{"type":"Point","coordinates":[108.204693,12.613773]}},{"type":"Feature","properties":{"name":"Thôn 9","group":"place","kind":"village","osmId":"n12133285348"},"geometry":{"type":"Point","coordinates":[108.214462,12.608093]}},{"type":"Feature","properties":{"name":"Thôn 8","group":"place","kind":"village","osmId":"n12133285349"},"geometry":{"type":"Point","coordinates":[108.209345,12.610551]}},{"type":"Feature","properties":{"name":"Thôn 7","group":"place","kind":"village","osmId":"n12133285350"},"geometry":{"type":"Point","coordinates":[108.235223,12.602233]}},{"type":"Feature","properties":{"name":"Thôn 6","group":"place","kind":"village","osmId":"n12133285351"},"geometry":{"type":"Point","coordinates":[108.241274,12.594519]}},{"type":"Feature","properties":{"name":"Thôn 8","group":"place","kind":"village","osmId":"n12133285371"},"geometry":{"type":"Point","coordinates":[108.222965,12.599215]}},{"type":"Feature","properties":{"name":"Thôn 7","group":"place","kind":"village","osmId":"n12133285372"},"geometry":{"type":"Point","coordinates":[108.211876,12.587087]}},{"type":"Feature","properties":{"name":"Thôn 6","group":"place","kind":"village","osmId":"n12133285373"},"geometry":{"type":"Point","coordinates":[108.229867,12.580588]}},{"type":"Feature","properties":{"name":"Thôn 5","group":"place","kind":"village","osmId":"n12133285374"},"geometry":{"type":"Point","coordinates":[108.235709,12.587517]}},{"type":"Feature","properties":{"name":"Thôn 3","group":"place","kind":"village","osmId":"n12133285376"},"geometry":{"type":"Point","coordinates":[108.236926,12.572156]}},{"type":"Feature","properties":{"name":"Thôn 2","group":"place","kind":"village","osmId":"n12133285377"},"geometry":{"type":"Point","coordinates":[108.227561,12.565445]}},{"type":"Feature","properties":{"name":"Thôn 1","group":"place","kind":"village","osmId":"n12133285378"},"geometry":{"type":"Point","coordinates":[108.233408,12.557826]}},{"type":"Feature","properties":{"name":"Ko Êmông A","group":"place","kind":"village","osmId":"n12133285379"},"geometry":{"type":"Point","coordinates":[108.221653,12.562632]}},{"type":"Feature","properties":{"name":"Ko Êmông","group":"place","kind":"village","osmId":"n12133285380"},"geometry":{"type":"Point","coordinates":[108.200435,12.554777]}},{"type":"Feature","properties":{"name":"Ea Kmar","group":"place","kind":"village","osmId":"n12133285383"},"geometry":{"type":"Point","coordinates":[108.1805,12.557571]}},{"type":"Feature","properties":{"name":"Ea Khit A","group":"place","kind":"village","osmId":"n12133285384"},"geometry":{"type":"Point","coordinates":[108.190786,12.553052]}},{"type":"Feature","properties":{"name":"Ea Khit","group":"place","kind":"village","osmId":"n12133285385"},"geometry":{"type":"Point","coordinates":[108.192636,12.549958]}},{"type":"Feature","properties":{"name":"Ea Bhôk","group":"place","kind":"village","osmId":"n12133285386"},"geometry":{"type":"Point","coordinates":[108.190946,12.578275]}},{"type":"Feature","properties":{"name":"Thôn 7","group":"place","kind":"village","osmId":"n12133285389"},"geometry":{"type":"Point","coordinates":[108.20306,12.574119]}},{"type":"Feature","properties":{"name":"Thôn 6","group":"place","kind":"village","osmId":"n12133285390"},"geometry":{"type":"Point","coordinates":[108.185757,12.58268]}},{"type":"Feature","properties":{"name":"Thôn 2","group":"place","kind":"village","osmId":"n12133285394"},"geometry":{"type":"Point","coordinates":[108.205213,12.586]}},{"type":"Feature","properties":{"name":"Thôn 1","group":"place","kind":"village","osmId":"n12133285395"},"geometry":{"type":"Point","coordinates":[108.177598,12.58321]}},{"type":"Feature","properties":{"name":"Tắc Mnga","group":"place","kind":"village","osmId":"n12133290701"},"geometry":{"type":"Point","coordinates":[108.23214,12.613664]}},{"type":"Feature","properties":{"name":"Thôn 12","group":"place","kind":"village","osmId":"n12133290703"},"geometry":{"type":"Point","coordinates":[108.222696,12.617039]}},{"type":"Feature","properties":{"name":"Thôn 1C","group":"place","kind":"village","osmId":"n12133290708"},"geometry":{"type":"Point","coordinates":[108.236357,12.622694]}},{"type":"Feature","properties":{"name":"Thôn 1B","group":"place","kind":"village","osmId":"n12133290709"},"geometry":{"type":"Point","coordinates":[108.248063,12.615998]}},{"type":"Feature","properties":{"name":"Thôn 1A","group":"place","kind":"village","osmId":"n12133290710"},"geometry":{"type":"Point","coordinates":[108.248343,12.609199]}},{"type":"Feature","properties":{"name":"Nhà thư lý","group":"civic","kind":"townhall","osmId":"n4393134805"},"geometry":{"type":"Point","coordinates":[108.076532,12.59486]}},{"type":"Feature","properties":{"name":"Nhà thanh long","group":"civic","kind":"townhall","osmId":"n4393134806"},"geometry":{"type":"Point","coordinates":[108.076533,12.594535]}},{"type":"Feature","properties":{"name":"Trường Tiểu học Nơ trang lơng ( cs T11)","group":"school","kind":"school","osmId":"n4393134811"},"geometry":{"type":"Point","coordinates":[108.076801,12.594064]}},{"type":"Feature","properties":{"name":"Apollo Oil","group":"commerce","kind":"fuel","osmId":"n4400934409"},"geometry":{"type":"Point","coordinates":[108.168446,12.558891]}},{"type":"Feature","properties":{"name":"Apollo","group":"commerce","kind":"fuel","osmId":"n4400996501"},"geometry":{"type":"Point","coordinates":[108.182257,12.514917]}},{"type":"Feature","properties":{"name":"Apollo","group":"commerce","kind":"fuel","osmId":"n4400996511"},"geometry":{"type":"Point","coordinates":[108.171607,12.538882]}},{"type":"Feature","properties":{"name":"Petrolimex","group":"commerce","kind":"fuel","osmId":"n4401008900"},"geometry":{"type":"Point","coordinates":[108.230512,12.502777]}},{"type":"Feature","properties":{"name":"Mipecorp","group":"commerce","kind":"fuel","osmId":"n4401010993"},"geometry":{"type":"Point","coordinates":[108.162399,12.575411]}},{"type":"Feature","properties":{"name":"Hong Minh Petro","group":"commerce","kind":"fuel","osmId":"n4401011493"},"geometry":{"type":"Point","coordinates":[108.177404,12.531041]}},{"type":"Feature","properties":{"name":"Petrolimex","group":"commerce","kind":"fuel","osmId":"n4401027390"},"geometry":{"type":"Point","coordinates":[108.168523,12.552003]}},{"type":"Feature","properties":{"name":"H Petro","group":"commerce","kind":"fuel","osmId":"n4401055989"},"geometry":{"type":"Point","coordinates":[108.141434,12.589196]}},{"type":"Feature","properties":{"name":"Petrolimex","group":"commerce","kind":"fuel","osmId":"n4401056089"},"geometry":{"type":"Point","coordinates":[108.15064,12.579272]}},{"type":"Feature","properties":{"name":"PV Oil","group":"commerce","kind":"fuel","osmId":"n4401056289"},"geometry":{"type":"Point","coordinates":[108.168457,12.562456]}},{"type":"Feature","properties":{"name":"QT Hoàng Phương","group":"health","kind":"pharmacy","osmId":"n6149287294"},"geometry":{"type":"Point","coordinates":[108.14158,12.58558]}},{"type":"Feature","properties":{"name":"QT Thanh Phương","group":"health","kind":"pharmacy","osmId":"n6149287295"},"geometry":{"type":"Point","coordinates":[108.167756,12.541978]}},{"type":"Feature","properties":{"name":"QT Quỳnh Lan","group":"health","kind":"pharmacy","osmId":"n6149287794"},"geometry":{"type":"Point","coordinates":[108.169654,12.545982]}},{"type":"Feature","properties":{"name":"QT dũng the","group":"health","kind":"pharmacy","osmId":"n6149317585"},"geometry":{"type":"Point","coordinates":[108.251177,12.506322]}},{"type":"Feature","properties":{"name":"QT Nguyệt Ánh ( Nguyễn Thị Nguyệt Ánh)","group":"health","kind":"pharmacy","osmId":"n6165309985"},"geometry":{"type":"Point","coordinates":[108.22947,12.504518]}},{"type":"Feature","properties":{"name":"QT Tuệ Nhung","group":"health","kind":"pharmacy","osmId":"n6165333485"},"geometry":{"type":"Point","coordinates":[108.170403,12.546147]}},{"type":"Feature","properties":{"name":"QT Lưu Thị Kim ( Sơn Kim)","group":"health","kind":"pharmacy","osmId":"n6165334387"},"geometry":{"type":"Point","coordinates":[108.170294,12.546593]}},{"type":"Feature","properties":{"name":"QT Đào Thị Hoa","group":"health","kind":"pharmacy","osmId":"n6165334388"},"geometry":{"type":"Point","coordinates":[108.163785,12.574362]}},{"type":"Feature","properties":{"name":"QT Phương Dung","group":"health","kind":"pharmacy","osmId":"n6165340585"},"geometry":{"type":"Point","coordinates":[108.170233,12.54633]}},{"type":"Feature","properties":{"name":"Qt Trần Văn Liên","group":"health","kind":"pharmacy","osmId":"n7113629485"},"geometry":{"type":"Point","coordinates":[108.162346,12.575001]}},{"type":"Feature","properties":{"name":"QT Đào Hoa ( Đào Thị Hoa ) Ea Bhok 0500/00287","group":"health","kind":"pharmacy","osmId":"n9354483817"},"geometry":{"type":"Point","coordinates":[108.159475,12.575341]}},{"type":"Feature","properties":{"name":"Đồi Đức Mẹ Giang Sơn","group":"poi","kind":"attraction","osmId":"n11048038005"},"geometry":{"type":"Point","coordinates":[108.192278,12.507291]}},{"type":"Feature","properties":{"name":"Yang Reh","group":"place","kind":"village","osmId":"n12073771597"},"geometry":{"type":"Point","coordinates":[108.227876,12.490818]}},{"type":"Feature","properties":{"name":"Trôk Ắt","group":"place","kind":"village","osmId":"n12073771598"},"geometry":{"type":"Point","coordinates":[108.21953,12.499535]}},{"type":"Feature","properties":{"name":"Cuăh","group":"place","kind":"village","osmId":"n12073771599"},"geometry":{"type":"Point","coordinates":[108.202819,12.508806]}},{"type":"Feature","properties":{"name":"Thôn 4","group":"place","kind":"village","osmId":"n12073771600"},"geometry":{"type":"Point","coordinates":[108.186887,12.507868]}},{"type":"Feature","properties":{"name":"Thôn 3","group":"place","kind":"village","osmId":"n12073771601"},"geometry":{"type":"Point","coordinates":[108.217508,12.509155]}},{"type":"Feature","properties":{"name":"Thôn 1","group":"place","kind":"village","osmId":"n12073771603"},"geometry":{"type":"Point","coordinates":[108.242326,12.50548]}},{"type":"Feature","properties":{"name":"Thôn 2","group":"place","kind":"village","osmId":"n12073777080"},"geometry":{"type":"Point","coordinates":[108.251788,12.512297]}},{"type":"Feature","properties":{"name":"Thôn 1","group":"place","kind":"village","osmId":"n12073777081"},"geometry":{"type":"Point","coordinates":[108.251385,12.506409]}},{"type":"Feature","properties":{"name":"Thôn 10/3","group":"place","kind":"village","osmId":"n12115379041"},"geometry":{"type":"Point","coordinates":[108.07856,12.540358]}},{"type":"Feature","properties":{"name":"Mới","group":"place","kind":"village","osmId":"n12133285308"},"geometry":{"type":"Point","coordinates":[108.164445,12.542557]}},{"type":"Feature","properties":{"name":"Thành Công","group":"place","kind":"village","osmId":"n12133285309"},"geometry":{"type":"Point","coordinates":[108.176103,12.53495]}},{"type":"Feature","properties":{"name":"Kim Phát","group":"place","kind":"village","osmId":"n12133285310"},"geometry":{"type":"Point","coordinates":[108.171817,12.542894]}},{"type":"Feature","properties":{"name":"Hiệp Tân","group":"place","kind":"village","osmId":"n12133285311"},"geometry":{"type":"Point","coordinates":[108.180522,12.526537]}},{"type":"Feature","properties":{"name":"Giang Sơn","group":"place","kind":"village","osmId":"n12133285312"},"geometry":{"type":"Point","coordinates":[108.182798,12.514885]}},{"type":"Feature","properties":{"name":"Đông Sơn","group":"place","kind":"village","osmId":"n12133285313"},"geometry":{"type":"Point","coordinates":[108.196279,12.521845]}},{"type":"Feature","properties":{"name":"Kpung","group":"place","kind":"village","osmId":"n12133285314"},"geometry":{"type":"Point","coordinates":[108.193647,12.52951]}},{"type":"Feature","properties":{"name":"Cư Knao","group":"place","kind":"village","osmId":"n12133285315"},"geometry":{"type":"Point","coordinates":[108.21835,12.535185]}},{"type":"Feature","properties":{"name":"Ciết","group":"place","kind":"village","osmId":"n12133285322"},"geometry":{"type":"Point","coordinates":[108.132656,12.582532]}},{"type":"Feature","properties":{"name":"Thôn 11","group":"place","kind":"village","osmId":"n12133285326"},"geometry":{"type":"Point","coordinates":[108.07687,12.594]}},{"type":"Feature","properties":{"name":"Thôn 10","group":"place","kind":"village","osmId":"n12133285327"},"geometry":{"type":"Point","coordinates":[108.138256,12.591202]}},{"type":"Feature","properties":{"name":"Thôn 9","group":"place","kind":"village","osmId":"n12133285328"},"geometry":{"type":"Point","coordinates":[108.139616,12.5838]}},{"type":"Feature","properties":{"name":"Thôn 5","group":"place","kind":"village","osmId":"n12133285332"},"geometry":{"type":"Point","coordinates":[108.132933,12.596163]}},{"type":"Feature","properties":{"name":"Ea Mtă A","group":"place","kind":"village","osmId":"n12133285381"},"geometry":{"type":"Point","coordinates":[108.152868,12.579593]}},{"type":"Feature","properties":{"name":"Ea Mtă","group":"place","kind":"village","osmId":"n12133285382"},"geometry":{"type":"Point","coordinates":[108.159684,12.579932]}},{"type":"Feature","properties":{"name":"Thôn 9","group":"place","kind":"village","osmId":"n12133285387"},"geometry":{"type":"Point","coordinates":[108.171137,12.595693]}},{"type":"Feature","properties":{"name":"Thôn 8","group":"place","kind":"village","osmId":"n12133285388"},"geometry":{"type":"Point","coordinates":[108.149006,12.588371]}},{"type":"Feature","properties":{"name":"Thôn 5","group":"place","kind":"village","osmId":"n12133285391"},"geometry":{"type":"Point","coordinates":[108.173852,12.588712]}},{"type":"Feature","properties":{"name":"Thôn 4","group":"place","kind":"village","osmId":"n12133285392"},"geometry":{"type":"Point","coordinates":[108.169785,12.568544]}},{"type":"Feature","properties":{"name":"Nam Hòa","group":"place","kind":"village","osmId":"n12133285396"},"geometry":{"type":"Point","coordinates":[108.153697,12.576284]}},{"type":"Feature","properties":{"name":"Lô 13","group":"place","kind":"village","osmId":"n12133285397"},"geometry":{"type":"Point","coordinates":[108.098468,12.559905]}},{"type":"Feature","properties":{"name":"Kim Châu","group":"place","kind":"village","osmId":"n12133285398"},"geometry":{"type":"Point","coordinates":[108.171112,12.553252]}},{"type":"Feature","properties":{"name":"Hra Ea Tlă","group":"place","kind":"village","osmId":"n12133285399"},"geometry":{"type":"Point","coordinates":[108.159062,12.538996]}},{"type":"Feature","properties":{"name":"Hra Ea Hning","group":"place","kind":"village","osmId":"n12133285400"},"geometry":{"type":"Point","coordinates":[108.144817,12.543356]}},{"type":"Feature","properties":{"name":"Bike shop","group":"commerce","kind":"bicycle","osmId":"n12149063730"},"geometry":{"type":"Point","coordinates":[108.169024,12.547463]}},{"type":"Feature","properties":{"name":"Bach Hoa Xanh","group":"commerce","kind":"supermarket","osmId":"n13103166001"},"geometry":{"type":"Point","coordinates":[108.169812,12.546388]}},{"type":"Feature","properties":{"name":"An Nhiên","group":"poi","kind":"guest_house","osmId":"n13483603502"},"geometry":{"type":"Point","coordinates":[108.184001,12.51866]}},{"type":"Feature","properties":{"name":"Beli","group":"commerce","kind":"clothes","osmId":"n13483604002"},"geometry":{"type":"Point","coordinates":[108.140128,12.595574]}},{"type":"Feature","properties":{"name":"Sacombank","group":"commerce","kind":"bank","osmId":"n13505975901"},"geometry":{"type":"Point","coordinates":[108.169126,12.561547]}},{"type":"Feature","properties":{"name":"Milk Tea","group":"commerce","kind":"beverages","osmId":"n13505976001"},"geometry":{"type":"Point","coordinates":[108.169058,12.55454]}},{"type":"Feature","properties":{"name":"Nông trường cafe Eatieu","group":"civic","kind":"townhall","osmId":"n4393134807"},"geometry":{"type":"Point","coordinates":[108.098409,12.602995]}},{"type":"Feature","properties":{"name":"Trường Tiểu học Nơ trang Lơng","group":"school","kind":"school","osmId":"n4393134808"},"geometry":{"type":"Point","coordinates":[108.098602,12.604241]}},{"type":"Feature","properties":{"name":"Trường cấp 3 Việt Đức","group":"school","kind":"school","osmId":"n4393134809"},"geometry":{"type":"Point","coordinates":[108.123418,12.629579]}},{"type":"Feature","properties":{"name":"Trường Trung học cơ sở Eatieu","group":"school","kind":"school","osmId":"n4393134810"},"geometry":{"type":"Point","coordinates":[108.113376,12.612868]}},{"type":"Feature","properties":{"name":"Ủy ban nhân dân xã Eatieu","group":"civic","kind":"townhall","osmId":"n4393134813"},"geometry":{"type":"Point","coordinates":[108.112345,12.612575]}},{"type":"Feature","properties":{"name":"Trường Cấp 2 Việt Đức","group":"school","kind":"school","osmId":"n4393134814"},"geometry":{"type":"Point","coordinates":[108.125221,12.629328]}},{"type":"Feature","properties":{"name":"Petrolimex","group":"commerce","kind":"fuel","osmId":"n4401010390"},"geometry":{"type":"Point","coordinates":[108.120927,12.633303]}},{"type":"Feature","properties":{"name":"Petrolimex","group":"commerce","kind":"fuel","osmId":"n4401010391"},"geometry":{"type":"Point","coordinates":[108.13236,12.609682]}},{"type":"Feature","properties":{"name":"PV Oil","group":"commerce","kind":"fuel","osmId":"n4401010392"},"geometry":{"type":"Point","coordinates":[108.138835,12.599695]}},{"type":"Feature","properties":{"name":"Petrolimex","group":"commerce","kind":"fuel","osmId":"n4401010790"},"geometry":{"type":"Point","coordinates":[108.107,12.655782]}},{"type":"Feature","properties":{"name":"Nhà thờ giáo xứ Vinh Hòa","group":"worship","kind":"place_of_worship","osmId":"n4550331301"},"geometry":{"type":"Point","coordinates":[108.136148,12.609706]}},{"type":"Feature","properties":{"name":"Chợ Trung Hòa","group":"commerce","kind":"supermarket","osmId":"n4550331397"},"geometry":{"type":"Point","coordinates":[108.132584,12.607708]}},{"type":"Feature","properties":{"name":"Cây Xăng","group":"commerce","kind":"fuel","osmId":"n4551099994"},"geometry":{"type":"Point","coordinates":[108.130059,12.6165]}},{"type":"Feature","properties":{"name":"Cổng Làng Trung Hòa","group":"poi","kind":"viewpoint","osmId":"n4551100291"},"geometry":{"type":"Point","coordinates":[108.133092,12.607909]}},{"type":"Feature","properties":{"name":"Chợ Hòa Thắng","group":"commerce","kind":"supermarket","osmId":"n4551134390"},"geometry":{"type":"Point","coordinates":[108.106693,12.657898]}},{"type":"Feature","properties":{"name":"Bình Mobile","group":"commerce","kind":"pawnbroker","osmId":"n5196737824"},"geometry":{"type":"Point","coordinates":[108.124805,12.628442]}},{"type":"Feature","properties":{"name":"QT Minh Huy","group":"health","kind":"pharmacy","osmId":"n6149286499"},"geometry":{"type":"Point","coordinates":[108.137835,12.600414]}},{"type":"Feature","properties":{"name":"QT trần thị tuyết mai","group":"health","kind":"pharmacy","osmId":"n6149286500"},"geometry":{"type":"Point","coordinates":[108.133994,12.606327]}},{"type":"Feature","properties":{"name":"QT Kim Loan","group":"health","kind":"pharmacy","osmId":"n6149287292"},"geometry":{"type":"Point","coordinates":[108.131818,12.610268]}},{"type":"Feature","properties":{"name":"QT Công Chính ( con hoàng thị tuyết )","group":"health","kind":"pharmacy","osmId":"n6149287293"},"geometry":{"type":"Point","coordinates":[108.132901,12.607886]}},{"type":"Feature","properties":{"name":"QT phương thảo","group":"health","kind":"pharmacy","osmId":"n6149287793"},"geometry":{"type":"Point","coordinates":[108.098084,12.604981]}},{"type":"Feature","properties":{"name":"QT Lê Thị Thoan 19","group":"health","kind":"pharmacy","osmId":"n6165376585"},"geometry":{"type":"Point","coordinates":[108.114225,12.641818]}},{"type":"Feature","properties":{"name":"QT Phương Thảo","group":"health","kind":"pharmacy","osmId":"n6369789985"},"geometry":{"type":"Point","coordinates":[108.149919,12.630435]}},{"type":"Feature","properties":{"name":"QT Bảo An","group":"health","kind":"pharmacy","osmId":"n6369833885"},"geometry":{"type":"Point","coordinates":[108.108484,12.651104]}},{"type":"Feature","properties":{"name":"QT Hoà Thắng ( Hoàng Thị Anh Thư ) 61 Nguyễn Thái Bình","group":"health","kind":"pharmacy","osmId":"n7715368585"},"geometry":{"type":"Point","coordinates":[108.107129,12.657958]}},{"type":"Feature","properties":{"name":"QT Số 15 ( Hoàng Thị Tuyết ) thôn 1 xã Ea Ktur. Cưkuin","group":"health","kind":"pharmacy","osmId":"n8360003317"},"geometry":{"type":"Point","coordinates":[108.13353,12.608213]}},{"type":"Feature","properties":{"name":"Kram","group":"place","kind":"village","osmId":"n12133285316"},"geometry":{"type":"Point","coordinates":[108.115038,12.613601]}},{"type":"Feature","properties":{"name":"Knir","group":"place","kind":"village","osmId":"n12133285317"},"geometry":{"type":"Point","coordinates":[108.089231,12.618004]}},{"type":"Feature","properties":{"name":"Hluk","group":"place","kind":"village","osmId":"n12133285318"},"geometry":{"type":"Point","coordinates":[108.125343,12.605242]}},{"type":"Feature","properties":{"name":"Êga","group":"place","kind":"village","osmId":"n12133285319"},"geometry":{"type":"Point","coordinates":[108.098393,12.610076]}},{"type":"Feature","properties":{"name":"Êbung","group":"place","kind":"village","osmId":"n12133285320"},"geometry":{"type":"Point","coordinates":[108.089597,12.604271]}},{"type":"Feature","properties":{"name":"Ea Tiêu","group":"place","kind":"village","osmId":"n12133285321"},"geometry":{"type":"Point","coordinates":[108.095682,12.604255]}},{"type":"Feature","properties":{"name":"Thôn 86","group":"place","kind":"village","osmId":"n12133285323"},"geometry":{"type":"Point","coordinates":[108.076025,12.618389]}},{"type":"Feature","properties":{"name":"Thôn 85","group":"place","kind":"village","osmId":"n12133285324"},"geometry":{"type":"Point","coordinates":[108.105036,12.608834]}},{"type":"Feature","properties":{"name":"Thôn 13","group":"place","kind":"village","osmId":"n12133285325"},"geometry":{"type":"Point","coordinates":[108.123063,12.630473]}},{"type":"Feature","properties":{"name":"Thôn 8","group":"place","kind":"village","osmId":"n12133285329"},"geometry":{"type":"Point","coordinates":[108.12975,12.608978]}},{"type":"Feature","properties":{"name":"Thôn 7","group":"place","kind":"village","osmId":"n12133285330"},"geometry":{"type":"Point","coordinates":[108.109785,12.638192]}},{"type":"Feature","properties":{"name":"Thôn 6","group":"place","kind":"village","osmId":"n12133285331"},"geometry":{"type":"Point","coordinates":[108.101631,12.631011]}},{"type":"Feature","properties":{"name":"Thôn 4","group":"place","kind":"village","osmId":"n12133285333"},"geometry":{"type":"Point","coordinates":[108.132734,12.601524]}},{"type":"Feature","properties":{"name":"Thôn 3","group":"place","kind":"village","osmId":"n12133285334"},"geometry":{"type":"Point","coordinates":[108.111873,12.639949]}},{"type":"Feature","properties":{"name":"Thôn 2","group":"place","kind":"village","osmId":"n12133285335"},"geometry":{"type":"Point","coordinates":[108.128386,12.605614]}},{"type":"Feature","properties":{"name":"Thôn 1","group":"place","kind":"village","osmId":"n12133285336"},"geometry":{"type":"Point","coordinates":[108.132035,12.605719]}},{"type":"Feature","properties":{"name":"Kniết","group":"place","kind":"village","osmId":"n12133285356"},"geometry":{"type":"Point","coordinates":[108.166503,12.629205]}},{"type":"Feature","properties":{"name":"Thôn 13","group":"place","kind":"village","osmId":"n12133285359"},"geometry":{"type":"Point","coordinates":[108.165576,12.61205]}},{"type":"Feature","properties":{"name":"Thôn 12","group":"place","kind":"village","osmId":"n12133285360"},"geometry":{"type":"Point","coordinates":[108.161474,12.624376]}},{"type":"Feature","properties":{"name":"Thôn 11","group":"place","kind":"village","osmId":"n12133285361"},"geometry":{"type":"Point","coordinates":[108.150964,12.630119]}},{"type":"Feature","properties":{"name":"Thôn 10","group":"place","kind":"village","osmId":"n12133285362"},"geometry":{"type":"Point","coordinates":[108.129901,12.620909]}},{"type":"Feature","properties":{"name":"Thôn 8","group":"place","kind":"village","osmId":"n12133285363"},"geometry":{"type":"Point","coordinates":[108.120376,12.643749]}},{"type":"Feature","properties":{"name":"Thôn 7","group":"place","kind":"village","osmId":"n12133285364"},"geometry":{"type":"Point","coordinates":[108.118847,12.640289]}},{"type":"Feature","properties":{"name":"Thôn 4","group":"place","kind":"village","osmId":"n12133285367"},"geometry":{"type":"Point","coordinates":[108.136583,12.61322]}},{"type":"Feature","properties":{"name":"Thôn 3","group":"place","kind":"village","osmId":"n12133285368"},"geometry":{"type":"Point","coordinates":[108.139191,12.609383]}},{"type":"Feature","properties":{"name":"Thôn 2","group":"place","kind":"village","osmId":"n12133285369"},"geometry":{"type":"Point","coordinates":[108.135672,12.60741]}},{"type":"Feature","properties":{"name":"Thôn 1","group":"place","kind":"village","osmId":"n12133285370"},"geometry":{"type":"Point","coordinates":[108.133513,12.611443]}},{"type":"Feature","properties":{"name":"Thôn 3","group":"place","kind":"village","osmId":"n12133285393"},"geometry":{"type":"Point","coordinates":[108.162745,12.597903]}},{"type":"Feature","properties":{"name":"Thôn 9","group":"place","kind":"village","osmId":"n12136166396"},"geometry":{"type":"Point","coordinates":[108.109443,12.651568]}},{"type":"Feature","properties":{"name":"Thôn 8","group":"place","kind":"village","osmId":"n12136166397"},"geometry":{"type":"Point","coordinates":[108.109502,12.656185]}},{"type":"Feature","properties":{"name":"Thôn 7","group":"place","kind":"village","osmId":"n12136166398"},"geometry":{"type":"Point","coordinates":[108.126667,12.658607]}},{"type":"Feature","properties":{"name":"Thôn 6","group":"place","kind":"village","osmId":"n12136166399"},"geometry":{"type":"Point","coordinates":[108.085006,12.653806]}},{"type":"Feature","properties":{"name":"Thôn 5","group":"place","kind":"village","osmId":"n12136166400"},"geometry":{"type":"Point","coordinates":[108.106073,12.651869]}},{"type":"Feature","properties":{"name":"Thôn 4","group":"place","kind":"village","osmId":"n12136171501"},"geometry":{"type":"Point","coordinates":[108.10188,12.652313]}},{"type":"Feature","properties":{"name":"Thôn 3","group":"place","kind":"village","osmId":"n12136171502"},"geometry":{"type":"Point","coordinates":[108.107991,12.659622]}},{"type":"Feature","properties":{"name":"Tơng Jú","group":"place","kind":"village","osmId":"n12136171552"},"geometry":{"type":"Point","coordinates":[108.063482,12.582283]}},{"type":"Feature","properties":{"name":"Hwiê","group":"place","kind":"village","osmId":"n12136171555"},"geometry":{"type":"Point","coordinates":[108.065826,12.61659]}},{"type":"Feature","properties":{"name":"Hđrat","group":"place","kind":"village","osmId":"n12136171556"},"geometry":{"type":"Point","coordinates":[108.062978,12.63434]}},{"type":"Feature","properties":{"name":"Cao Thắng","group":"place","kind":"village","osmId":"n12136171560"},"geometry":{"type":"Point","coordinates":[108.076075,12.580711]}},{"type":"Feature","properties":{"name":"Bach Hoa Xanh","group":"commerce","kind":"supermarket","osmId":"n13006517401"},"geometry":{"type":"Point","coordinates":[108.132897,12.608224]}},{"type":"Feature","properties":{"name":"Viettel","group":"commerce","kind":"mobile_phone","osmId":"n13505975801"},"geometry":{"type":"Point","coordinates":[108.134266,12.606109]}},{"type":"Feature","properties":{"name":"UBND xã Hòa Thắng","group":"civic","kind":"townhall","osmId":"w241987811"},"geometry":{"type":"Point","coordinates":[108.104088,12.662029]}},{"type":"Feature","properties":{"name":"Trường Trung học cơ sở Nguyễn Chí Thanh","group":"school","kind":"school","osmId":"w242683859"},"geometry":{"type":"Point","coordinates":[108.105688,12.661924]}},{"type":"Feature","properties":{"name":"Buôn Trấp","group":"place","kind":"town","osmId":"n369494121"},"geometry":{"type":"Point","coordinates":[108.03302,12.484557]}},{"type":"Feature","properties":{"name":"QT thiện hạnh 2","group":"health","kind":"pharmacy","osmId":"n6149293389"},"geometry":{"type":"Point","coordinates":[108.030072,12.483894]}},{"type":"Feature","properties":{"name":"QT Yến Nhi","group":"health","kind":"pharmacy","osmId":"n6164980288"},"geometry":{"type":"Point","coordinates":[108.038818,12.48676]}},{"type":"Feature","properties":{"name":"QT Phạm Thị Dung 03","group":"health","kind":"pharmacy","osmId":"n6164986685"},"geometry":{"type":"Point","coordinates":[108.041568,12.492764]}},{"type":"Feature","properties":{"name":"QT Đỗ Thị Hường","group":"health","kind":"pharmacy","osmId":"n6165004885"},"geometry":{"type":"Point","coordinates":[108.029512,12.484416]}},{"type":"Feature","properties":{"name":"QT Trần Văn Mâu 21","group":"health","kind":"pharmacy","osmId":"n6165004886"},"geometry":{"type":"Point","coordinates":[108.029532,12.48427]}},{"type":"Feature","properties":{"name":"QT Ngọc Diễm ( Trần Thị Ngọc Diễm)","group":"health","kind":"pharmacy","osmId":"n6165046886"},"geometry":{"type":"Point","coordinates":[108.079214,12.484315]}},{"type":"Feature","properties":{"name":"QT Hùng Mai ( Lưu Thị Mai)","group":"health","kind":"pharmacy","osmId":"n6369289187"},"geometry":{"type":"Point","coordinates":[108.04452,12.494673]}},{"type":"Feature","properties":{"name":"Honda Toàn","group":"commerce","kind":"car_repair","osmId":"n6939086586"},"geometry":{"type":"Point","coordinates":[108.047038,12.496453]}},{"type":"Feature","properties":{"name":"BẢY TRỨ","group":"commerce","kind":"electronics","osmId":"n9222580317"},"geometry":{"type":"Point","coordinates":[108.029545,12.485034]}},{"type":"Feature","properties":{"name":"Thanh Sơn","group":"place","kind":"village","osmId":"n11942029077"},"geometry":{"type":"Point","coordinates":[107.994882,12.477771]}},{"type":"Feature","properties":{"name":"Ninh Giang","group":"place","kind":"village","osmId":"n11942029078"},"geometry":{"type":"Point","coordinates":[107.981696,12.478733]}},{"type":"Feature","properties":{"name":"Cao Sơn","group":"place","kind":"village","osmId":"n11942029079"},"geometry":{"type":"Point","coordinates":[107.981998,12.469973]}},{"type":"Feature","properties":{"name":"Bình Giang","group":"place","kind":"village","osmId":"n11942029080"},"geometry":{"type":"Point","coordinates":[107.979267,12.495336]}},{"type":"Feature","properties":{"name":"Buôn Choáh","group":"place","kind":"village","osmId":"n11942029081"},"geometry":{"type":"Point","coordinates":[107.977186,12.450577]}},{"type":"Feature","properties":{"name":"Sơn Thọ","group":"place","kind":"village","osmId":"n12115379054"},"geometry":{"type":"Point","coordinates":[108.069108,12.458491]}},{"type":"Feature","properties":{"name":"Sơn Trà","group":"place","kind":"village","osmId":"n12115379069"},"geometry":{"type":"Point","coordinates":[108.024794,12.464833]}},{"type":"Feature","properties":{"name":"Hải Châu","group":"place","kind":"village","osmId":"n12115379070"},"geometry":{"type":"Point","coordinates":[108.031377,12.467233]}},{"type":"Feature","properties":{"name":"Thôn 5","group":"place","kind":"village","osmId":"n12115379072"},"geometry":{"type":"Point","coordinates":[108.037886,12.472547]}},{"type":"Feature","properties":{"name":"Thôn 4","group":"place","kind":"village","osmId":"n12115379073"},"geometry":{"type":"Point","coordinates":[108.032185,12.472217]}},{"type":"Feature","properties":{"name":"Thôn 1","group":"place","kind":"village","osmId":"n12115379075"},"geometry":{"type":"Point","coordinates":[108.027255,12.451756]}},{"type":"Feature","properties":{"name":"Ea Tun 1","group":"place","kind":"village","osmId":"n12115379076"},"geometry":{"type":"Point","coordinates":[108.074397,12.479184]}},{"type":"Feature","properties":{"name":"Thôn 1","group":"place","kind":"village","osmId":"n12115379081"},"geometry":{"type":"Point","coordinates":[108.077629,12.484834]}},{"type":"Feature","properties":{"name":"Buôn Trấp","group":"place","kind":"suburb","osmId":"n12115379082"},"geometry":{"type":"Point","coordinates":[108.022932,12.482651]}},{"type":"Feature","properties":{"name":"Tổ dân phố 6","group":"place","kind":"suburb","osmId":"n12115379083"},"geometry":{"type":"Point","coordinates":[108.039457,12.486726]}},{"type":"Feature","properties":{"name":"Tổ dân phố 5","group":"place","kind":"suburb","osmId":"n12115379084"},"geometry":{"type":"Point","coordinates":[108.028436,12.485982]}},{"type":"Feature","properties":{"name":"Tổ dân phố 7","group":"place","kind":"suburb","osmId":"n12115379085"},"geometry":{"type":"Point","coordinates":[108.046739,12.485374]}},{"type":"Feature","properties":{"name":"Tổ dân phố 4","group":"place","kind":"suburb","osmId":"n12115379086"},"geometry":{"type":"Point","coordinates":[108.035077,12.488428]}},{"type":"Feature","properties":{"name":"Tổ dân phố 2","group":"place","kind":"suburb","osmId":"n12115379087"},"geometry":{"type":"Point","coordinates":[108.035216,12.485374]}},{"type":"Feature","properties":{"name":"Tổ dân phố 1","group":"place","kind":"suburb","osmId":"n12115379088"},"geometry":{"type":"Point","coordinates":[108.03141,12.483211]}},{"type":"Feature","properties":{"name":"Tổ dân phố 3","group":"place","kind":"suburb","osmId":"n12115379089"},"geometry":{"type":"Point","coordinates":[108.036793,12.479917]}},{"type":"Feature","properties":{"name":"Quỳnh Tân 3","group":"place","kind":"village","osmId":"n12115379090"},"geometry":{"type":"Point","coordinates":[108.049641,12.494906]}},{"type":"Feature","properties":{"name":"Quỳnh Tân 2","group":"place","kind":"village","osmId":"n12115379091"},"geometry":{"type":"Point","coordinates":[108.043734,12.494345]}},{"type":"Feature","properties":{"name":"Quỳnh Tân 1","group":"place","kind":"village","osmId":"n12115379092"},"geometry":{"type":"Point","coordinates":[108.03859,12.493379]}},{"type":"Feature","properties":{"name":"Rung","group":"place","kind":"village","osmId":"n12115379093"},"geometry":{"type":"Point","coordinates":[108.046494,12.500127]}},{"type":"Feature","properties":{"name":"Êcăm","group":"place","kind":"village","osmId":"n12115379094"},"geometry":{"type":"Point","coordinates":[108.06353,12.492438]}},{"type":"Feature","properties":{"name":"Thôn 2","group":"place","kind":"village","osmId":"n12115379095"},"geometry":{"type":"Point","coordinates":[108.057193,12.482118]}},{"type":"Feature","properties":{"name":"Thôn 1","group":"place","kind":"village","osmId":"n12115379096"},"geometry":{"type":"Point","coordinates":[108.069994,12.486479]}},{"type":"Feature","properties":{"name":"Trung tâm Y tế Krông Ana","group":"health","kind":"hospital","osmId":"w1288604086"},"geometry":{"type":"Point","coordinates":[108.03563,12.478393]}},{"type":"Feature","properties":{"name":"Sah","group":"place","kind":"village","osmId":"n12115379045"},"geometry":{"type":"Point","coordinates":[108.075381,12.510504]}},{"type":"Feature","properties":{"name":"Dur 2","group":"place","kind":"village","osmId":"n12115379056"},"geometry":{"type":"Point","coordinates":[108.080591,12.469113]}},{"type":"Feature","properties":{"name":"Krang","group":"place","kind":"village","osmId":"n12115379058"},"geometry":{"type":"Point","coordinates":[108.125885,12.466306]}},{"type":"Feature","properties":{"name":"Kmăn","group":"place","kind":"village","osmId":"n12115379059"},"geometry":{"type":"Point","coordinates":[108.114424,12.4651]}},{"type":"Feature","properties":{"name":"Dur 1","group":"place","kind":"village","osmId":"n12115379060"},"geometry":{"type":"Point","coordinates":[108.089786,12.467144]}},{"type":"Feature","properties":{"name":"Ea Brinh","group":"place","kind":"village","osmId":"n12115379077"},"geometry":{"type":"Point","coordinates":[108.114351,12.481592]}},{"type":"Feature","properties":{"name":"Buôn K62","group":"place","kind":"village","osmId":"n12115379078"},"geometry":{"type":"Point","coordinates":[108.106138,12.485451]}},{"type":"Feature","properties":{"name":"Cuê","group":"place","kind":"village","osmId":"n12115379079"},"geometry":{"type":"Point","coordinates":[108.131432,12.490085]}},{"type":"Feature","properties":{"name":"Thôn 2","group":"place","kind":"village","osmId":"n12115379080"},"geometry":{"type":"Point","coordinates":[108.087666,12.48315]}},{"type":"Feature","properties":{"name":"Nhà Thờ Phúc Lộc","group":"worship","kind":"place_of_worship","osmId":"n1744024145"},"geometry":{"type":"Point","coordinates":[107.892475,12.586131]}},{"type":"Feature","properties":{"name":"QT thuyền Hà ( Nguyễn thị thu thuyền)","group":"health","kind":"pharmacy","osmId":"n6149293390"},"geometry":{"type":"Point","coordinates":[108.029405,12.521802]}},{"type":"Feature","properties":{"name":"BS Thanh","group":"health","kind":"doctors","osmId":"n6149293412"},"geometry":{"type":"Point","coordinates":[107.896038,12.591817]}},{"type":"Feature","properties":{"name":"BS Nghĩa (Sản phụ)","group":"health","kind":"doctors","osmId":"n6149293413"},"geometry":{"type":"Point","coordinates":[107.899459,12.593136]}},{"type":"Feature","properties":{"name":"Nguyễn Hồng Trang ( Kế Toán Trưởng BV Cư Jut","group":"health","kind":"hospital","osmId":"n6149293414"},"geometry":{"type":"Point","coordinates":[107.900211,12.582823]}},{"type":"Feature","properties":{"name":"QT Thiện Hạnh","group":"health","kind":"pharmacy","osmId":"n6149318089"},"geometry":{"type":"Point","coordinates":[108.04651,12.51184]}},{"type":"Feature","properties":{"name":"QT Trung Tâm Cư Jut( A cường)","group":"health","kind":"pharmacy","osmId":"n6149318095"},"geometry":{"type":"Point","coordinates":[107.897195,12.590857]}},{"type":"Feature","properties":{"name":"QT Bích Tường ( BS Toàn)","group":"health","kind":"pharmacy","osmId":"n6162670585"},"geometry":{"type":"Point","coordinates":[107.896769,12.591356]}},{"type":"Feature","properties":{"name":"QT PK Hồng Đức","group":"health","kind":"pharmacy","osmId":"n6162694386"},"geometry":{"type":"Point","coordinates":[107.893412,12.586896]}},{"type":"Feature","properties":{"name":"QT Thức Hiên","group":"health","kind":"pharmacy","osmId":"n6164938989"},"geometry":{"type":"Point","coordinates":[107.994164,12.532339]}},{"type":"Feature","properties":{"name":"QT Thanh Hải","group":"health","kind":"pharmacy","osmId":"n6164966985"},"geometry":{"type":"Point","coordinates":[108.038246,12.522189]}},{"type":"Feature","properties":{"name":"QT Minh Vân ( Lê Thị Minh Vân)","group":"health","kind":"pharmacy","osmId":"n6369277285"},"geometry":{"type":"Point","coordinates":[107.991487,12.538402]}},{"type":"Feature","properties":{"name":"QT Minh Thuý ( Đặng Thị Thuý)","group":"health","kind":"pharmacy","osmId":"n6369277685"},"geometry":{"type":"Point","coordinates":[107.992012,12.537458]}},{"type":"Feature","properties":{"name":"QT Hồng Quân ( Nguyễn Thị Hồng Thắm )","group":"health","kind":"pharmacy","osmId":"n7123963486"},"geometry":{"type":"Point","coordinates":[107.898642,12.592232]}},{"type":"Feature","properties":{"name":"QT Duy Sơn","group":"health","kind":"pharmacy","osmId":"n7123978885"},"geometry":{"type":"Point","coordinates":[107.894777,12.588297]}},{"type":"Feature","properties":{"name":"QT Diệu Hoà ( Lê Thị Dịu Hoà )","group":"health","kind":"pharmacy","osmId":"n7123978886"},"geometry":{"type":"Point","coordinates":[107.889978,12.585459]}},{"type":"Feature","properties":{"name":"Passerelle","group":"poi","kind":"artwork","osmId":"n7141872102"},"geometry":{"type":"Point","coordinates":[107.888016,12.539133]}},{"type":"Feature","properties":{"name":"Passerelle","group":"poi","kind":"artwork","osmId":"n7141872291"},"geometry":{"type":"Point","coordinates":[107.888798,12.541001]}},{"type":"Feature","properties":{"name":"QT Minh Hiền ( Nguyễn Thị Minh Hiền ) chợ Draysap","group":"health","kind":"pharmacy","osmId":"n7693589985"},"geometry":{"type":"Point","coordinates":[107.983394,12.575875]}},{"type":"Feature","properties":{"name":"QT Thanh Bình ( Nguyễn Thị Liên ) thôn ana","group":"health","kind":"pharmacy","osmId":"n7693589986"},"geometry":{"type":"Point","coordinates":[107.964496,12.558193]}},{"type":"Feature","properties":{"name":"Nam Tân","group":"place","kind":"village","osmId":"n11942027341"},"geometry":{"type":"Point","coordinates":[107.887807,12.497291]}},{"type":"Feature","properties":{"name":"Tổ dân phố 8","group":"place","kind":"quarter","osmId":"n12005345811"},"geometry":{"type":"Point","coordinates":[107.902881,12.589498]}},{"type":"Feature","properties":{"name":"Tổ dân phố 7","group":"place","kind":"quarter","osmId":"n12005345812"},"geometry":{"type":"Point","coordinates":[107.898501,12.58496]}},{"type":"Feature","properties":{"name":"Tổ dân phố 6","group":"place","kind":"quarter","osmId":"n12005345813"},"geometry":{"type":"Point","coordinates":[107.897508,12.589903]}},{"type":"Feature","properties":{"name":"Tổ dân phố 5","group":"place","kind":"quarter","osmId":"n12005345814"},"geometry":{"type":"Point","coordinates":[107.896274,12.573309]}},{"type":"Feature","properties":{"name":"Tổ dân phố 4","group":"place","kind":"quarter","osmId":"n12005345815"},"geometry":{"type":"Point","coordinates":[107.894952,12.581494]}},{"type":"Feature","properties":{"name":"Tổ dân phố 3","group":"place","kind":"quarter","osmId":"n12005345816"},"geometry":{"type":"Point","coordinates":[107.889013,12.587359]}},{"type":"Feature","properties":{"name":"Tổ dân phố 2","group":"place","kind":"quarter","osmId":"n12005345817"},"geometry":{"type":"Point","coordinates":[107.88962,12.584626]}},{"type":"Feature","properties":{"name":"Bon U2","group":"place","kind":"village","osmId":"n12005345820"},"geometry":{"type":"Point","coordinates":[107.894429,12.593409]}},{"type":"Feature","properties":{"name":"Thành Công","group":"place","kind":"village","osmId":"n12115379029"},"geometry":{"type":"Point","coordinates":[108.00642,12.520466]}},{"type":"Feature","properties":{"name":"Tân Tiến","group":"place","kind":"village","osmId":"n12115379030"},"geometry":{"type":"Point","coordinates":[108.001632,12.524627]}},{"type":"Feature","properties":{"name":"Tân Thắng","group":"place","kind":"village","osmId":"n12115379031"},"geometry":{"type":"Point","coordinates":[107.983781,12.532375]}},{"type":"Feature","properties":{"name":"Tân Lập","group":"place","kind":"village","osmId":"n12115379032"},"geometry":{"type":"Point","coordinates":[107.989724,12.543066]}},{"type":"Feature","properties":{"name":"Quỳnh Ngọc 2","group":"place","kind":"village","osmId":"n12115379033"},"geometry":{"type":"Point","coordinates":[107.996259,12.527714]}},{"type":"Feature","properties":{"name":"Quỳnh Ngọc 1","group":"place","kind":"village","osmId":"n12115379034"},"geometry":{"type":"Point","coordinates":[107.990404,12.511841]}},{"type":"Feature","properties":{"name":"Quỳnh Ngọc","group":"place","kind":"village","osmId":"n12115379035"},"geometry":{"type":"Point","coordinates":[107.993804,12.533383]}},{"type":"Feature","properties":{"name":"Ea Tung","group":"place","kind":"village","osmId":"n12115379036"},"geometry":{"type":"Point","coordinates":[107.974671,12.529053]}},{"type":"Feature","properties":{"name":"Tơ Lơ","group":"place","kind":"village","osmId":"n12115379037"},"geometry":{"type":"Point","coordinates":[108.017173,12.514535]}},{"type":"Feature","properties":{"name":"Ea Na","group":"place","kind":"village","osmId":"n12115379038"},"geometry":{"type":"Point","coordinates":[107.988944,12.548371]}},{"type":"Feature","properties":{"name":"Drai","group":"place","kind":"village","osmId":"n12115379039"},"geometry":{"type":"Point","coordinates":[107.965629,12.517076]}},{"type":"Feature","properties":{"name":"Chuah","group":"place","kind":"village","osmId":"n12115379040"},"geometry":{"type":"Point","coordinates":[108.011153,12.514183]}},{"type":"Feature","properties":{"name":"Hòa Trung","group":"place","kind":"village","osmId":"n12115379042"},"geometry":{"type":"Point","coordinates":[108.027636,12.519472]}},{"type":"Feature","properties":{"name":"Hòa Tây","group":"place","kind":"village","osmId":"n12115379043"},"geometry":{"type":"Point","coordinates":[108.024325,12.520615]}},{"type":"Feature","properties":{"name":"Hòa Đông","group":"place","kind":"village","osmId":"n12115379044"},"geometry":{"type":"Point","coordinates":[108.030411,12.519452]}},{"type":"Feature","properties":{"name":"Riăng","group":"place","kind":"village","osmId":"n12115379046"},"geometry":{"type":"Point","coordinates":[108.057204,12.541056]}},{"type":"Feature","properties":{"name":"Năc","group":"place","kind":"village","osmId":"n12115379047"},"geometry":{"type":"Point","coordinates":[108.04167,12.522297]}},{"type":"Feature","properties":{"name":"Mblớt","group":"place","kind":"village","osmId":"n12115379048"},"geometry":{"type":"Point","coordinates":[108.046848,12.51228]}},{"type":"Feature","properties":{"name":"Kô","group":"place","kind":"village","osmId":"n12115379049"},"geometry":{"type":"Point","coordinates":[108.043535,12.536448]}},{"type":"Feature","properties":{"name":"Knul","group":"place","kind":"village","osmId":"n12115379050"},"geometry":{"type":"Point","coordinates":[108.062394,12.540434]}},{"type":"Feature","properties":{"name":"Hma","group":"place","kind":"village","osmId":"n12115379051"},"geometry":{"type":"Point","coordinates":[108.04262,12.528714]}},{"type":"Feature","properties":{"name":"Ea Kruế","group":"place","kind":"village","osmId":"n12115379052"},"geometry":{"type":"Point","coordinates":[108.035255,12.521646]}},{"type":"Feature","properties":{"name":"Dhăm","group":"place","kind":"village","osmId":"n12115379053"},"geometry":{"type":"Point","coordinates":[108.039925,12.540278]}},{"type":"Feature","properties":{"name":"Đồng Tâm","group":"place","kind":"village","osmId":"n12115379061"},"geometry":{"type":"Point","coordinates":[107.97512,12.584879]}},{"type":"Feature","properties":{"name":"Đoàn Kết","group":"place","kind":"village","osmId":"n12115379062"},"geometry":{"type":"Point","coordinates":[107.969916,12.568543]}},{"type":"Feature","properties":{"name":"Dray Sáp","group":"place","kind":"village","osmId":"n12115379063"},"geometry":{"type":"Point","coordinates":[107.978904,12.573939]}},{"type":"Feature","properties":{"name":"An Na","group":"place","kind":"village","osmId":"n12115379064"},"geometry":{"type":"Point","coordinates":[107.9633,12.557295]}},{"type":"Feature","properties":{"name":"Tuôr B","group":"place","kind":"village","osmId":"n12115379065"},"geometry":{"type":"Point","coordinates":[107.986386,12.57213]}},{"type":"Feature","properties":{"name":"Tuôr A","group":"place","kind":"village","osmId":"n12115379066"},"geometry":{"type":"Point","coordinates":[107.987145,12.563564]}},{"type":"Feature","properties":{"name":"Kuôp","group":"place","kind":"village","osmId":"n12115379067"},"geometry":{"type":"Point","coordinates":[107.899042,12.544848]}},{"type":"Feature","properties":{"name":"Kla","group":"place","kind":"village","osmId":"n12115379068"},"geometry":{"type":"Point","coordinates":[107.978727,12.563816]}},{"type":"Feature","properties":{"name":"Thôn 22","group":"place","kind":"village","osmId":"n12136171521"},"geometry":{"type":"Point","coordinates":[108.026579,12.588858]}},{"type":"Feature","properties":{"name":"Thôn 3","group":"place","kind":"village","osmId":"n12136171538"},"geometry":{"type":"Point","coordinates":[107.990074,12.588022]}},{"type":"Feature","properties":{"name":"Thôn 2","group":"place","kind":"village","osmId":"n12136171539"},"geometry":{"type":"Point","coordinates":[107.985602,12.580349]}},{"type":"Feature","properties":{"name":"Cư Mblim","group":"place","kind":"village","osmId":"n12136171558"},"geometry":{"type":"Point","coordinates":[108.046178,12.591636]}},{"type":"Feature","properties":{"name":"Cư Êbông","group":"place","kind":"village","osmId":"n12136171559"},"geometry":{"type":"Point","coordinates":[108.054859,12.584979]}},{"type":"Feature","properties":{"name":"Thôn 2","group":"place","kind":"village","osmId":"n12136171564"},"geometry":{"type":"Point","coordinates":[108.034379,12.591675]}},{"type":"Feature","properties":{"name":"Vân Long Elephants Farm","group":"poi","kind":"zoo","osmId":"n12677849873"},"geometry":{"type":"Point","coordinates":[108.033733,12.587784]}},{"type":"Feature","properties":{"name":"Ea T'Ling","group":"place","kind":"town","osmId":"n12925900862"},"geometry":{"type":"Point","coordinates":[107.893915,12.587327]}},{"type":"Feature","properties":{"name":"Núi lửa Băng Mo","group":"poi","kind":"attraction","osmId":"w182811878"},"geometry":{"type":"Point","coordinates":[107.887492,12.573623]}},{"type":"Feature","properties":{"name":"La Hai","group":"place","kind":"town","osmId":"n369490318"},"geometry":{"type":"Point","coordinates":[109.10593,13.390901]}},{"type":"Feature","properties":{"name":"Bình Thạnh","group":"place","kind":"village","osmId":"n369491979"},"geometry":{"type":"Point","coordinates":[109.206461,13.586032]}},{"type":"Feature","properties":{"name":"Tuy Phong 4","group":"place","kind":"village","osmId":"n667758265"},"geometry":{"type":"Point","coordinates":[109.235066,13.604965]}},{"type":"Feature","properties":{"name":"Tân Bình","group":"place","kind":"village","osmId":"n1643949084"},"geometry":{"type":"Point","coordinates":[109.148722,13.366025]}},{"type":"Feature","properties":{"name":"Đa Dăng","group":"place","kind":"village","osmId":"n1645317749"},"geometry":{"type":"Point","coordinates":[109.148899,13.54401]}},{"type":"Feature","properties":{"name":"Dân Phước","group":"place","kind":"village","osmId":"n1707887931"},"geometry":{"type":"Point","coordinates":[109.220806,13.443536]}},{"type":"Feature","properties":{"name":"Lệ Uyên","group":"place","kind":"village","osmId":"n1707887949"},"geometry":{"type":"Point","coordinates":[109.23391,13.489041]}},{"type":"Feature","properties":{"name":"Phước Lý","group":"place","kind":"village","osmId":"n1707887952"},"geometry":{"type":"Point","coordinates":[109.231027,13.473294]}},{"type":"Feature","properties":{"name":"Long Mỹ","group":"place","kind":"village","osmId":"n3454305640"},"geometry":{"type":"Point","coordinates":[109.104897,13.399262]}},{"type":"Feature","properties":{"name":"Long Thạch","group":"place","kind":"village","osmId":"n3454305641"},"geometry":{"type":"Point","coordinates":[109.098473,13.416032]}},{"type":"Feature","properties":{"name":"Nha Nhgi","group":"poi","kind":"guest_house","osmId":"n4625036789"},"geometry":{"type":"Point","coordinates":[109.212581,13.405045]}},{"type":"Feature","properties":{"name":"Kim Gia Trang","group":"poi","kind":"hotel","osmId":"n4693278090"},"geometry":{"type":"Point","coordinates":[109.226321,13.387749]}},{"type":"Feature","properties":{"name":"Nha Nghỉ Hiên Linh","group":"poi","kind":"hotel","osmId":"n5008587521"},"geometry":{"type":"Point","coordinates":[109.125993,13.366645]}},{"type":"Feature","properties":{"name":"Laura Hotel","group":"poi","kind":"hotel","osmId":"n5027460524"},"geometry":{"type":"Point","coordinates":[109.224667,13.462102]}},{"type":"Feature","properties":{"name":"Chợ La Hai","group":"commerce","kind":"marketplace","osmId":"n5336410883"},"geometry":{"type":"Point","coordinates":[109.106482,13.381408]}},{"type":"Feature","properties":{"name":"Ga La Hai","group":"poi","kind":"attraction","osmId":"n5406330126"},"geometry":{"type":"Point","coordinates":[109.105992,13.3818]}},{"type":"Feature","properties":{"name":"Thác Cây Đu","group":"poi","kind":"attraction","osmId":"n5841472185"},"geometry":{"type":"Point","coordinates":[109.17851,13.48878]}},{"type":"Feature","properties":{"name":"Nhất Tự Sơn","group":"poi","kind":"attraction","osmId":"n5984618286"},"geometry":{"type":"Point","coordinates":[109.225103,13.420807]}},{"type":"Feature","properties":{"name":"La Donna","group":"poi","kind":"hotel","osmId":"n5985266185"},"geometry":{"type":"Point","coordinates":[109.222273,13.461685]}},{"type":"Feature","properties":{"name":"Chợ Xuân Lộc","group":"commerce","kind":"marketplace","osmId":"n6436564371"},"geometry":{"type":"Point","coordinates":[109.200301,13.580749]}},{"type":"Feature","properties":{"name":"Tuyet diem salins","group":"poi","kind":"attraction","osmId":"n10004148417"},"geometry":{"type":"Point","coordinates":[109.232488,13.574184]}},{"type":"Feature","properties":{"name":"Làng Canh Giao, Vân Canh","group":"place","kind":"village","osmId":"n12068422413"},"geometry":{"type":"Point","coordinates":[109.094701,13.593338]}},{"type":"Feature","properties":{"name":"Cửa hàng Xăng dầu","group":"commerce","kind":"fuel","osmId":"n12121682091"},"geometry":{"type":"Point","coordinates":[109.239062,13.387527]}},{"type":"Feature","properties":{"name":"Sua Xe","group":"commerce","kind":"motorcycle_repair","osmId":"n13114410340"},"geometry":{"type":"Point","coordinates":[109.229106,13.469771]}},{"type":"Feature","properties":{"name":"Honda head","group":"commerce","kind":"motorcycle_repair","osmId":"n13114413711"},"geometry":{"type":"Point","coordinates":[109.217864,13.450743]}},{"type":"Feature","properties":{"name":"Yamaha town","group":"commerce","kind":"motorcycle_repair","osmId":"n13114416775"},"geometry":{"type":"Point","coordinates":[109.221458,13.455751]}},{"type":"Feature","properties":{"name":"Sua Xe","group":"commerce","kind":"motorcycle_repair","osmId":"n13114432457"},"geometry":{"type":"Point","coordinates":[109.213244,13.41302]}},{"type":"Feature","properties":{"name":"Que Toi","group":"poi","kind":"hotel","osmId":"n13455574101"},"geometry":{"type":"Point","coordinates":[109.228238,13.46644]}},{"type":"Feature","properties":{"name":"Sông Cầu","group":"place","kind":"suburb","osmId":"n13744489694"},"geometry":{"type":"Point","coordinates":[109.222755,13.455697]}},{"type":"Feature","properties":{"name":"Xuân Đài","group":"place","kind":"suburb","osmId":"n13744489695"},"geometry":{"type":"Point","coordinates":[109.213177,13.397281]}},{"type":"Feature","properties":{"name":"Agribank","group":"commerce","kind":"bank","osmId":"n13844412292"},"geometry":{"type":"Point","coordinates":[109.22131,13.454546]}},{"type":"Feature","properties":{"name":"Song Cau Market","group":"commerce","kind":"marketplace","osmId":"w567057060"},"geometry":{"type":"Point","coordinates":[109.220514,13.451202]}},{"type":"Feature","properties":{"name":"Trung tâm Y tế Đồng Xuân","group":"health","kind":"hospital","osmId":"w1223145694"},"geometry":{"type":"Point","coordinates":[109.103952,13.376207]}},{"type":"Feature","properties":{"name":"Agribank","group":"commerce","kind":"bank","osmId":"w1223145695"},"geometry":{"type":"Point","coordinates":[109.104018,13.376694]}},{"type":"Feature","properties":{"name":"Trường Trung học phổ thông Lê Lợi","group":"school","kind":"school","osmId":"w1223145696"},"geometry":{"type":"Point","coordinates":[109.102937,13.374656]}},{"type":"Feature","properties":{"name":"Trường Trung học cơ sở Mạc Đỉnh Chi","group":"school","kind":"school","osmId":"w1309995027"},"geometry":{"type":"Point","coordinates":[109.237092,13.488996]}},{"type":"Feature","properties":{"name":"Bệnh viện Đa khoa Sông Cầu","group":"health","kind":"hospital","osmId":"w1309995028"},"geometry":{"type":"Point","coordinates":[109.223659,13.461911]}},{"type":"Feature","properties":{"name":"Trường Trung học phổ thông Phan Đình Phùng","group":"school","kind":"school","osmId":"w1309995034"},"geometry":{"type":"Point","coordinates":[109.223063,13.454302]}},{"type":"Feature","properties":{"name":"Trường Tiểu học Xuân Phú","group":"school","kind":"school","osmId":"w1309995037"},"geometry":{"type":"Point","coordinates":[109.213828,13.461064]}},{"type":"Feature","properties":{"name":"Petrolimex","group":"commerce","kind":"fuel","osmId":"w1338980426"},"geometry":{"type":"Point","coordinates":[109.212406,13.396725]}},{"type":"Feature","properties":{"name":"PVOIL CHXD ĐÔNG LA HAI","group":"commerce","kind":"fuel","osmId":"w1382244129"},"geometry":{"type":"Point","coordinates":[109.131073,13.363389]}},{"type":"Feature","properties":{"name":"Hòa Hiệp","group":"place","kind":"village","osmId":"n1707887936"},"geometry":{"type":"Point","coordinates":[109.248539,13.522724]}},{"type":"Feature","properties":{"name":"Hòa Mỹ","group":"place","kind":"village","osmId":"n1707887937"},"geometry":{"type":"Point","coordinates":[109.251819,13.546274]}},{"type":"Feature","properties":{"name":"Hòa An","group":"place","kind":"village","osmId":"n1707887938"},"geometry":{"type":"Point","coordinates":[109.285199,13.569998]}},{"type":"Feature","properties":{"name":"cầu Bình Phú","group":"poi","kind":"information","osmId":"n4753254422"},"geometry":{"type":"Point","coordinates":[109.24646,13.570092]}},{"type":"Feature","properties":{"name":"Bãi San Hô","group":"poi","kind":"hotel","osmId":"n6646112369"},"geometry":{"type":"Point","coordinates":[109.274575,13.549007]}},{"type":"Feature","properties":{"name":"Petrolimex","group":"commerce","kind":"fuel","osmId":"w1343448523"},"geometry":{"type":"Point","coordinates":[109.245628,13.519933]}},{"type":"Feature","properties":{"name":"Tuy Phong 1","group":"place","kind":"village","osmId":"n369491996"},"geometry":{"type":"Point","coordinates":[109.218241,13.642921]}},{"type":"Feature","properties":{"name":"Thạch Khê","group":"place","kind":"village","osmId":"n1636134734"},"geometry":{"type":"Point","coordinates":[109.185041,13.621913]}},{"type":"Feature","properties":{"name":"Đầm Ô Loan","group":"poi","kind":"viewpoint","osmId":"n4472649089"},"geometry":{"type":"Point","coordinates":[109.2149,13.625206]}},{"type":"Feature","properties":{"name":"Haven","group":"poi","kind":"hotel","osmId":"n4747179692"},"geometry":{"type":"Point","coordinates":[109.231265,13.685863]}},{"type":"Feature","properties":{"name":"Banana Sea homestay","group":"poi","kind":"motel","osmId":"n6310777386"},"geometry":{"type":"Point","coordinates":[109.230932,13.685882]}},{"type":"Feature","properties":{"name":"mechanics","group":"commerce","kind":"motorcycle","osmId":"n6310798285"},"geometry":{"type":"Point","coordinates":[109.230966,13.685799]}},{"type":"Feature","properties":{"name":"Xuân Hải","group":"place","kind":"village","osmId":"n6419223708"},"geometry":{"type":"Point","coordinates":[109.223239,13.641713]}},{"type":"Feature","properties":{"name":"Petrolimex","group":"commerce","kind":"fuel","osmId":"n6947288222"},"geometry":{"type":"Point","coordinates":[109.229164,13.62221]}},{"type":"Feature","properties":{"name":"Khu vực 21","group":"place","kind":"quarter","osmId":"n12386131047"},"geometry":{"type":"Point","coordinates":[109.230157,13.686519]}},{"type":"Feature","properties":{"name":"Sua Xe","group":"commerce","kind":"motorcycle_repair","osmId":"n13114417737"},"geometry":{"type":"Point","coordinates":[109.222916,13.642109]}},{"type":"Feature","properties":{"name":"Đại Lãnh","group":"place","kind":"town","osmId":"n667740648"},"geometry":{"type":"Point","coordinates":[109.361745,12.838257]}},{"type":"Feature","properties":{"name":"Phu Ngoan","group":"poi","kind":"hotel","osmId":"n667740860"},"geometry":{"type":"Point","coordinates":[109.362075,12.83487]}},{"type":"Feature","properties":{"name":"Bãi Biển Đại Lãnh","group":"poi","kind":"viewpoint","osmId":"n1722668507"},"geometry":{"type":"Point","coordinates":[109.438072,12.924439]}},{"type":"Feature","properties":{"name":"Di tích lịch sử tàu không số.","group":"poi","kind":"museum","osmId":"n4292019089"},"geometry":{"type":"Point","coordinates":[109.419396,12.877397]}},{"type":"Feature","properties":{"name":"Petrolimex","group":"commerce","kind":"fuel","osmId":"n4394597690"},"geometry":{"type":"Point","coordinates":[109.360261,12.831847]}},{"type":"Feature","properties":{"name":"Cây xăng Ba Tiên","group":"commerce","kind":"fuel","osmId":"n4447000290"},"geometry":{"type":"Point","coordinates":[109.414678,12.954124]}},{"type":"Feature","properties":{"name":"Vịnh Vũng Rô","group":"poi","kind":"viewpoint","osmId":"n4472600793"},"geometry":{"type":"Point","coordinates":[109.414301,12.871245]}},{"type":"Feature","properties":{"name":"Đèo Cả","group":"poi","kind":"viewpoint","osmId":"n4472607491"},"geometry":{"type":"Point","coordinates":[109.397533,12.873697]}},{"type":"Feature","properties":{"name":"DCIC","group":"poi","kind":"alpine_hut","osmId":"n4571270289"},"geometry":{"type":"Point","coordinates":[109.366377,12.898801]}},{"type":"Feature","properties":{"name":"Homestay","group":"poi","kind":"guest_house","osmId":"n4706195791"},"geometry":{"type":"Point","coordinates":[109.413241,12.870207]}},{"type":"Feature","properties":{"name":"Petrolimex","group":"commerce","kind":"fuel","osmId":"n4867789650"},"geometry":{"type":"Point","coordinates":[109.362974,12.836139]}},{"type":"Feature","properties":{"name":"PV Oil","group":"commerce","kind":"fuel","osmId":"n4867789651"},"geometry":{"type":"Point","coordinates":[109.3603,12.935094]}},{"type":"Feature","properties":{"name":"Cửa hàng xăng dầu Chín Thử Cơ sở 4","group":"commerce","kind":"fuel","osmId":"n4867789652"},"geometry":{"type":"Point","coordinates":[109.346243,12.966995]}},{"type":"Feature","properties":{"name":"Cây xăng Hòa Xuân Tây","group":"commerce","kind":"fuel","osmId":"n4867789653"},"geometry":{"type":"Point","coordinates":[109.343317,12.970379]}},{"type":"Feature","properties":{"name":"Petrolimex","group":"commerce","kind":"fuel","osmId":"n4867802325"},"geometry":{"type":"Point","coordinates":[109.390112,12.887261]}},{"type":"Feature","properties":{"name":"DNTN Station","group":"commerce","kind":"fuel","osmId":"n4867802326"},"geometry":{"type":"Point","coordinates":[109.385928,12.89834]}},{"type":"Feature","properties":{"name":"Bãi Môn & Đèn biển Đại Lãnh","group":"commerce","kind":"ticket","osmId":"n5013862322"},"geometry":{"type":"Point","coordinates":[109.449102,12.893919]}},{"type":"Feature","properties":{"name":"Mũi Đại Lãnh","group":"poi","kind":"information","osmId":"n5076909023"},"geometry":{"type":"Point","coordinates":[109.449969,12.893366]}},{"type":"Feature","properties":{"name":"Sand dune","group":"poi","kind":"attraction","osmId":"n5323260323"},"geometry":{"type":"Point","coordinates":[109.430726,12.928196]}},{"type":"Feature","properties":{"name":"Đèo Cả","group":"poi","kind":"attraction","osmId":"n6084023485"},"geometry":{"type":"Point","coordinates":[109.396116,12.877443]}},{"type":"Feature","properties":{"name":"Đèo Cả","group":"poi","kind":"information","osmId":"n6098348887"},"geometry":{"type":"Point","coordinates":[109.389375,12.844713]}},{"type":"Feature","properties":{"name":"Đèo Cả","group":"poi","kind":"information","osmId":"n6098349185"},"geometry":{"type":"Point","coordinates":[109.38831,12.844323]}},{"type":"Feature","properties":{"name":"Trạm 3","group":"poi","kind":"information","osmId":"n6344224638"},"geometry":{"type":"Point","coordinates":[109.397935,12.897127]}},{"type":"Feature","properties":{"name":"Trạm 1","group":"poi","kind":"information","osmId":"n6344224639"},"geometry":{"type":"Point","coordinates":[109.396814,12.890938]}},{"type":"Feature","properties":{"name":"Nhà văn hóa KP Đa Ngư","group":"civic","kind":"community_centre","osmId":"n13444668094"},"geometry":{"type":"Point","coordinates":[109.397516,12.961412]}},{"type":"Feature","properties":{"name":"Trường Trung học cơ sở Nguyễn Chí Thanh","group":"school","kind":"school","osmId":"w1270848003"},"geometry":{"type":"Point","coordinates":[109.343917,12.971475]}},{"type":"Feature","properties":{"name":"Trường tiểu học Hòa Xuân Đông","group":"school","kind":"school","osmId":"w1270848004"},"geometry":{"type":"Point","coordinates":[109.344685,12.971972]}},{"type":"Feature","properties":{"name":"Trường Trung học phổ thông Nguyễn Công Trứ","group":"school","kind":"school","osmId":"w1270848005"},"geometry":{"type":"Point","coordinates":[109.344393,12.967392]}},{"type":"Feature","properties":{"name":"Trường Tiểu học Đỗ Như Dậy","group":"school","kind":"school","osmId":"w1270848007"},"geometry":{"type":"Point","coordinates":[109.340205,12.974988]}},{"type":"Feature","properties":{"name":"Trường Tiểu học Phạm Văn Đồng","group":"school","kind":"school","osmId":"w1465782580"},"geometry":{"type":"Point","coordinates":[109.406087,12.95856]}},{"type":"Feature","properties":{"name":"Hội Tín","group":"place","kind":"village","osmId":"n1613321110"},"geometry":{"type":"Point","coordinates":[109.226268,13.332464]}},{"type":"Feature","properties":{"name":"Chí Thạnh","group":"place","kind":"town","osmId":"n3454305637"},"geometry":{"type":"Point","coordinates":[109.215365,13.306357]}},{"type":"Feature","properties":{"name":"Định Trung","group":"place","kind":"village","osmId":"n3454315901"},"geometry":{"type":"Point","coordinates":[109.184952,13.313694]}},{"type":"Feature","properties":{"name":"PV Oil","group":"commerce","kind":"fuel","osmId":"n4395520894"},"geometry":{"type":"Point","coordinates":[109.232288,13.338048]}},{"type":"Feature","properties":{"name":"Petrolimex","group":"commerce","kind":"fuel","osmId":"n4395552392"},"geometry":{"type":"Point","coordinates":[109.216583,13.315522]}},{"type":"Feature","properties":{"name":"Petrolimex Số 115","group":"commerce","kind":"fuel","osmId":"n4673841091"},"geometry":{"type":"Point","coordinates":[109.206095,13.345511]}},{"type":"Feature","properties":{"name":"Huy Le","group":"poi","kind":"guest_house","osmId":"n4693248009"},"geometry":{"type":"Point","coordinates":[109.228241,13.294516]}},{"type":"Feature","properties":{"name":"Huy Phat","group":"poi","kind":"guest_house","osmId":"n4693262501"},"geometry":{"type":"Point","coordinates":[109.233393,13.296157]}},{"type":"Feature","properties":{"name":"Thuan Phat","group":"poi","kind":"guest_house","osmId":"n4693282989"},"geometry":{"type":"Point","coordinates":[109.208411,13.330743]}},{"type":"Feature","properties":{"name":"cầu Ông Cọp","group":"poi","kind":"artwork","osmId":"n4708676590"},"geometry":{"type":"Point","coordinates":[109.241272,13.359607]}},{"type":"Feature","properties":{"name":"Skype Vân Tám","group":"commerce","kind":"furniture","osmId":"n5558192221"},"geometry":{"type":"Point","coordinates":[109.214508,13.305901]}},{"type":"Feature","properties":{"name":"Đập Tam Giang","group":"poi","kind":"attraction","osmId":"n5984618185"},"geometry":{"type":"Point","coordinates":[109.217802,13.332344]}},{"type":"Feature","properties":{"name":"Cây xăng Ngân Sơn","group":"commerce","kind":"fuel","osmId":"n11345590512"},"geometry":{"type":"Point","coordinates":[109.211696,13.323131]}},{"type":"Feature","properties":{"name":"Sacombank","group":"commerce","kind":"bank","osmId":"n11345799616"},"geometry":{"type":"Point","coordinates":[109.216168,13.315727]}},{"type":"Feature","properties":{"name":"Vietcombank","group":"commerce","kind":"bank","osmId":"n11345799617"},"geometry":{"type":"Point","coordinates":[109.215911,13.317227]}},{"type":"Feature","properties":{"name":"VietinBank","group":"commerce","kind":"bank","osmId":"n11345801458"},"geometry":{"type":"Point","coordinates":[109.212708,13.305996]}},{"type":"Feature","properties":{"name":"BIDV","group":"commerce","kind":"bank","osmId":"n11345801459"},"geometry":{"type":"Point","coordinates":[109.212645,13.306024]}},{"type":"Feature","properties":{"name":"Nhà thờ Gò Chung","group":"worship","kind":"place_of_worship","osmId":"n11726654223"},"geometry":{"type":"Point","coordinates":[109.216442,13.332753]}},{"type":"Feature","properties":{"name":"Nhà nghỉ An Khang","group":"poi","kind":"guest_house","osmId":"n11811425157"},"geometry":{"type":"Point","coordinates":[109.21091,13.323944]}},{"type":"Feature","properties":{"name":"Áo cưới Mỹ Dung","group":"commerce","kind":"clothes","osmId":"n11811425158"},"geometry":{"type":"Point","coordinates":[109.210749,13.324103]}},{"type":"Feature","properties":{"name":"VLXD Ngọc Mười","group":"commerce","kind":"hardware","osmId":"n11811425160"},"geometry":{"type":"Point","coordinates":[109.207382,13.332418]}},{"type":"Feature","properties":{"name":"Điện máy xanh - Chí Thạnh","group":"commerce","kind":"electronics","osmId":"n11811472180"},"geometry":{"type":"Point","coordinates":[109.216876,13.313122]}},{"type":"Feature","properties":{"name":"Mầm Non Ngôi Sao","group":"school","kind":"kindergarten","osmId":"n11811472181"},"geometry":{"type":"Point","coordinates":[109.216087,13.310469]}},{"type":"Feature","properties":{"name":"Nhà nghỉ Hoa Hồng","group":"poi","kind":"motel","osmId":"n11811472182"},"geometry":{"type":"Point","coordinates":[109.215905,13.310847]}},{"type":"Feature","properties":{"name":"Agribank","group":"commerce","kind":"bank","osmId":"n11811472185"},"geometry":{"type":"Point","coordinates":[109.215527,13.309404]}},{"type":"Feature","properties":{"name":"Siêu thị Thế Giới Di Động","group":"commerce","kind":"mobile_phone","osmId":"n11811472188"},"geometry":{"type":"Point","coordinates":[109.216138,13.306829]}},{"type":"Feature","properties":{"name":"Sua Xe","group":"commerce","kind":"motorcycle_repair","osmId":"n13114428134"},"geometry":{"type":"Point","coordinates":[109.205851,13.341327]}},{"type":"Feature","properties":{"name":"Trường Tiểu Học Thị Trấn Chí Thạnh (Điểm trường Ngân Sơn)","group":"school","kind":"school","osmId":"w544336071"},"geometry":{"type":"Point","coordinates":[109.21181,13.32444]}},{"type":"Feature","properties":{"name":"Petrolimex Gas Station Store No.122","group":"commerce","kind":"fuel","osmId":"w544336084"},"geometry":{"type":"Point","coordinates":[109.216199,13.314118]}},{"type":"Feature","properties":{"name":"Agribank","group":"commerce","kind":"bank","osmId":"w544336092"},"geometry":{"type":"Point","coordinates":[109.215248,13.309435]}},{"type":"Feature","properties":{"name":"Trường Mầm non 30-4","group":"school","kind":"kindergarten","osmId":"w544336106"},"geometry":{"type":"Point","coordinates":[109.214771,13.307]}},{"type":"Feature","properties":{"name":"Chợ Chí Thạnh","group":"commerce","kind":"marketplace","osmId":"w544336115"},"geometry":{"type":"Point","coordinates":[109.212945,13.306596]}},{"type":"Feature","properties":{"name":"Nhà thờ Mằng Lăng","group":"worship","kind":"place_of_worship","osmId":"w804128824"},"geometry":{"type":"Point","coordinates":[109.225948,13.334185]}},{"type":"Feature","properties":{"name":"Trung Tâm Y Tế Dự Phòng","group":"health","kind":"hospital","osmId":"w1222400526"},"geometry":{"type":"Point","coordinates":[109.216282,13.313315]}},{"type":"Feature","properties":{"name":"Bệnh viện Đa khoa khu vực Tuy An","group":"health","kind":"hospital","osmId":"w1222400527"},"geometry":{"type":"Point","coordinates":[109.219132,13.314716]}},{"type":"Feature","properties":{"name":"Chợ Ngân Sơn","group":"commerce","kind":"marketplace","osmId":"w1222400528"},"geometry":{"type":"Point","coordinates":[109.213166,13.32308]}},{"type":"Feature","properties":{"name":"Trường Trung học cơ sở Lê Thánh Tông","group":"school","kind":"school","osmId":"w1222543635"},"geometry":{"type":"Point","coordinates":[109.213383,13.330832]}},{"type":"Feature","properties":{"name":"Trường Tiểu học An Dân số 1","group":"school","kind":"school","osmId":"w1222543636"},"geometry":{"type":"Point","coordinates":[109.213136,13.337382]}},{"type":"Feature","properties":{"name":"Trường Tiểu học An Dân số 2","group":"school","kind":"school","osmId":"w1222543637"},"geometry":{"type":"Point","coordinates":[109.217138,13.34591]}},{"type":"Feature","properties":{"name":"PV Oil","group":"commerce","kind":"fuel","osmId":"w1223113770"},"geometry":{"type":"Point","coordinates":[109.217334,13.304281]}},{"type":"Feature","properties":{"name":"Trường Tiểu học Chí Thạnh số 1","group":"school","kind":"school","osmId":"w1223114850"},"geometry":{"type":"Point","coordinates":[109.215822,13.313911]}},{"type":"Feature","properties":{"name":"ACB - PGD Tuy An","group":"commerce","kind":"bank","osmId":"w1223115041"},"geometry":{"type":"Point","coordinates":[109.21595,13.309566]}},{"type":"Feature","properties":{"name":"Trường tiểu học An Định","group":"school","kind":"school","osmId":"w1223134467"},"geometry":{"type":"Point","coordinates":[109.185452,13.317272]}},{"type":"Feature","properties":{"name":"Trường Tiểu học Hà Yến","group":"school","kind":"school","osmId":"w1223142887"},"geometry":{"type":"Point","coordinates":[109.224964,13.309901]}},{"type":"Feature","properties":{"name":"Trường Trung học phổ thông Trần Phú","group":"school","kind":"school","osmId":"w1224952273"},"geometry":{"type":"Point","coordinates":[109.222216,13.291291]}},{"type":"Feature","properties":{"name":"Nhà văn hóa Thôn Phú Mỹ","group":"civic","kind":"community_centre","osmId":"w1262082291"},"geometry":{"type":"Point","coordinates":[109.207997,13.32946]}},{"type":"Feature","properties":{"name":"Trường Trung học cơ sở Lê Duẩn","group":"school","kind":"school","osmId":"w1262085342"},"geometry":{"type":"Point","coordinates":[109.231172,13.331608]}},{"type":"Feature","properties":{"name":"Trường Trung học cơ sở và Trung học phổ thông Võ Thị Sáu","group":"school","kind":"school","osmId":"w1262085983"},"geometry":{"type":"Point","coordinates":[109.239274,13.333514]}},{"type":"Feature","properties":{"name":"Trường Trung học cơ sở Võ Trứ","group":"school","kind":"school","osmId":"w1271040214"},"geometry":{"type":"Point","coordinates":[109.210834,13.307192]}},{"type":"Feature","properties":{"name":"Trường mầm non xã An Dân","group":"school","kind":"kindergarten","osmId":"w1271941804"},"geometry":{"type":"Point","coordinates":[109.206623,13.340319]}},{"type":"Feature","properties":{"name":"Petrolimex","group":"commerce","kind":"fuel","osmId":"w1271941807"},"geometry":{"type":"Point","coordinates":[109.206105,13.345474]}},{"type":"Feature","properties":{"name":"Điểm Trường Trường Tiểu Học Và Trung Học Cơ Sở Lê Duẩn","group":"school","kind":"school","osmId":"w1310083587"},"geometry":{"type":"Point","coordinates":[109.223857,13.33418]}},{"type":"Feature","properties":{"name":"Phú Hội","group":"place","kind":"village","osmId":"n1613311890"},"geometry":{"type":"Point","coordinates":[109.264391,13.343616]}},{"type":"Feature","properties":{"name":"Phú Lương","group":"place","kind":"village","osmId":"n1643947611"},"geometry":{"type":"Point","coordinates":[109.289247,13.337374]}},{"type":"Feature","properties":{"name":"Phú Sơn","group":"place","kind":"village","osmId":"n1643947613"},"geometry":{"type":"Point","coordinates":[109.273869,13.312021]}},{"type":"Feature","properties":{"name":"Beach","group":"poi","kind":"attraction","osmId":"n5325163021"},"geometry":{"type":"Point","coordinates":[109.296713,13.288431]}},{"type":"Feature","properties":{"name":"Res Thuý Kiều - cầu An Hải","group":"poi","kind":"fast_food","osmId":"n7759331085"},"geometry":{"type":"Point","coordinates":[109.29081,13.284698]}},{"type":"Feature","properties":{"name":"Quan ô loan","group":"poi","kind":"attraction","osmId":"n10538947209"},"geometry":{"type":"Point","coordinates":[109.25531,13.284328]}},{"type":"Feature","properties":{"name":"Cửa hàng Xăng dầu","group":"commerce","kind":"fuel","osmId":"n12121692123"},"geometry":{"type":"Point","coordinates":[109.262492,13.343286]}},{"type":"Feature","properties":{"name":"Trường Trung học cơ sở Châu Kim Huệ","group":"school","kind":"school","osmId":"w1309996013"},"geometry":{"type":"Point","coordinates":[109.269963,13.338841]}},{"type":"Feature","properties":{"name":"Phong Phú","group":"place","kind":"village","osmId":"n667757450"},"geometry":{"type":"Point","coordinates":[109.257754,13.239881]}},{"type":"Feature","properties":{"name":"Tân Lập","group":"place","kind":"village","osmId":"n1612072329"},"geometry":{"type":"Point","coordinates":[109.28787,13.238891]}},{"type":"Feature","properties":{"name":"Tân Quý","group":"place","kind":"village","osmId":"n1612078087"},"geometry":{"type":"Point","coordinates":[109.293824,13.273725]}},{"type":"Feature","properties":{"name":"Hòa Đa","group":"place","kind":"village","osmId":"n1643947608"},"geometry":{"type":"Point","coordinates":[109.275985,13.205142]}},{"type":"Feature","properties":{"name":"Nhơn Hội","group":"place","kind":"village","osmId":"n1643947610"},"geometry":{"type":"Point","coordinates":[109.297537,13.228242]}},{"type":"Feature","properties":{"name":"Bãi Dũng Bầu","group":"poi","kind":"attraction","osmId":"n4290014490"},"geometry":{"type":"Point","coordinates":[109.309042,13.274434]}},{"type":"Feature","properties":{"name":"PV Oil","group":"commerce","kind":"fuel","osmId":"n4394565698"},"geometry":{"type":"Point","coordinates":[109.270707,13.20238]}},{"type":"Feature","properties":{"name":"PV Oil","group":"commerce","kind":"fuel","osmId":"n4446999492"},"geometry":{"type":"Point","coordinates":[109.284359,13.201558]}},{"type":"Feature","properties":{"name":"Mũi Yến","group":"poi","kind":"viewpoint","osmId":"n4472642290"},"geometry":{"type":"Point","coordinates":[109.304734,13.226646]}},{"type":"Feature","properties":{"name":"Hòn Lao Mái Nhà","group":"poi","kind":"viewpoint","osmId":"n11384975469"},"geometry":{"type":"Point","coordinates":[109.335053,13.281061]}},{"type":"Feature","properties":{"name":"Đầm Ô Loan","group":"poi","kind":"viewpoint","osmId":"n11779827836"},"geometry":{"type":"Point","coordinates":[109.251362,13.268567]}},{"type":"Feature","properties":{"name":"Bicycle repair shop","group":"commerce","kind":"bicycle","osmId":"n12156866760"},"geometry":{"type":"Point","coordinates":[109.28783,13.213653]}},{"type":"Feature","properties":{"name":"Tap hoa","group":"commerce","kind":"convenience","osmId":"n13840324903"},"geometry":{"type":"Point","coordinates":[109.260757,13.231698]}},{"type":"Feature","properties":{"name":"Trường Tiểu học An Hiệp","group":"school","kind":"school","osmId":"w1272641235"},"geometry":{"type":"Point","coordinates":[109.25498,13.250925]}},{"type":"Feature","properties":{"name":"Trường Trung học phổ thông Lê Thành Phương","group":"school","kind":"school","osmId":"w1272641236"},"geometry":{"type":"Point","coordinates":[109.26691,13.209493]}},{"type":"Feature","properties":{"name":"Trường Trung học cơ sở Nguyễn Thái Bình","group":"school","kind":"school","osmId":"w1272641237"},"geometry":{"type":"Point","coordinates":[109.276424,13.207139]}},{"type":"Feature","properties":{"name":"Trường Mầm non An Mỹ","group":"school","kind":"kindergarten","osmId":"w1272641238"},"geometry":{"type":"Point","coordinates":[109.275513,13.208359]}},{"type":"Feature","properties":{"name":"Chợ Hòa Đa","group":"commerce","kind":"marketplace","osmId":"w1272641239"},"geometry":{"type":"Point","coordinates":[109.277622,13.204817]}},{"type":"Feature","properties":{"name":"Mỹ A","group":"poi","kind":"viewpoint","osmId":"n1336401464"},"geometry":{"type":"Point","coordinates":[109.292198,13.157987]}},{"type":"Feature","properties":{"name":"Tự Đức","group":"place","kind":"village","osmId":"n1643962294"},"geometry":{"type":"Point","coordinates":[109.236751,13.184601]}},{"type":"Feature","properties":{"name":"Xóm Mới","group":"place","kind":"village","osmId":"n1645316684"},"geometry":{"type":"Point","coordinates":[109.176649,13.155017]}},{"type":"Feature","properties":{"name":"Bãi Xép","group":"poi","kind":"attraction","osmId":"n4172081938"},"geometry":{"type":"Point","coordinates":[109.302014,13.190636]}},{"type":"Feature","properties":{"name":"Trạm y tế","group":"health","kind":"doctors","osmId":"n4290480499"},"geometry":{"type":"Point","coordinates":[109.288345,13.168266]}},{"type":"Feature","properties":{"name":"Resort Vietstar","group":"poi","kind":"hotel","osmId":"n4290481205"},"geometry":{"type":"Point","coordinates":[109.282951,13.1692]}},{"type":"Feature","properties":{"name":"Số 6","group":"commerce","kind":"fuel","osmId":"n4290499791"},"geometry":{"type":"Point","coordinates":[109.281727,13.143958]}},{"type":"Feature","properties":{"name":"PV Oil","group":"commerce","kind":"fuel","osmId":"n4394591400"},"geometry":{"type":"Point","coordinates":[109.282477,13.147159]}},{"type":"Feature","properties":{"name":"Petrolimex","group":"commerce","kind":"fuel","osmId":"n4446999390"},"geometry":{"type":"Point","coordinates":[109.291485,13.178091]}},{"type":"Feature","properties":{"name":"Chùa Thanh Lương","group":"worship","kind":"place_of_worship","osmId":"n6052212185"},"geometry":{"type":"Point","coordinates":[109.295886,13.181234]}},{"type":"Feature","properties":{"name":"Pêcheurs","group":"poi","kind":"attraction","osmId":"n10758119407"},"geometry":{"type":"Point","coordinates":[109.301068,13.186656]}},{"type":"Feature","properties":{"name":"Lăng Ông Mỹ Quang","group":"worship","kind":"place_of_worship","osmId":"n11817668586"},"geometry":{"type":"Point","coordinates":[109.297343,13.180232]}},{"type":"Feature","properties":{"name":"Khu Du Lịch Đồi Thơm","group":"poi","kind":"attraction","osmId":"w158306883"},"geometry":{"type":"Point","coordinates":[109.283705,13.17339]}},{"type":"Feature","properties":{"name":"Chùa Thanh Lương","group":"worship","kind":"place_of_worship","osmId":"w903827683"},"geometry":{"type":"Point","coordinates":[109.295771,13.181695]}},{"type":"Feature","properties":{"name":"Petrolimex","group":"commerce","kind":"fuel","osmId":"w1137744001"},"geometry":{"type":"Point","coordinates":[109.279142,13.176762]}},{"type":"Feature","properties":{"name":"Trường Tiểu Học Nguyễn Hữu Thọ","group":"school","kind":"school","osmId":"w1272641244"},"geometry":{"type":"Point","coordinates":[109.294305,13.178688]}},{"type":"Feature","properties":{"name":"Trường Cao Đẳng Nghề Phú Yên - Cơ Sở 2","group":"school","kind":"college","osmId":"w1272642476"},"geometry":{"type":"Point","coordinates":[109.28145,13.163776]}},{"type":"Feature","properties":{"name":"Petrolimex","group":"commerce","kind":"fuel","osmId":"w1272642477"},"geometry":{"type":"Point","coordinates":[109.282022,13.162763]}},{"type":"Feature","properties":{"name":"Trạm Xăng Dầu Mười Sum","group":"commerce","kind":"fuel","osmId":"w1272642478"},"geometry":{"type":"Point","coordinates":[109.282044,13.161554]}},{"type":"Feature","properties":{"name":"Trạm Cảnh sát Giao Thông Tuy An","group":"civic","kind":"police","osmId":"w1272721378"},"geometry":{"type":"Point","coordinates":[109.272434,13.195089]}},{"type":"Feature","properties":{"name":"Bệnh viện Phục hồi chức năng tỉnh Đắk Lắk","group":"health","kind":"hospital","osmId":"w1459471137"},"geometry":{"type":"Point","coordinates":[109.293004,13.171958]}},{"type":"Feature","properties":{"name":"Diêu Viên","group":"place","kind":"village","osmId":"n1645316662"},"geometry":{"type":"Point","coordinates":[109.109691,13.236779]}},{"type":"Feature","properties":{"name":"Hòa Lộc","group":"place","kind":"village","osmId":"n1645316665"},"geometry":{"type":"Point","coordinates":[109.138833,13.271617]}},{"type":"Feature","properties":{"name":"Thái Long","group":"place","kind":"village","osmId":"n3454305643"},"geometry":{"type":"Point","coordinates":[109.171838,13.236689]}},{"type":"Feature","properties":{"name":"Phong Hậu","group":"place","kind":"village","osmId":"n4738056453"},"geometry":{"type":"Point","coordinates":[109.107786,13.195204]}},{"type":"Feature","properties":{"name":"Địa Đạo Gò Thì Thùng","group":"poi","kind":"museum","osmId":"n13157730289"},"geometry":{"type":"Point","coordinates":[109.11749,13.247942]}},{"type":"Feature","properties":{"name":"Trường Trung học cơ sở Nguyễn Hoa","group":"school","kind":"school","osmId":"w1309251161"},"geometry":{"type":"Point","coordinates":[109.169639,13.256177]}},{"type":"Feature","properties":{"name":"Mỹ Thành","group":"place","kind":"hamlet","osmId":"n1614685595"},"geometry":{"type":"Point","coordinates":[109.24669,13.046228]}},{"type":"Feature","properties":{"name":"Phụng Tường","group":"place","kind":"hamlet","osmId":"n1616049462"},"geometry":{"type":"Point","coordinates":[109.2517,13.081568]}},{"type":"Feature","properties":{"name":"Xuân Hòa","group":"place","kind":"village","osmId":"n1622507582"},"geometry":{"type":"Point","coordinates":[109.248572,13.107515]}},{"type":"Feature","properties":{"name":"Mỹ Lệ","group":"place","kind":"village","osmId":"n1645284663"},"geometry":{"type":"Point","coordinates":[109.246109,13.000345]}},{"type":"Feature","properties":{"name":"CAH Tây Hoà","group":"civic","kind":"police","osmId":"n4282044895"},"geometry":{"type":"Point","coordinates":[109.251863,13.002832]}},{"type":"Feature","properties":{"name":"PV Oil","group":"commerce","kind":"fuel","osmId":"n4394560103"},"geometry":{"type":"Point","coordinates":[109.265214,13.125878]}},{"type":"Feature","properties":{"name":"Lạc Nghiệp","group":"place","kind":"village","osmId":"n4737862641"},"geometry":{"type":"Point","coordinates":[109.267704,13.008531]}},{"type":"Feature","properties":{"name":"Phú Thứ","group":"place","kind":"town","osmId":"n4737904585"},"geometry":{"type":"Point","coordinates":[109.239559,12.999393]}},{"type":"Feature","properties":{"name":"Phú Hòa","group":"place","kind":"town","osmId":"n4737980788"},"geometry":{"type":"Point","coordinates":[109.212443,13.019835]}},{"type":"Feature","properties":{"name":"gò mỹ thạnh đông 2","group":"worship","kind":"place_of_worship","osmId":"n7416677631"},"geometry":{"type":"Point","coordinates":[109.208345,12.993195]}},{"type":"Feature","properties":{"name":"Nhà của Dung Hổ","group":"poi","kind":"information","osmId":"n7418220996"},"geometry":{"type":"Point","coordinates":[109.208712,12.99247]}},{"type":"Feature","properties":{"name":"UBND xã Hoà Quang Bắc","group":"civic","kind":"townhall","osmId":"n11869832473"},"geometry":{"type":"Point","coordinates":[109.214782,13.080563]}},{"type":"Feature","properties":{"name":"Chợ Nho Lâm","group":"commerce","kind":"marketplace","osmId":"n11869832496"},"geometry":{"type":"Point","coordinates":[109.224799,13.075489]}},{"type":"Feature","properties":{"name":"Công An xã Hoà Quang Bắc","group":"civic","kind":"police","osmId":"n11980539552"},"geometry":{"type":"Point","coordinates":[109.215396,13.080287]}},{"type":"Feature","properties":{"name":"Cẩm Sơn","group":"place","kind":"hamlet","osmId":"n11980539657"},"geometry":{"type":"Point","coordinates":[109.228542,13.095699]}},{"type":"Feature","properties":{"name":"Ngọc Sơn Đông","group":"place","kind":"hamlet","osmId":"n11980539658"},"geometry":{"type":"Point","coordinates":[109.210818,13.083888]}},{"type":"Feature","properties":{"name":"Ngọc Sơn Tây","group":"place","kind":"hamlet","osmId":"n11980539753"},"geometry":{"type":"Point","coordinates":[109.202814,13.098038]}},{"type":"Feature","properties":{"name":"Đồng Mỹ","group":"place","kind":"hamlet","osmId":"n11980539754"},"geometry":{"type":"Point","coordinates":[109.21365,13.107108]}},{"type":"Feature","properties":{"name":"Đồng Lãnh","group":"place","kind":"hamlet","osmId":"n11980539755"},"geometry":{"type":"Point","coordinates":[109.216016,13.097484]}},{"type":"Feature","properties":{"name":"PV Oil","group":"commerce","kind":"fuel","osmId":"n12681190979"},"geometry":{"type":"Point","coordinates":[109.266059,12.99647]}},{"type":"Feature","properties":{"name":"Đền thờ Lương Văn Chánh","group":"poi","kind":"attraction","osmId":"n12856400201"},"geometry":{"type":"Point","coordinates":[109.237218,13.091504]}},{"type":"Feature","properties":{"name":"PV Oil","group":"commerce","kind":"fuel","osmId":"n13011356501"},"geometry":{"type":"Point","coordinates":[109.096002,13.047558]}},{"type":"Feature","properties":{"name":"PV Oil","group":"commerce","kind":"fuel","osmId":"n13011365101"},"geometry":{"type":"Point","coordinates":[109.131329,13.004398]}},{"type":"Feature","properties":{"name":"Petrolimex","group":"commerce","kind":"fuel","osmId":"n13011376401"},"geometry":{"type":"Point","coordinates":[109.202835,13.01681]}},{"type":"Feature","properties":{"name":"Golden Cobra","group":"poi","kind":"artwork","osmId":"n13011591101"},"geometry":{"type":"Point","coordinates":[109.209149,13.018541]}},{"type":"Feature","properties":{"name":"Trường Trung học cơ sở Phạm Đình Quy","group":"school","kind":"school","osmId":"w1270848053"},"geometry":{"type":"Point","coordinates":[109.26105,12.996065]}},{"type":"Feature","properties":{"name":"Trường Trung học cơ sở Nguyễn Tất Thành","group":"school","kind":"school","osmId":"w1270848056"},"geometry":{"type":"Point","coordinates":[109.244677,12.997643]}},{"type":"Feature","properties":{"name":"Trường Mầm Non Thị Trấn Phú Thứ","group":"school","kind":"kindergarten","osmId":"w1270848057"},"geometry":{"type":"Point","coordinates":[109.245569,12.997708]}},{"type":"Feature","properties":{"name":"Trường Trung học phổ thông Trần Suyền","group":"school","kind":"school","osmId":"w1292331820"},"geometry":{"type":"Point","coordinates":[109.242247,13.079345]}},{"type":"Feature","properties":{"name":"Trường Trung học cơ sở Hoà Quang","group":"school","kind":"school","osmId":"w1292331822"},"geometry":{"type":"Point","coordinates":[109.213248,13.080395]}},{"type":"Feature","properties":{"name":"Trường Trung học cơ sở Trần Hào","group":"school","kind":"school","osmId":"w1292331823"},"geometry":{"type":"Point","coordinates":[109.217578,13.06667]}},{"type":"Feature","properties":{"name":"UBND xã Hoà Quang Nam","group":"civic","kind":"townhall","osmId":"w1292331824"},"geometry":{"type":"Point","coordinates":[109.220537,13.06668]}},{"type":"Feature","properties":{"name":"Sơn Thọ","group":"place","kind":"village","osmId":"n1644008086"},"geometry":{"type":"Point","coordinates":[109.213992,13.137055]}},{"type":"Feature","properties":{"name":"Mỹ Phú","group":"place","kind":"village","osmId":"n4738410451"},"geometry":{"type":"Point","coordinates":[109.182891,12.9616]}},{"type":"Feature","properties":{"name":"Mỹ Điền","group":"place","kind":"village","osmId":"n4738410453"},"geometry":{"type":"Point","coordinates":[109.25987,12.928109]}},{"type":"Feature","properties":{"name":"Phú Nhiêu","group":"place","kind":"village","osmId":"n4738410454"},"geometry":{"type":"Point","coordinates":[109.216129,12.965918]}},{"type":"Feature","properties":{"name":"Xuân Mỹ","group":"place","kind":"village","osmId":"n4738410457"},"geometry":{"type":"Point","coordinates":[109.206827,12.930681]}},{"type":"Feature","properties":{"name":"PV Oil","group":"commerce","kind":"fuel","osmId":"n12681190978"},"geometry":{"type":"Point","coordinates":[109.283587,12.995243]}},{"type":"Feature","properties":{"name":"Trường tiểu học Chu Văn An 1","group":"school","kind":"school","osmId":"w1270848049"},"geometry":{"type":"Point","coordinates":[109.288427,12.99255]}},{"type":"Feature","properties":{"name":"Trường Tiểu học Hòa Tân Tây","group":"school","kind":"school","osmId":"w1270848052"},"geometry":{"type":"Point","coordinates":[109.276734,12.995835]}},{"type":"Feature","properties":{"name":"Mỹ Cảnh","group":"place","kind":"village","osmId":"n4738410450"},"geometry":{"type":"Point","coordinates":[109.225307,12.918797]}},{"type":"Feature","properties":{"name":"Mỹ Thành","group":"place","kind":"village","osmId":"n4738410452"},"geometry":{"type":"Point","coordinates":[109.15387,12.932642]}},{"type":"Feature","properties":{"name":"Lạc Điền","group":"place","kind":"village","osmId":"n4738410449"},"geometry":{"type":"Point","coordinates":[109.104484,12.985458]}},{"type":"Feature","properties":{"name":"Vĩnh Lương","group":"place","kind":"village","osmId":"n12993831883"},"geometry":{"type":"Point","coordinates":[109.035495,13.00104]}},{"type":"Feature","properties":{"name":"Vĩnh Giang","group":"place","kind":"village","osmId":"n12993831884"},"geometry":{"type":"Point","coordinates":[109.029767,13.001598]}},{"type":"Feature","properties":{"name":"Vạn Giang","group":"place","kind":"village","osmId":"n12993831885"},"geometry":{"type":"Point","coordinates":[109.03346,12.984585]}},{"type":"Feature","properties":{"name":"Tân Giang","group":"place","kind":"village","osmId":"n12993831886"},"geometry":{"type":"Point","coordinates":[109.03158,13.008385]}},{"type":"Feature","properties":{"name":"Phước Lộc","group":"place","kind":"village","osmId":"n12993831888"},"geometry":{"type":"Point","coordinates":[109.036332,13.01249]}},{"type":"Feature","properties":{"name":"Nam Giang","group":"place","kind":"village","osmId":"n12993831889"},"geometry":{"type":"Point","coordinates":[109.025169,12.977167]}},{"type":"Feature","properties":{"name":"Hà Giang","group":"place","kind":"village","osmId":"n12993831890"},"geometry":{"type":"Point","coordinates":[109.034048,13.018475]}},{"type":"Feature","properties":{"name":"Củng Sơn","group":"place","kind":"town","osmId":"n369490536"},"geometry":{"type":"Point","coordinates":[108.975572,13.049618]}},{"type":"Feature","properties":{"name":"Nguyên An","group":"place","kind":"village","osmId":"n4738056451"},"geometry":{"type":"Point","coordinates":[109.03948,13.077146]}},{"type":"Feature","properties":{"name":"Ngân Điền","group":"place","kind":"village","osmId":"n4738056452"},"geometry":{"type":"Point","coordinates":[109.033577,13.06353]}},{"type":"Feature","properties":{"name":"Kiến Thiết","group":"place","kind":"village","osmId":"n4738563960"},"geometry":{"type":"Point","coordinates":[108.889239,13.094551]}},{"type":"Feature","properties":{"name":"Thống Nhất","group":"place","kind":"village","osmId":"n4738563962"},"geometry":{"type":"Point","coordinates":[108.903394,13.042648]}},{"type":"Feature","properties":{"name":"Nhà nghỉ Nhật Gin","group":"poi","kind":"hotel","osmId":"n5367871422"},"geometry":{"type":"Point","coordinates":[108.958262,13.083919]}},{"type":"Feature","properties":{"name":"PV Oil","group":"commerce","kind":"fuel","osmId":"n12123891521"},"geometry":{"type":"Point","coordinates":[109.042013,13.080002]}},{"type":"Feature","properties":{"name":"Nhà thờ Sơn Nguyên","group":"worship","kind":"place_of_worship","osmId":"n12123891522"},"geometry":{"type":"Point","coordinates":[109.021779,13.083649]}},{"type":"Feature","properties":{"name":"Chợ Sơn Hòa","group":"commerce","kind":"marketplace","osmId":"n12123891604"},"geometry":{"type":"Point","coordinates":[108.975464,13.047796]}},{"type":"Feature","properties":{"name":"PV Oil","group":"commerce","kind":"fuel","osmId":"n12123903528"},"geometry":{"type":"Point","coordinates":[108.968895,13.042127]}},{"type":"Feature","properties":{"name":"Petrolimex","group":"commerce","kind":"fuel","osmId":"n12123903561"},"geometry":{"type":"Point","coordinates":[109.000025,13.068893]}},{"type":"Feature","properties":{"name":"Bicycle shop","group":"commerce","kind":"bicycle","osmId":"n12153392478"},"geometry":{"type":"Point","coordinates":[108.973423,13.045253]}},{"type":"Feature","properties":{"name":"Quang Dù","group":"place","kind":"village","osmId":"n12993832732"},"geometry":{"type":"Point","coordinates":[108.924272,13.025662]}},{"type":"Feature","properties":{"name":"Mã Voi","group":"place","kind":"village","osmId":"n12993832733"},"geometry":{"type":"Point","coordinates":[108.934819,13.051289]}},{"type":"Feature","properties":{"name":"Tuy Bình","group":"place","kind":"village","osmId":"n12993832734"},"geometry":{"type":"Point","coordinates":[108.952605,13.039477]}},{"type":"Feature","properties":{"name":"Đồng Phú","group":"place","kind":"village","osmId":"n12993832735"},"geometry":{"type":"Point","coordinates":[108.943005,13.044693]}},{"type":"Feature","properties":{"name":"An Hoà","group":"place","kind":"village","osmId":"n12993832736"},"geometry":{"type":"Point","coordinates":[108.942702,13.039305]}},{"type":"Feature","properties":{"name":"Chí Thán","group":"place","kind":"village","osmId":"n12993832740"},"geometry":{"type":"Point","coordinates":[108.960103,13.027117]}},{"type":"Feature","properties":{"name":"PV Oil","group":"commerce","kind":"fuel","osmId":"n13011307702"},"geometry":{"type":"Point","coordinates":[108.980127,13.073069]}},{"type":"Feature","properties":{"name":"PV Oil","group":"commerce","kind":"fuel","osmId":"n13011311901"},"geometry":{"type":"Point","coordinates":[108.920982,13.092136]}},{"type":"Feature","properties":{"name":"Trường Tiểu học Xuân Sơn","group":"school","kind":"school","osmId":"w1309251174"},"geometry":{"type":"Point","coordinates":[109.071243,13.124836]}},{"type":"Feature","properties":{"name":"Trường Trung học cơ sở Sơn Nguyên","group":"school","kind":"school","osmId":"w1309251175"},"geometry":{"type":"Point","coordinates":[109.02958,13.0839]}},{"type":"Feature","properties":{"name":"Trường Tiểu học Suối Bạc","group":"school","kind":"school","osmId":"w1309251178"},"geometry":{"type":"Point","coordinates":[108.99099,13.088391]}},{"type":"Feature","properties":{"name":"Trường Trung học cơ sở Suối Bạc","group":"school","kind":"school","osmId":"w1309251179"},"geometry":{"type":"Point","coordinates":[108.970287,13.075973]}},{"type":"Feature","properties":{"name":"Trường Trung cấp nghề Thanh niên Dân Tộc","group":"school","kind":"school","osmId":"w1309251180"},"geometry":{"type":"Point","coordinates":[108.971433,13.069025]}},{"type":"Feature","properties":{"name":"Trường Trung học phổ thông Phan Bội Châu","group":"school","kind":"school","osmId":"w1309251181"},"geometry":{"type":"Point","coordinates":[108.970165,13.064293]}},{"type":"Feature","properties":{"name":"Trung tâm Y tế Sơn Hòa","group":"health","kind":"hospital","osmId":"w1309251188"},"geometry":{"type":"Point","coordinates":[108.979467,13.047542]}},{"type":"Feature","properties":{"name":"Trường Tiểu học Củng Sơn 2","group":"school","kind":"school","osmId":"w1309251189"},"geometry":{"type":"Point","coordinates":[108.972174,13.052281]}},{"type":"Feature","properties":{"name":"Trường Trung học cơ sở Nguyễn Hữu Thọ","group":"school","kind":"school","osmId":"w1309251190"},"geometry":{"type":"Point","coordinates":[108.971161,13.050156]}},{"type":"Feature","properties":{"name":"Trường Tiểu học Củng Sơn 1","group":"school","kind":"school","osmId":"w1309257592"},"geometry":{"type":"Point","coordinates":[108.974381,13.0394]}},{"type":"Feature","properties":{"name":"Trường Trung học cơ sở Nguyễn Trung Trục","group":"school","kind":"school","osmId":"w1309257595"},"geometry":{"type":"Point","coordinates":[109.027343,13.0628]}},{"type":"Feature","properties":{"name":"Trường Tiểu học Sơn Hà 1","group":"school","kind":"school","osmId":"w1309257596"},"geometry":{"type":"Point","coordinates":[109.028254,13.061526]}},{"type":"Feature","properties":{"name":"Trạm Y Tế Xã Sơn Hà","group":"health","kind":"hospital","osmId":"w1309257597"},"geometry":{"type":"Point","coordinates":[109.030122,13.062997]}},{"type":"Feature","properties":{"name":"Hòa Bình","group":"place","kind":"village","osmId":"n4738056450"},"geometry":{"type":"Point","coordinates":[109.063442,13.194562]}},{"type":"Feature","properties":{"name":"Chợ Đồn","group":"commerce","kind":"marketplace","osmId":"n12123891375"},"geometry":{"type":"Point","coordinates":[109.131119,13.164322]}},{"type":"Feature","properties":{"name":"Cửa Hàng Xăng Dầu Tùng Vân Hòa","group":"commerce","kind":"fuel","osmId":"n12123891376"},"geometry":{"type":"Point","coordinates":[109.128841,13.163089]}},{"type":"Feature","properties":{"name":"Chua Linh Phuoc","group":"worship","kind":"place_of_worship","osmId":"w904885050"},"geometry":{"type":"Point","coordinates":[109.131014,13.166088]}},{"type":"Feature","properties":{"name":"Chua Linh Phuoc (new building 2021)","group":"worship","kind":"place_of_worship","osmId":"w904885509"},"geometry":{"type":"Point","coordinates":[109.130785,13.166312]}},{"type":"Feature","properties":{"name":"Gia Trụ","group":"place","kind":"village","osmId":"n1654002245"},"geometry":{"type":"Point","coordinates":[108.90314,13.297254]}},{"type":"Feature","properties":{"name":"Độc Lập","group":"place","kind":"village","osmId":"n4738565336"},"geometry":{"type":"Point","coordinates":[108.851178,13.123144]}},{"type":"Feature","properties":{"name":"Học","group":"place","kind":"village","osmId":"n12993832710"},"geometry":{"type":"Point","coordinates":[108.761065,13.086529]}},{"type":"Feature","properties":{"name":"Gao","group":"place","kind":"village","osmId":"n12993832711"},"geometry":{"type":"Point","coordinates":[108.761769,13.075509]}},{"type":"Feature","properties":{"name":"Bưng B","group":"place","kind":"village","osmId":"n12993832712"},"geometry":{"type":"Point","coordinates":[108.772685,13.073156]}},{"type":"Feature","properties":{"name":"Bưng A","group":"place","kind":"village","osmId":"n12993832713"},"geometry":{"type":"Point","coordinates":[108.770472,13.070775]}},{"type":"Feature","properties":{"name":"Bai","group":"place","kind":"village","osmId":"n12993832714"},"geometry":{"type":"Point","coordinates":[108.78076,13.072204]}},{"type":"Feature","properties":{"name":"Ken","group":"place","kind":"village","osmId":"n12993832728"},"geometry":{"type":"Point","coordinates":[108.850386,13.022054]}},{"type":"Feature","properties":{"name":"Chao","group":"place","kind":"village","osmId":"n12993832729"},"geometry":{"type":"Point","coordinates":[108.82867,13.028956]}},{"type":"Feature","properties":{"name":"Bá","group":"place","kind":"village","osmId":"n12993832731"},"geometry":{"type":"Point","coordinates":[108.83932,13.027401]}},{"type":"Feature","properties":{"name":"PV Oil","group":"commerce","kind":"fuel","osmId":"n13011300801"},"geometry":{"type":"Point","coordinates":[108.794788,13.116817]}},{"type":"Feature","properties":{"name":"Ji Lớn","group":"place","kind":"village","osmId":"n1647380537"},"geometry":{"type":"Point","coordinates":[108.744846,13.079001]}},{"type":"Feature","properties":{"name":"Buôn Tang","group":"place","kind":"hamlet","osmId":"n1653950855"},"geometry":{"type":"Point","coordinates":[108.731104,13.061571]}},{"type":"Feature","properties":{"name":"Buôn Tring","group":"place","kind":"village","osmId":"n1653950856"},"geometry":{"type":"Point","coordinates":[108.711749,13.100426]}},{"type":"Feature","properties":{"name":"Tân Yên","group":"place","kind":"village","osmId":"n12993832704"},"geometry":{"type":"Point","coordinates":[108.767477,12.979553]}},{"type":"Feature","properties":{"name":"Tân Sơn","group":"place","kind":"village","osmId":"n12993832705"},"geometry":{"type":"Point","coordinates":[108.756206,12.95583]}},{"type":"Feature","properties":{"name":"Tân Lập","group":"place","kind":"village","osmId":"n12993832706"},"geometry":{"type":"Point","coordinates":[108.769879,12.972946]}},{"type":"Feature","properties":{"name":"Zô","group":"place","kind":"village","osmId":"n12993832708"},"geometry":{"type":"Point","coordinates":[108.727667,12.983047]}},{"type":"Feature","properties":{"name":"Thôn 2/4","group":"place","kind":"village","osmId":"n12993832709"},"geometry":{"type":"Point","coordinates":[108.743721,12.97367]}},{"type":"Feature","properties":{"name":"Trinh","group":"place","kind":"village","osmId":"n12993832720"},"geometry":{"type":"Point","coordinates":[108.813299,12.966475]}},{"type":"Feature","properties":{"name":"Thứ","group":"place","kind":"village","osmId":"n12993832721"},"geometry":{"type":"Point","coordinates":[108.805181,12.974742]}},{"type":"Feature","properties":{"name":"Tân An","group":"place","kind":"village","osmId":"n12993832722"},"geometry":{"type":"Point","coordinates":[108.779434,12.983164]}},{"type":"Feature","properties":{"name":"Quen","group":"place","kind":"village","osmId":"n12993832723"},"geometry":{"type":"Point","coordinates":[108.810704,12.967925]}},{"type":"Feature","properties":{"name":"Ea Mkeng","group":"place","kind":"village","osmId":"n12993832724"},"geometry":{"type":"Point","coordinates":[108.817492,12.964626]}},{"type":"Feature","properties":{"name":"Chung","group":"place","kind":"village","osmId":"n12993832726"},"geometry":{"type":"Point","coordinates":[108.791579,12.986617]}},{"type":"Feature","properties":{"name":"Chư Blôi","group":"place","kind":"village","osmId":"n12993832727"},"geometry":{"type":"Point","coordinates":[108.801173,12.9344]}},{"type":"Feature","properties":{"name":"Tân Lập","group":"place","kind":"town","osmId":"n13955351789"},"geometry":{"type":"Point","coordinates":[108.768135,12.979471]}},{"type":"Feature","properties":{"name":"Thinh","group":"place","kind":"village","osmId":"n12993831898"},"geometry":{"type":"Point","coordinates":[108.890857,12.935909]}},{"type":"Feature","properties":{"name":"Ly","group":"place","kind":"village","osmId":"n12993831899"},"geometry":{"type":"Point","coordinates":[108.877703,12.942983]}},{"type":"Feature","properties":{"name":"Chứ Sai","group":"place","kind":"village","osmId":"n12993832702"},"geometry":{"type":"Point","coordinates":[108.852369,12.942346]}},{"type":"Feature","properties":{"name":"Bầu","group":"place","kind":"village","osmId":"n12993832703"},"geometry":{"type":"Point","coordinates":[108.885203,12.936884]}},{"type":"Feature","properties":{"name":"Ea Din","group":"place","kind":"village","osmId":"n12993832725"},"geometry":{"type":"Point","coordinates":[108.833443,12.931632]}},{"type":"Feature","properties":{"name":"Bầu","group":"place","kind":"village","osmId":"n12993832730"},"geometry":{"type":"Point","coordinates":[108.853961,13.010177]}},{"type":"Feature","properties":{"name":"Lê Diêm","group":"place","kind":"village","osmId":"n12993832743"},"geometry":{"type":"Point","coordinates":[108.886985,12.97256]}},{"type":"Feature","properties":{"name":"Bách","group":"place","kind":"village","osmId":"n12993832746"},"geometry":{"type":"Point","coordinates":[108.871477,12.968272]}},{"type":"Feature","properties":{"name":"Khu phố 10","group":"place","kind":"suburb","osmId":"n12993832747"},"geometry":{"type":"Point","coordinates":[108.879555,12.995844]}},{"type":"Feature","properties":{"name":"Khu phố 9","group":"place","kind":"suburb","osmId":"n12993832748"},"geometry":{"type":"Point","coordinates":[108.88712,12.994121]}},{"type":"Feature","properties":{"name":"Khu phố 8","group":"place","kind":"suburb","osmId":"n12993832749"},"geometry":{"type":"Point","coordinates":[108.891289,12.988654]}},{"type":"Feature","properties":{"name":"Hai Riêng","group":"place","kind":"town","osmId":"n369491885"},"geometry":{"type":"Point","coordinates":[108.899038,12.98075]}},{"type":"Feature","properties":{"name":"Suối Biểu","group":"place","kind":"village","osmId":"n12993831887"},"geometry":{"type":"Point","coordinates":[108.996597,12.979047]}},{"type":"Feature","properties":{"name":"Thu","group":"place","kind":"village","osmId":"n12993831897"},"geometry":{"type":"Point","coordinates":[108.89588,12.93547]}},{"type":"Feature","properties":{"name":"Kinh Tế 2","group":"place","kind":"village","osmId":"n12993831900"},"geometry":{"type":"Point","coordinates":[108.930527,12.931147]}},{"type":"Feature","properties":{"name":"Đức Mùi","group":"place","kind":"village","osmId":"n12993832701"},"geometry":{"type":"Point","coordinates":[108.92339,12.913987]}},{"type":"Feature","properties":{"name":"Nhum","group":"place","kind":"village","osmId":"n12993832715"},"geometry":{"type":"Point","coordinates":[108.939403,12.992745]}},{"type":"Feature","properties":{"name":"Ma Sung","group":"place","kind":"village","osmId":"n12993832716"},"geometry":{"type":"Point","coordinates":[108.925159,12.978851]}},{"type":"Feature","properties":{"name":"Krông","group":"place","kind":"village","osmId":"n12993832717"},"geometry":{"type":"Point","coordinates":[108.914623,12.969927]}},{"type":"Feature","properties":{"name":"Dôn Chách","group":"place","kind":"village","osmId":"n12993832718"},"geometry":{"type":"Point","coordinates":[108.939985,12.941395]}},{"type":"Feature","properties":{"name":"Dành","group":"place","kind":"village","osmId":"n12993832719"},"geometry":{"type":"Point","coordinates":[108.901137,12.959485]}},{"type":"Feature","properties":{"name":"Thung","group":"place","kind":"village","osmId":"n12993832737"},"geometry":{"type":"Point","coordinates":[108.961744,12.94817]}},{"type":"Feature","properties":{"name":"Tân Lập","group":"place","kind":"village","osmId":"n12993832738"},"geometry":{"type":"Point","coordinates":[108.954306,12.98967]}},{"type":"Feature","properties":{"name":"Hiệp Hoà","group":"place","kind":"village","osmId":"n12993832739"},"geometry":{"type":"Point","coordinates":[108.964011,13.014022]}},{"type":"Feature","properties":{"name":"Bình Giang","group":"place","kind":"village","osmId":"n12993832741"},"geometry":{"type":"Point","coordinates":[108.947747,12.950446]}},{"type":"Feature","properties":{"name":"Thô","group":"place","kind":"village","osmId":"n12993832742"},"geometry":{"type":"Point","coordinates":[108.907275,12.991219]}},{"type":"Feature","properties":{"name":"Hai Riêng","group":"place","kind":"village","osmId":"n12993832744"},"geometry":{"type":"Point","coordinates":[108.906026,12.978292]}},{"type":"Feature","properties":{"name":"Hai Klốc","group":"place","kind":"village","osmId":"n12993832745"},"geometry":{"type":"Point","coordinates":[108.918708,12.978728]}},{"type":"Feature","properties":{"name":"Khu phố 7","group":"place","kind":"suburb","osmId":"n12993832750"},"geometry":{"type":"Point","coordinates":[108.896798,12.985131]}},{"type":"Feature","properties":{"name":"Khu phố 6","group":"place","kind":"suburb","osmId":"n12993832751"},"geometry":{"type":"Point","coordinates":[108.896464,12.977694]}},{"type":"Feature","properties":{"name":"Khu phố 5","group":"place","kind":"suburb","osmId":"n12993832752"},"geometry":{"type":"Point","coordinates":[108.902116,12.977988]}},{"type":"Feature","properties":{"name":"Khu phố 4","group":"place","kind":"suburb","osmId":"n12993832753"},"geometry":{"type":"Point","coordinates":[108.901984,12.980733]}},{"type":"Feature","properties":{"name":"Khu phố 3","group":"place","kind":"suburb","osmId":"n12993832754"},"geometry":{"type":"Point","coordinates":[108.90348,12.985159]}},{"type":"Feature","properties":{"name":"Khu phố 2","group":"place","kind":"suburb","osmId":"n12993832755"},"geometry":{"type":"Point","coordinates":[108.912792,12.990896]}},{"type":"Feature","properties":{"name":"Khu phố 1","group":"place","kind":"suburb","osmId":"n12993832756"},"geometry":{"type":"Point","coordinates":[108.920278,12.995981]}},{"type":"Feature","properties":{"name":"Ea Ngao","group":"place","kind":"village","osmId":"n12993831892"},"geometry":{"type":"Point","coordinates":[108.958053,12.818224]}},{"type":"Feature","properties":{"name":"Hà Roi","group":"place","kind":"village","osmId":"n12993831895"},"geometry":{"type":"Point","coordinates":[108.976947,12.827693]}},{"type":"Feature","properties":{"name":"Đa Lộc","group":"place","kind":"village","osmId":"n369492063"},"geometry":{"type":"Point","coordinates":[109.062456,13.536313]}},{"type":"Feature","properties":{"name":"Lãnh Cao","group":"place","kind":"village","osmId":"n1643949316"},"geometry":{"type":"Point","coordinates":[109.042116,13.511978]}},{"type":"Feature","properties":{"name":"Long Nguyên","group":"place","kind":"hamlet","osmId":"n1645316666"},"geometry":{"type":"Point","coordinates":[109.0865,13.462027]}},{"type":"Feature","properties":{"name":"Hà Rai","group":"place","kind":"village","osmId":"n3454305638"},"geometry":{"type":"Point","coordinates":[109.033793,13.480875]}},{"type":"Feature","properties":{"name":"Long Ba","group":"place","kind":"village","osmId":"n3454305639"},"geometry":{"type":"Point","coordinates":[109.047703,13.458851]}},{"type":"Feature","properties":{"name":"Soi Nga","group":"place","kind":"village","osmId":"n3454305642"},"geometry":{"type":"Point","coordinates":[109.023285,13.507456]}},{"type":"Feature","properties":{"name":"Làng Canh Lãnh, Canh Hòa","group":"place","kind":"village","osmId":"n12068422425"},"geometry":{"type":"Point","coordinates":[108.993144,13.576324]}},{"type":"Feature","properties":{"name":"Làng Canh Thành, Canh Hòa","group":"place","kind":"village","osmId":"n12068422426"},"geometry":{"type":"Point","coordinates":[109.011576,13.562686]}},{"type":"Feature","properties":{"name":"Làng Canh Phước, Canh Hòa","group":"place","kind":"village","osmId":"n12068422427"},"geometry":{"type":"Point","coordinates":[109.021398,13.553111]}},{"type":"Feature","properties":{"name":"Làng Kà Xim, Canh Thuận","group":"place","kind":"village","osmId":"n12068422428"},"geometry":{"type":"Point","coordinates":[109.00915,13.581536]}},{"type":"Feature","properties":{"name":"Làng Hà Văn Trên, Canh Thuận","group":"place","kind":"village","osmId":"n12068422433"},"geometry":{"type":"Point","coordinates":[108.966781,13.581946]}},{"type":"Feature","properties":{"name":"Làng Kà Te, Canh Thuận","group":"place","kind":"village","osmId":"n12068422434"},"geometry":{"type":"Point","coordinates":[108.958148,13.561309]}},{"type":"Feature","properties":{"name":"Phú Tiến","group":"place","kind":"village","osmId":"n369492018"},"geometry":{"type":"Point","coordinates":[108.914084,13.438401]}},{"type":"Feature","properties":{"name":"Phú Giang","group":"place","kind":"village","osmId":"n1645316678"},"geometry":{"type":"Point","coordinates":[108.923404,13.471302]}},{"type":"Feature","properties":{"name":"Suối Nước Khoáng Cái Vung","group":"poi","kind":"viewpoint","osmId":"n1645316680"},"geometry":{"type":"Point","coordinates":[108.923391,13.464156]}},{"type":"Feature","properties":{"name":"Phước Hòa","group":"place","kind":"village","osmId":"n369490365"},"geometry":{"type":"Point","coordinates":[109.072621,13.292264]}},{"type":"Feature","properties":{"name":"Phước Lộc","group":"place","kind":"village","osmId":"n4738056454"},"geometry":{"type":"Point","coordinates":[109.092809,13.34733]}},{"type":"Feature","properties":{"name":"Phước Huệ","group":"place","kind":"village","osmId":"n4738206958"},"geometry":{"type":"Point","coordinates":[109.084712,13.372638]}},{"type":"Feature","properties":{"name":"Chùa Phật Học","group":"worship","kind":"place_of_worship","osmId":"n12797411541"},"geometry":{"type":"Point","coordinates":[109.147048,13.349046]}},{"type":"Feature","properties":{"name":"Trường tiểu học Xuân Sơn Nam","group":"school","kind":"school","osmId":"w1382244125"},"geometry":{"type":"Point","coordinates":[109.149183,13.347772]}},{"type":"Feature","properties":{"name":"Hoang Lo","group":"poi","kind":"hotel","osmId":"n669477875"},"geometry":{"type":"Point","coordinates":[108.054485,12.682377]}},{"type":"Feature","properties":{"name":"Bưu Điện Tỉnh Đắk Lắk","group":"civic","kind":"post_office","osmId":"n1727574858"},"geometry":{"type":"Point","coordinates":[108.033197,12.680372]}},{"type":"Feature","properties":{"name":"Chùa Vương Xá","group":"worship","kind":"place_of_worship","osmId":"n1727574859"},"geometry":{"type":"Point","coordinates":[108.04055,12.679163]}},{"type":"Feature","properties":{"name":"Ủy Ban Mặt Trận Tổ Quốc Việt Nam","group":"civic","kind":"townhall","osmId":"n1727575086"},"geometry":{"type":"Point","coordinates":[108.044657,12.681661]}},{"type":"Feature","properties":{"name":"Damsan Hotel","group":"poi","kind":"hotel","osmId":"n1727618883"},"geometry":{"type":"Point","coordinates":[108.053441,12.679937]}},{"type":"Feature","properties":{"name":"Eden Hotel","group":"poi","kind":"hotel","osmId":"n1727618886"},"geometry":{"type":"Point","coordinates":[108.054037,12.680732]}},{"type":"Feature","properties":{"name":"Cửa hàng xăng dầu số 3","group":"commerce","kind":"fuel","osmId":"n2376289608"},"geometry":{"type":"Point","coordinates":[108.047341,12.681261]}},{"type":"Feature","properties":{"name":"Nhà sách Lý Thường Kiệt","group":"commerce","kind":"books","osmId":"n2376373620"},"geometry":{"type":"Point","coordinates":[108.043422,12.68093]}},{"type":"Feature","properties":{"name":"Petrolimex","group":"commerce","kind":"fuel","osmId":"n2376666263"},"geometry":{"type":"Point","coordinates":[108.060639,12.690283]}},{"type":"Feature","properties":{"name":"Số 9","group":"commerce","kind":"fuel","osmId":"n2376668342"},"geometry":{"type":"Point","coordinates":[108.02735,12.656233]}},{"type":"Feature","properties":{"name":"Khách sạn Bạch Mã","group":"poi","kind":"hotel","osmId":"n2494706690"},"geometry":{"type":"Point","coordinates":[108.04478,12.684237]}},{"type":"Feature","properties":{"name":"Thế Giới Di Động","group":"commerce","kind":"mobile_phone","osmId":"n2494712806"},"geometry":{"type":"Point","coordinates":[108.049401,12.685722]}},{"type":"Feature","properties":{"name":"Thế Giới Di Động","group":"commerce","kind":"mobile_phone","osmId":"n2494715831"},"geometry":{"type":"Point","coordinates":[108.027669,12.657306]}},{"type":"Feature","properties":{"name":"Eximbank - PGD Lê Duẩn","group":"commerce","kind":"bank","osmId":"n2494728920"},"geometry":{"type":"Point","coordinates":[108.027254,12.656706]}},{"type":"Feature","properties":{"name":"Medic Đất Việt","group":"health","kind":"clinic","osmId":"n2494767463"},"geometry":{"type":"Point","coordinates":[108.043903,12.680055]}},{"type":"Feature","properties":{"name":"bánh mỳ Hà Nội","group":"commerce","kind":"bakery","osmId":"n2494825251"},"geometry":{"type":"Point","coordinates":[108.047546,12.684081]}},{"type":"Feature","properties":{"name":"Bánh mì Hà Nội","group":"commerce","kind":"bakery","osmId":"n2494825254"},"geometry":{"type":"Point","coordinates":[108.041285,12.679118]}},{"type":"Feature","properties":{"name":"FPT shop","group":"commerce","kind":"mobile_phone","osmId":"n2494843975"},"geometry":{"type":"Point","coordinates":[108.047204,12.683634]}},{"type":"Feature","properties":{"name":"Viettel Store","group":"commerce","kind":"mobile_phone","osmId":"n2494851205"},"geometry":{"type":"Point","coordinates":[108.048233,12.684427]}},{"type":"Feature","properties":{"name":"Ngân hàng TMCP Đông Á - PGD Eatam","group":"commerce","kind":"bank","osmId":"n2495547514"},"geometry":{"type":"Point","coordinates":[108.027455,12.657]}},{"type":"Feature","properties":{"name":"FAHASA Buôn Ma Thuột","group":"commerce","kind":"books","osmId":"n2495725192"},"geometry":{"type":"Point","coordinates":[108.061652,12.69183]}},{"type":"Feature","properties":{"name":"Petrolimex","group":"commerce","kind":"fuel","osmId":"n2495726875"},"geometry":{"type":"Point","coordinates":[108.061337,12.691391]}},{"type":"Feature","properties":{"name":"Dienmay.com","group":"commerce","kind":"electronics","osmId":"n2495728291"},"geometry":{"type":"Point","coordinates":[108.056625,12.688279]}},{"type":"Feature","properties":{"name":"Petrolimex","group":"commerce","kind":"fuel","osmId":"n2496164219"},"geometry":{"type":"Point","coordinates":[108.075249,12.700329]}},{"type":"Feature","properties":{"name":"Chùa Ngọc Thành","group":"worship","kind":"place_of_worship","osmId":"n2496212593"},"geometry":{"type":"Point","coordinates":[108.032313,12.661716]}},{"type":"Feature","properties":{"name":"Chùa Phổ Minh","group":"worship","kind":"place_of_worship","osmId":"n2496222813"},"geometry":{"type":"Point","coordinates":[108.047514,12.672943]}},{"type":"Feature","properties":{"name":"Khách sạn Công Đoàn Ban Mê","group":"poi","kind":"hotel","osmId":"n2497085669"},"geometry":{"type":"Point","coordinates":[108.067594,12.695792]}},{"type":"Feature","properties":{"name":"Số 2","group":"commerce","kind":"fuel","osmId":"n2497097960"},"geometry":{"type":"Point","coordinates":[108.057043,12.695501]}},{"type":"Feature","properties":{"name":"Chùa Bồ Đề","group":"worship","kind":"place_of_worship","osmId":"n2497234999"},"geometry":{"type":"Point","coordinates":[108.036376,12.664848]}},{"type":"Feature","properties":{"name":"CO.OP Mart","group":"commerce","kind":"supermarket","osmId":"n2500323197"},"geometry":{"type":"Point","coordinates":[108.061508,12.691747]}},{"type":"Feature","properties":{"name":"TTMS Nguyễn Kim","group":"commerce","kind":"electronics","osmId":"n2500323204"},"geometry":{"type":"Point","coordinates":[108.064266,12.693262]}},{"type":"Feature","properties":{"name":"Ford Dak Lak","group":"commerce","kind":"car","osmId":"n2500323205"},"geometry":{"type":"Point","coordinates":[108.056702,12.68929]}},{"type":"Feature","properties":{"name":"Thế giới di động","group":"commerce","kind":"mobile_phone","osmId":"n2500323206"},"geometry":{"type":"Point","coordinates":[108.061871,12.691126]}},{"type":"Feature","properties":{"name":"Hyundai Đăk Lăk","group":"commerce","kind":"car","osmId":"n2500323208"},"geometry":{"type":"Point","coordinates":[108.07061,12.697498]}},{"type":"Feature","properties":{"name":"Phòng Cảnh sát PCCC","group":"civic","kind":"fire_station","osmId":"n2500323210"},"geometry":{"type":"Point","coordinates":[108.047083,12.678161]}},{"type":"Feature","properties":{"name":"Viễn Thông A","group":"commerce","kind":"mobile_phone","osmId":"n2500408165"},"geometry":{"type":"Point","coordinates":[108.049688,12.686072]}},{"type":"Feature","properties":{"name":"INTIMEX","group":"commerce","kind":"supermarket","osmId":"n2501683919"},"geometry":{"type":"Point","coordinates":[108.054962,12.687288]}},{"type":"Feature","properties":{"name":"Vincom","group":"commerce","kind":"supermarket","osmId":"n2504087842"},"geometry":{"type":"Point","coordinates":[108.044115,12.682039]}},{"type":"Feature","properties":{"name":"Siêu thị Đồng giá Daiso","group":"commerce","kind":"supermarket","osmId":"n2564163556"},"geometry":{"type":"Point","coordinates":[108.056986,12.688606]}},{"type":"Feature","properties":{"name":"Hai Bà Trưng","group":"poi","kind":"hotel","osmId":"n3367391664"},"geometry":{"type":"Point","coordinates":[108.044485,12.682051]}},{"type":"Feature","properties":{"name":"Coffee Tour Resort","group":"poi","kind":"hotel","osmId":"n3537690075"},"geometry":{"type":"Point","coordinates":[108.061198,12.701386]}},{"type":"Feature","properties":{"name":"H&T Hotel Daklak","group":"poi","kind":"hotel","osmId":"n3537696564"},"geometry":{"type":"Point","coordinates":[108.063215,12.684095]}},{"type":"Feature","properties":{"name":"You Fashion","group":"commerce","kind":"clothes","osmId":"n4107921705"},"geometry":{"type":"Point","coordinates":[108.058115,12.695854]}},{"type":"Feature","properties":{"name":"Ngoc Mai Guesthouse","group":"poi","kind":"hostel","osmId":"n4121146090"},"geometry":{"type":"Point","coordinates":[108.041581,12.681555]}},{"type":"Feature","properties":{"name":"Star Guesthouse","group":"poi","kind":"hotel","osmId":"n4121227090"},"geometry":{"type":"Point","coordinates":[108.043023,12.679986]}},{"type":"Feature","properties":{"name":"Beezone hostel","group":"poi","kind":"motel","osmId":"n4132978010"},"geometry":{"type":"Point","coordinates":[108.037882,12.688208]}},{"type":"Feature","properties":{"name":"Beezone hostel","group":"poi","kind":"hotel","osmId":"n4133408404"},"geometry":{"type":"Point","coordinates":[108.037888,12.688289]}},{"type":"Feature","properties":{"name":"Beezone Hostel","group":"poi","kind":"hotel","osmId":"n4134831391"},"geometry":{"type":"Point","coordinates":[108.038013,12.688349]}},{"type":"Feature","properties":{"name":"Beezone hostel","group":"poi","kind":"hotel","osmId":"n4134875833"},"geometry":{"type":"Point","coordinates":[108.0379,12.688309]}},{"type":"Feature","properties":{"name":"bản việt","group":"commerce","kind":"bank","osmId":"n4345535991"},"geometry":{"type":"Point","coordinates":[108.044355,12.682696]}},{"type":"Feature","properties":{"name":"PV Oil","group":"commerce","kind":"fuel","osmId":"n4401010992"},"geometry":{"type":"Point","coordinates":[108.077338,12.683576]}},{"type":"Feature","properties":{"name":"Petrolimex","group":"commerce","kind":"fuel","osmId":"n4456223893"},"geometry":{"type":"Point","coordinates":[108.056483,12.687429]}},{"type":"Feature","properties":{"name":"Colz Leather","group":"commerce","kind":"gift","osmId":"n4467102592"},"geometry":{"type":"Point","coordinates":[108.045838,12.682585]}},{"type":"Feature","properties":{"name":"The thao olympic","group":"commerce","kind":"department_store","osmId":"n4481035093"},"geometry":{"type":"Point","coordinates":[108.042118,12.678606]}},{"type":"Feature","properties":{"name":"tin học HD Số","group":"commerce","kind":"computer","osmId":"n4545703801"},"geometry":{"type":"Point","coordinates":[108.044343,12.687186]}},{"type":"Feature","properties":{"name":"Siêu thị CO.OPmart","group":"commerce","kind":"supermarket","osmId":"n4551085289"},"geometry":{"type":"Point","coordinates":[108.062154,12.691951]}},{"type":"Feature","properties":{"name":"Khách sạn Trung Nam","group":"poi","kind":"hotel","osmId":"n4633997790"},"geometry":{"type":"Point","coordinates":[108.043154,12.66904]}},{"type":"Feature","properties":{"name":"Dak lak","group":"poi","kind":"artwork","osmId":"n4643066392"},"geometry":{"type":"Point","coordinates":[108.063703,12.692165]}},{"type":"Feature","properties":{"name":"Đường A3","group":"commerce","kind":"greengrocer","osmId":"n4681329808"},"geometry":{"type":"Point","coordinates":[108.033,12.692094]}},{"type":"Feature","properties":{"name":"trường mầm non Thống Nhất","group":"school","kind":"school","osmId":"n4681347389"},"geometry":{"type":"Point","coordinates":[108.034871,12.683965]}},{"type":"Feature","properties":{"name":"Nha Nghi Ang Thu","group":"poi","kind":"guest_house","osmId":"n4703259889"},"geometry":{"type":"Point","coordinates":[108.040971,12.681203]}},{"type":"Feature","properties":{"name":"Chợ đêm","group":"poi","kind":"artwork","osmId":"n4708168591"},"geometry":{"type":"Point","coordinates":[108.042197,12.68101]}},{"type":"Feature","properties":{"name":"bún đỏ Thu","group":"poi","kind":"artwork","osmId":"n4708238191"},"geometry":{"type":"Point","coordinates":[108.041015,12.676383]}},{"type":"Feature","properties":{"name":"Thị Coffee","group":"poi","kind":"information","osmId":"n4910199021"},"geometry":{"type":"Point","coordinates":[108.043648,12.681391]}},{"type":"Feature","properties":{"name":"Công ty tân lợi","group":"commerce","kind":"electronics","osmId":"n4978541223"},"geometry":{"type":"Point","coordinates":[108.027516,12.656611]}},{"type":"Feature","properties":{"name":"Quang Hoa","group":"commerce","kind":"tyres","osmId":"n5177533121"},"geometry":{"type":"Point","coordinates":[108.043947,12.673001]}},{"type":"Feature","properties":{"name":"Nam Chau","group":"commerce","kind":"tyres","osmId":"n5183460322"},"geometry":{"type":"Point","coordinates":[108.041251,12.683262]}},{"type":"Feature","properties":{"name":"Nhật như","group":"commerce","kind":"motorcycle","osmId":"n5262970621"},"geometry":{"type":"Point","coordinates":[108.039736,12.685083]}},{"type":"Feature","properties":{"name":"Mạnh Hùng","group":"poi","kind":"hotel","osmId":"n5324792721"},"geometry":{"type":"Point","coordinates":[108.035761,12.666759]}},{"type":"Feature","properties":{"name":"cửa hàng dũng phát galaxy","group":"commerce","kind":"furniture","osmId":"n5347066421"},"geometry":{"type":"Point","coordinates":[108.042795,12.680555]}},{"type":"Feature","properties":{"name":"cửa hàng thành công galaxy","group":"commerce","kind":"furniture","osmId":"n5347066422"},"geometry":{"type":"Point","coordinates":[108.035793,12.682394]}},{"type":"Feature","properties":{"name":"Nhà nghỉ khánh vân","group":"poi","kind":"hotel","osmId":"n5592687021"},"geometry":{"type":"Point","coordinates":[108.031411,12.66362]}},{"type":"Feature","properties":{"name":"PNJ","group":"commerce","kind":"jewelry","osmId":"n5608878200"},"geometry":{"type":"Point","coordinates":[108.062079,12.691821]}},{"type":"Feature","properties":{"name":"PNJ","group":"commerce","kind":"jewelry","osmId":"n5608880646"},"geometry":{"type":"Point","coordinates":[108.056221,12.68771]}},{"type":"Feature","properties":{"name":"PNJ","group":"commerce","kind":"jewelry","osmId":"n5608880700"},"geometry":{"type":"Point","coordinates":[108.042326,12.681733]}},{"type":"Feature","properties":{"name":"PNJ","group":"commerce","kind":"jewelry","osmId":"n5608881110"},"geometry":{"type":"Point","coordinates":[108.044099,12.681747]}},{"type":"Feature","properties":{"name":"Bảo tàng Thế giới Cà phê","group":"poi","kind":"museum","osmId":"n6277500585"},"geometry":{"type":"Point","coordinates":[108.044868,12.690707]}},{"type":"Feature","properties":{"name":"Nhà nghỉ 87","group":"poi","kind":"guest_house","osmId":"n6341925185"},"geometry":{"type":"Point","coordinates":[108.044889,12.686779]}},{"type":"Feature","properties":{"name":"Năm Châu Duy Nhất","group":"commerce","kind":"tyres","osmId":"n6520610588"},"geometry":{"type":"Point","coordinates":[108.055436,12.696466]}},{"type":"Feature","properties":{"name":"An Phước","group":"commerce","kind":"clothes","osmId":"n6813546198"},"geometry":{"type":"Point","coordinates":[108.044963,12.681694]}},{"type":"Feature","properties":{"name":"An Phước","group":"commerce","kind":"clothes","osmId":"n6813546260"},"geometry":{"type":"Point","coordinates":[108.061132,12.69081]}},{"type":"Feature","properties":{"name":"Chi Nhánh Dược Hậu Giang","group":"health","kind":"doctors","osmId":"n7115975487"},"geometry":{"type":"Point","coordinates":[108.060983,12.696741]}},{"type":"Feature","properties":{"name":"Tree Spa","group":"health","kind":"hospital","osmId":"n7193381786"},"geometry":{"type":"Point","coordinates":[108.045606,12.674115]}},{"type":"Feature","properties":{"name":"Du lịch DAKVIET","group":"poi","kind":"artwork","osmId":"n7349757485"},"geometry":{"type":"Point","coordinates":[108.043117,12.68011]}},{"type":"Feature","properties":{"name":"Shop Ký Gửi Như Ý","group":"commerce","kind":"second_hand","osmId":"n7635949377"},"geometry":{"type":"Point","coordinates":[108.05084,12.681092]}},{"type":"Feature","properties":{"name":"Yanmar Đắk Lắk","group":"commerce","kind":"agrarian","osmId":"n7798720933"},"geometry":{"type":"Point","coordinates":[108.057413,12.688236]}},{"type":"Feature","properties":{"name":"Ô tô Ngọc Dũng","group":"commerce","kind":"car","osmId":"n7798762341"},"geometry":{"type":"Point","coordinates":[108.057475,12.688314]}},{"type":"Feature","properties":{"name":"Cửa hàng sơn","group":"commerce","kind":"paint","osmId":"n7798808421"},"geometry":{"type":"Point","coordinates":[108.040071,12.684696]}},{"type":"Feature","properties":{"name":"Eurowindow - Showroom Buôn Ma Thuột","group":"commerce","kind":"doors","osmId":"n8849823008"},"geometry":{"type":"Point","coordinates":[108.045776,12.683923]}},{"type":"Feature","properties":{"name":"Trường Cao đẳng FPT Polytechnic Tây Nguyên","group":"school","kind":"college","osmId":"n9628679920"},"geometry":{"type":"Point","coordinates":[108.074723,12.709733]}},{"type":"Feature","properties":{"name":"Ako dhong","group":"poi","kind":"information","osmId":"n9988788317"},"geometry":{"type":"Point","coordinates":[108.062024,12.7042]}},{"type":"Feature","properties":{"name":"Vuon Phap 3 homestay","group":"poi","kind":"hotel","osmId":"n10314842912"},"geometry":{"type":"Point","coordinates":[108.045948,12.669869]}},{"type":"Feature","properties":{"name":"Temple dinh lac giao","group":"poi","kind":"attraction","osmId":"n10314905409"},"geometry":{"type":"Point","coordinates":[108.042537,12.682397]}},{"type":"Feature","properties":{"name":"26yplo","group":"poi","kind":"guest_house","osmId":"n10691072508"},"geometry":{"type":"Point","coordinates":[108.056137,12.680713]}},{"type":"Feature","properties":{"name":"vuon phap 3","group":"poi","kind":"hotel","osmId":"n10744442105"},"geometry":{"type":"Point","coordinates":[108.046069,12.669259]}},{"type":"Feature","properties":{"name":"Nhà nghĩ Thu Hương","group":"poi","kind":"motel","osmId":"n10857999606"},"geometry":{"type":"Point","coordinates":[108.040253,12.670633]}},{"type":"Feature","properties":{"name":"Buôn Akõ Dhông","group":"poi","kind":"attraction","osmId":"n11052012805"},"geometry":{"type":"Point","coordinates":[108.049133,12.696465]}},{"type":"Feature","properties":{"name":"Tín Nghĩa","group":"commerce","kind":"tyres","osmId":"n11490091271"},"geometry":{"type":"Point","coordinates":[108.0544,12.692632]}},{"type":"Feature","properties":{"name":"Vỏ Xe Quang Hoa","group":"commerce","kind":"tyres","osmId":"n11490091369"},"geometry":{"type":"Point","coordinates":[108.04832,12.709536]}},{"type":"Feature","properties":{"name":"Honda","group":"commerce","kind":"motorcycle_repair","osmId":"n11684534749"},"geometry":{"type":"Point","coordinates":[108.043328,12.682444]}},{"type":"Feature","properties":{"name":"lốp xe","group":"commerce","kind":"tyres","osmId":"n11684552756"},"geometry":{"type":"Point","coordinates":[108.066787,12.69125]}},{"type":"Feature","properties":{"name":"Honda","group":"commerce","kind":"motorcycle_repair","osmId":"n11684567083"},"geometry":{"type":"Point","coordinates":[108.056414,12.687395]}},{"type":"Feature","properties":{"name":"TRUNG TÂM DỊCH VỤ MAI TÁNG TRƯƠNG  BÁ THÀNH","group":"commerce","kind":"funeral_directors","osmId":"n11732861769"},"geometry":{"type":"Point","coordinates":[108.042502,12.683718]}},{"type":"Feature","properties":{"name":"Tin Học Sơn Hải","group":"commerce","kind":"computer","osmId":"n11782234663"},"geometry":{"type":"Point","coordinates":[108.038053,12.666442]}},{"type":"Feature","properties":{"name":"Đung","group":"place","kind":"village","osmId":"n12136171566"},"geometry":{"type":"Point","coordinates":[108.034031,12.693718]}},{"type":"Feature","properties":{"name":"Dhă Prong","group":"place","kind":"village","osmId":"n12136171569"},"geometry":{"type":"Point","coordinates":[108.050566,12.721021]}},{"type":"Feature","properties":{"name":"A Ko Dhông","group":"place","kind":"village","osmId":"n12136171574"},"geometry":{"type":"Point","coordinates":[108.062558,12.711671]}},{"type":"Feature","properties":{"name":"Păn Lăm","group":"place","kind":"village","osmId":"n12136171575"},"geometry":{"type":"Point","coordinates":[108.063807,12.688552]}},{"type":"Feature","properties":{"name":"Kô Siêr","group":"place","kind":"village","osmId":"n12136171576"},"geometry":{"type":"Point","coordinates":[108.059991,12.682471]}},{"type":"Feature","properties":{"name":"Mduk","group":"place","kind":"village","osmId":"n12136171581"},"geometry":{"type":"Point","coordinates":[108.041315,12.660547]}},{"type":"Feature","properties":{"name":"Alê B","group":"place","kind":"village","osmId":"n12136171582"},"geometry":{"type":"Point","coordinates":[108.026236,12.657637]}},{"type":"Feature","properties":{"name":"Alê A","group":"place","kind":"village","osmId":"n12136171583"},"geometry":{"type":"Point","coordinates":[108.038714,12.66447]}},{"type":"Feature","properties":{"name":"Tổ dân phố 15","group":"place","kind":"suburb","osmId":"n12138086207"},"geometry":{"type":"Point","coordinates":[107.976186,12.662468]}},{"type":"Feature","properties":{"name":"Tổ dân phố 7","group":"place","kind":"suburb","osmId":"n12138220848"},"geometry":{"type":"Point","coordinates":[108.049893,12.688396]}},{"type":"Feature","properties":{"name":"Tổ dân phố 5","group":"place","kind":"suburb","osmId":"n12138220849"},"geometry":{"type":"Point","coordinates":[108.045452,12.688804]}},{"type":"Feature","properties":{"name":"Tổ dân phố 4","group":"place","kind":"suburb","osmId":"n12138220850"},"geometry":{"type":"Point","coordinates":[108.04466,12.68614]}},{"type":"Feature","properties":{"name":"Tổ dân phố 6","group":"place","kind":"suburb","osmId":"n12138220851"},"geometry":{"type":"Point","coordinates":[108.047919,12.686617]}},{"type":"Feature","properties":{"name":"Tổ dân phố 1","group":"place","kind":"suburb","osmId":"n12138220852"},"geometry":{"type":"Point","coordinates":[108.049421,12.68513]}},{"type":"Feature","properties":{"name":"Tổ dân phố 3","group":"place","kind":"suburb","osmId":"n12138220853"},"geometry":{"type":"Point","coordinates":[108.044456,12.683605]}},{"type":"Feature","properties":{"name":"Tổ dân phố 2","group":"place","kind":"suburb","osmId":"n12138220854"},"geometry":{"type":"Point","coordinates":[108.046728,12.684]}},{"type":"Feature","properties":{"name":"Tổ dân phố 3","group":"place","kind":"suburb","osmId":"n12141615549"},"geometry":{"type":"Point","coordinates":[108.0313,12.673951]}},{"type":"Feature","properties":{"name":"Tổ dân phố 12","group":"place","kind":"suburb","osmId":"n12141615550"},"geometry":{"type":"Point","coordinates":[108.042646,12.678526]}},{"type":"Feature","properties":{"name":"Tổ dân phố 1","group":"place","kind":"suburb","osmId":"n12141615551"},"geometry":{"type":"Point","coordinates":[108.040581,12.679656]}},{"type":"Feature","properties":{"name":"Tổ dân phố 7","group":"place","kind":"suburb","osmId":"n12141615552"},"geometry":{"type":"Point","coordinates":[108.036622,12.679096]}},{"type":"Feature","properties":{"name":"Tổ dân phố 6","group":"place","kind":"suburb","osmId":"n12141615553"},"geometry":{"type":"Point","coordinates":[108.03689,12.680831]}},{"type":"Feature","properties":{"name":"Tổ dân phố 5","group":"place","kind":"suburb","osmId":"n12141615554"},"geometry":{"type":"Point","coordinates":[108.034452,12.679049]}},{"type":"Feature","properties":{"name":"Tổ dân phố 2","group":"place","kind":"suburb","osmId":"n12141615555"},"geometry":{"type":"Point","coordinates":[108.036429,12.6766]}},{"type":"Feature","properties":{"name":"Tổ dân phố 10","group":"place","kind":"suburb","osmId":"n12141615556"},"geometry":{"type":"Point","coordinates":[108.03943,12.6775]}},{"type":"Feature","properties":{"name":"Tổ dân phố 4","group":"place","kind":"suburb","osmId":"n12141615557"},"geometry":{"type":"Point","coordinates":[108.038982,12.674747]}},{"type":"Feature","properties":{"name":"Tổ dân phố 13","group":"place","kind":"suburb","osmId":"n12141615559"},"geometry":{"type":"Point","coordinates":[108.030579,12.679376]}},{"type":"Feature","properties":{"name":"Song Anh Hotel","group":"poi","kind":"hotel","osmId":"n12389298801"},"geometry":{"type":"Point","coordinates":[108.044372,12.682794]}},{"type":"Feature","properties":{"name":"Tiệm Bánh Tuấn Mập","group":"commerce","kind":"bakery","osmId":"n12566950901"},"geometry":{"type":"Point","coordinates":[108.045431,12.682804]}},{"type":"Feature","properties":{"name":"Elephants Hotel","group":"poi","kind":"hotel","osmId":"n12567058844"},"geometry":{"type":"Point","coordinates":[108.048837,12.68959]}},{"type":"Feature","properties":{"name":"Trieu Vu Hotel","group":"poi","kind":"hotel","osmId":"n12593244702"},"geometry":{"type":"Point","coordinates":[108.045315,12.685854]}},{"type":"Feature","properties":{"name":"VPBank","group":"commerce","kind":"bank","osmId":"n12681238745"},"geometry":{"type":"Point","coordinates":[108.052515,12.688257]}},{"type":"Feature","properties":{"name":"Phòng Quản Lý Xuất Nhập Cảnh - Công an tỉnh Đắk Lắk","group":"civic","kind":"police","osmId":"n12832710146"},"geometry":{"type":"Point","coordinates":[108.056519,12.695808]}},{"type":"Feature","properties":{"name":"Motel Thanh Ngọc","group":"poi","kind":"motel","osmId":"n12913129880"},"geometry":{"type":"Point","coordinates":[108.068511,12.690658]}},{"type":"Feature","properties":{"name":"Kim Quỳnh Auto","group":"commerce","kind":"car_repair","osmId":"n13279097571"},"geometry":{"type":"Point","coordinates":[108.070564,12.696651]}},{"type":"Feature","properties":{"name":"The Easy Dorm","group":"poi","kind":"guest_house","osmId":"n13652892201"},"geometry":{"type":"Point","coordinates":[108.041909,12.683346]}},{"type":"Feature","properties":{"name":"Trường Mầm non Thanh Tâm","group":"school","kind":"kindergarten","osmId":"n13739634706"},"geometry":{"type":"Point","coordinates":[108.048681,12.688004]}},{"type":"Feature","properties":{"name":"Buôn Ma Thuột","group":"place","kind":"suburb","osmId":"n13773877777"},"geometry":{"type":"Point","coordinates":[108.050829,12.684323]}},{"type":"Feature","properties":{"name":"Trường Trung học phổ thông Buôn Ma Thuột","group":"school","kind":"school","osmId":"w228216957"},"geometry":{"type":"Point","coordinates":[108.051351,12.680073]}},{"type":"Feature","properties":{"name":"Bệnh viện Đa khoa Thiện Hạnh","group":"health","kind":"hospital","osmId":"w228218003"},"geometry":{"type":"Point","coordinates":[108.070863,12.698668]}},{"type":"Feature","properties":{"name":"KS Sài Gòn Ban Mê","group":"poi","kind":"hotel","osmId":"w228228662"},"geometry":{"type":"Point","coordinates":[108.04447,12.680489]}},{"type":"Feature","properties":{"name":"Trường Trung học phổ thông Hồng Đức","group":"school","kind":"school","osmId":"w228229109"},"geometry":{"type":"Point","coordinates":[108.040149,12.675536]}},{"type":"Feature","properties":{"name":"Trường Tiểu học, Trung học cơ sở & Trung học phổ thông Victory","group":"school","kind":"school","osmId":"w228396677"},"geometry":{"type":"Point","coordinates":[108.040341,12.674474]}},{"type":"Feature","properties":{"name":"Trung tâm Giáo dục thường xuyên tỉnh Đắk Lắk","group":"school","kind":"school","osmId":"w228396952"},"geometry":{"type":"Point","coordinates":[108.040892,12.674023]}},{"type":"Feature","properties":{"name":"Trường Trung học cơ sở Lạc Long Quân","group":"school","kind":"school","osmId":"w228397583"},"geometry":{"type":"Point","coordinates":[108.039005,12.676498]}},{"type":"Feature","properties":{"name":"Trường Cao đẳng Đắk Lắk","group":"school","kind":"college","osmId":"w228397695"},"geometry":{"type":"Point","coordinates":[108.0383,12.674497]}},{"type":"Feature","properties":{"name":"Trường Cao đẳng Y tế Đăk Lăk","group":"school","kind":"college","osmId":"w228397948"},"geometry":{"type":"Point","coordinates":[108.036999,12.674474]}},{"type":"Feature","properties":{"name":"Trường Tiểu học Ngô Quyền","group":"school","kind":"school","osmId":"w228400937"},"geometry":{"type":"Point","coordinates":[108.041233,12.670172]}},{"type":"Feature","properties":{"name":"Trường mầm non Tân Thành","group":"school","kind":"kindergarten","osmId":"w228401764"},"geometry":{"type":"Point","coordinates":[108.040027,12.668697]}},{"type":"Feature","properties":{"name":"Chợ Tân Thành","group":"commerce","kind":"marketplace","osmId":"w228403227"},"geometry":{"type":"Point","coordinates":[108.038576,12.668493]}},{"type":"Feature","properties":{"name":"Trường Trung học cơ sở Đoàn Thị Điểm","group":"school","kind":"school","osmId":"w228695817"},"geometry":{"type":"Point","coordinates":[108.031819,12.6662]}},{"type":"Feature","properties":{"name":"Trường Tiểu Học Lê Văn Tám","group":"school","kind":"school","osmId":"w228695983"},"geometry":{"type":"Point","coordinates":[108.031071,12.664828]}},{"type":"Feature","properties":{"name":"Trường Cao đẳng Sư phạm Đắk Lắk","group":"school","kind":"college","osmId":"w228696839"},"geometry":{"type":"Point","coordinates":[108.034228,12.657485]}},{"type":"Feature","properties":{"name":"Trường tiểu học Võ Thị Sáu","group":"school","kind":"school","osmId":"w228891006"},"geometry":{"type":"Point","coordinates":[108.048827,12.680691]}},{"type":"Feature","properties":{"name":"Trường Trung học cơ sở Phan Chu Trinh","group":"school","kind":"school","osmId":"w228891290"},"geometry":{"type":"Point","coordinates":[108.046325,12.6815]}},{"type":"Feature","properties":{"name":"Trường mẫu giáo 10-3","group":"school","kind":"kindergarten","osmId":"w228891742"},"geometry":{"type":"Point","coordinates":[108.045541,12.681838]}},{"type":"Feature","properties":{"name":"Ngân Hàng Đông Á","group":"commerce","kind":"bank","osmId":"w228893087"},"geometry":{"type":"Point","coordinates":[108.044825,12.681789]}},{"type":"Feature","properties":{"name":"Bưu điện tỉnh Đăk Lăk","group":"civic","kind":"post_office","osmId":"w228979911"},"geometry":{"type":"Point","coordinates":[108.044019,12.679707]}},{"type":"Feature","properties":{"name":"Trường Trung Cấp Đắk Lắk","group":"school","kind":"school","osmId":"w228986656"},"geometry":{"type":"Point","coordinates":[108.04738,12.680643]}},{"type":"Feature","properties":{"name":"Tru by Hilton Buon Ma Thuot City Centre","group":"poi","kind":"hotel","osmId":"w228987599"},"geometry":{"type":"Point","coordinates":[108.048003,12.680087]}},{"type":"Feature","properties":{"name":"Trường Cao đẳng Sư phạm Đắk Lắk (cơ sở 2)","group":"school","kind":"college","osmId":"w228993588"},"geometry":{"type":"Point","coordinates":[108.048434,12.68148]}},{"type":"Feature","properties":{"name":"Chợ Tân An","group":"commerce","kind":"marketplace","osmId":"w228999689"},"geometry":{"type":"Point","coordinates":[108.060565,12.692904]}},{"type":"Feature","properties":{"name":"Trường Trung học cơ sở Tân Lợi","group":"school","kind":"school","osmId":"w228999979"},"geometry":{"type":"Point","coordinates":[108.054758,12.690403]}},{"type":"Feature","properties":{"name":"Tiểu học Nguyễn Bỉnh Khiêm","group":"school","kind":"school","osmId":"w229000168"},"geometry":{"type":"Point","coordinates":[108.05128,12.689266]}},{"type":"Feature","properties":{"name":"Ngân hàng Quân Đội MB","group":"commerce","kind":"bank","osmId":"w229027479"},"geometry":{"type":"Point","coordinates":[108.044049,12.681397]}},{"type":"Feature","properties":{"name":"Ngân hàng Agribank","group":"commerce","kind":"bank","osmId":"w229027630"},"geometry":{"type":"Point","coordinates":[108.043775,12.68215]}},{"type":"Feature","properties":{"name":"UBND phường Buôn Ma Thuột","group":"civic","kind":"townhall","osmId":"w237590227"},"geometry":{"type":"Point","coordinates":[108.050699,12.684525]}},{"type":"Feature","properties":{"name":"Nhà sách Hai Bà Trưng","group":"commerce","kind":"books","osmId":"w239806995"},"geometry":{"type":"Point","coordinates":[108.044102,12.68013]}},{"type":"Feature","properties":{"name":"TT Viễn thông Nam BMT","group":"civic","kind":"post_office","osmId":"w239809463"},"geometry":{"type":"Point","coordinates":[108.043538,12.67728]}},{"type":"Feature","properties":{"name":"TT Y tế dự phòng Đăk Lăk","group":"health","kind":"hospital","osmId":"w239812405"},"geometry":{"type":"Point","coordinates":[108.039342,12.667746]}},{"type":"Feature","properties":{"name":"Khách Sạn Biệt Điện","group":"poi","kind":"hotel","osmId":"w239927893"},"geometry":{"type":"Point","coordinates":[108.050653,12.687227]}},{"type":"Feature","properties":{"name":"KS Hoàng Lộc","group":"poi","kind":"hotel","osmId":"w239927894"},"geometry":{"type":"Point","coordinates":[108.051907,12.687187]}},{"type":"Feature","properties":{"name":"Nhà khách T611","group":"poi","kind":"guest_house","osmId":"w239927899"},"geometry":{"type":"Point","coordinates":[108.049446,12.683606]}},{"type":"Feature","properties":{"name":"Công An tỉnh Đăk Lăk","group":"civic","kind":"police","osmId":"w239927900"},"geometry":{"type":"Point","coordinates":[108.052101,12.684158]}},{"type":"Feature","properties":{"name":"Bảo tàng Đắk Lắk","group":"poi","kind":"museum","osmId":"w239932350"},"geometry":{"type":"Point","coordinates":[108.042119,12.676001]}},{"type":"Feature","properties":{"name":"BIDV","group":"commerce","kind":"bank","osmId":"w240211100"},"geometry":{"type":"Point","coordinates":[108.053391,12.686339]}},{"type":"Feature","properties":{"name":"Ngân hàng VIB","group":"commerce","kind":"bank","osmId":"w240211141"},"geometry":{"type":"Point","coordinates":[108.054344,12.686966]}},{"type":"Feature","properties":{"name":"VietinBank","group":"commerce","kind":"bank","osmId":"w240211360"},"geometry":{"type":"Point","coordinates":[108.056232,12.688182]}},{"type":"Feature","properties":{"name":"UBND p. Tân Thành","group":"civic","kind":"townhall","osmId":"w240214472"},"geometry":{"type":"Point","coordinates":[108.030735,12.668728]}},{"type":"Feature","properties":{"name":"Trường Trung học cơ sở Hùng Vương","group":"school","kind":"school","osmId":"w241734318"},"geometry":{"type":"Point","coordinates":[108.047002,12.675302]}},{"type":"Feature","properties":{"name":"Vietcombank","group":"commerce","kind":"bank","osmId":"w241736988"},"geometry":{"type":"Point","coordinates":[108.049068,12.685254]}},{"type":"Feature","properties":{"name":"Tiểu học Lê Thị Hồng Gấm","group":"school","kind":"school","osmId":"w241738246"},"geometry":{"type":"Point","coordinates":[108.04315,12.686854]}},{"type":"Feature","properties":{"name":"Trường Trung học cơ sở Phạm Hồng Thái","group":"school","kind":"school","osmId":"w241738681"},"geometry":{"type":"Point","coordinates":[108.044076,12.687798]}},{"type":"Feature","properties":{"name":"Trường Trung học phổ thông Chu Văn An","group":"school","kind":"school","osmId":"w241739104"},"geometry":{"type":"Point","coordinates":[108.034013,12.681727]}},{"type":"Feature","properties":{"name":"tiểu học Lê Hồng Phong","group":"school","kind":"school","osmId":"w241739816"},"geometry":{"type":"Point","coordinates":[108.038249,12.682141]}},{"type":"Feature","properties":{"name":"Chùa Khải Đoan","group":"worship","kind":"place_of_worship","osmId":"w241740050"},"geometry":{"type":"Point","coordinates":[108.038865,12.681963]}},{"type":"Feature","properties":{"name":"Bưu điện Phan Bội Châu","group":"civic","kind":"post_office","osmId":"w241740163"},"geometry":{"type":"Point","coordinates":[108.035258,12.682711]}},{"type":"Feature","properties":{"name":"PGD Đại Tín Đắk Lắk (Agribank)","group":"commerce","kind":"bank","osmId":"w241740535"},"geometry":{"type":"Point","coordinates":[108.048417,12.68538]}},{"type":"Feature","properties":{"name":"Chợ Phan Chu Trinh","group":"commerce","kind":"marketplace","osmId":"w241744966"},"geometry":{"type":"Point","coordinates":[108.053295,12.695425]}},{"type":"Feature","properties":{"name":"Nhà sách Giáo Dục","group":"commerce","kind":"books","osmId":"w241751971"},"geometry":{"type":"Point","coordinates":[108.053504,12.687173]}},{"type":"Feature","properties":{"name":"Ngân hàng Chính sách xã hội","group":"commerce","kind":"bank","osmId":"w241752461"},"geometry":{"type":"Point","coordinates":[108.055905,12.687876]}},{"type":"Feature","properties":{"name":"Dakruco Hotels","group":"poi","kind":"hotel","osmId":"w241752744"},"geometry":{"type":"Point","coordinates":[108.066114,12.693353]}},{"type":"Feature","properties":{"name":"tiểu học Nguyễn Đức Cảnh","group":"school","kind":"school","osmId":"w241758447"},"geometry":{"type":"Point","coordinates":[108.054756,12.695845]}},{"type":"Feature","properties":{"name":"Nhà thờ Chính toà Ban Mê Thuột","group":"worship","kind":"place_of_worship","osmId":"w241759018"},"geometry":{"type":"Point","coordinates":[108.045188,12.680728]}},{"type":"Feature","properties":{"name":"Trường Trung học cơ sở Lương Thế Vinh","group":"school","kind":"school","osmId":"w241801340"},"geometry":{"type":"Point","coordinates":[108.062977,12.697625]}},{"type":"Feature","properties":{"name":"Trường Trung học phổ thông Lê Quý Đôn","group":"school","kind":"school","osmId":"w241804113"},"geometry":{"type":"Point","coordinates":[108.049788,12.69517]}},{"type":"Feature","properties":{"name":"Bệnh viện Đa khoa Buôn Ma Thuột","group":"health","kind":"hospital","osmId":"w241804519"},"geometry":{"type":"Point","coordinates":[108.047665,12.693428]}},{"type":"Feature","properties":{"name":"Mầm non quốc tế","group":"school","kind":"school","osmId":"w241804973"},"geometry":{"type":"Point","coordinates":[108.048824,12.694743]}},{"type":"Feature","properties":{"name":"UBND phường Tự An","group":"civic","kind":"townhall","osmId":"w241888130"},"geometry":{"type":"Point","coordinates":[108.046833,12.675984]}},{"type":"Feature","properties":{"name":"Khách sạn Tây Nguyên","group":"poi","kind":"hotel","osmId":"w241893665"},"geometry":{"type":"Point","coordinates":[108.043758,12.683304]}},{"type":"Feature","properties":{"name":"Ngân hàng Á Châu Đăk Lăk","group":"commerce","kind":"bank","osmId":"w241893991"},"geometry":{"type":"Point","coordinates":[108.043027,12.68298]}},{"type":"Feature","properties":{"name":"tiểu học Phan Chu Trinh","group":"school","kind":"school","osmId":"w241894283"},"geometry":{"type":"Point","coordinates":[108.043037,12.681812]}},{"type":"Feature","properties":{"name":"Khách sạn Cao Nguyên","group":"poi","kind":"hotel","osmId":"w241894701"},"geometry":{"type":"Point","coordinates":[108.045446,12.684485]}},{"type":"Feature","properties":{"name":"UBND phường Ea Tam","group":"civic","kind":"townhall","osmId":"w241900343"},"geometry":{"type":"Point","coordinates":[108.028352,12.658505]}},{"type":"Feature","properties":{"name":"Nhà khách tỉnh Đăk Lăk","group":"poi","kind":"guest_house","osmId":"w241902535"},"geometry":{"type":"Point","coordinates":[108.043253,12.673153]}},{"type":"Feature","properties":{"name":"Làng Cà Phê Trung Nguyên","group":"poi","kind":"yes","osmId":"w241906926"},"geometry":{"type":"Point","coordinates":[108.060631,12.701481]}},{"type":"Feature","properties":{"name":"tiểu học Nguyễn Viết Xuân","group":"school","kind":"school","osmId":"w241935905"},"geometry":{"type":"Point","coordinates":[108.07978,12.706256]}},{"type":"Feature","properties":{"name":"Trường khuyết tật Hy Vọng","group":"school","kind":"school","osmId":"w241944076"},"geometry":{"type":"Point","coordinates":[108.073288,12.698029]}},{"type":"Feature","properties":{"name":"UBND phường Tân An","group":"civic","kind":"townhall","osmId":"w241944371"},"geometry":{"type":"Point","coordinates":[108.072061,12.697578]}},{"type":"Feature","properties":{"name":"Tư thục Trường Sơn","group":"school","kind":"school","osmId":"w241985392"},"geometry":{"type":"Point","coordinates":[108.05113,12.69193]}},{"type":"Feature","properties":{"name":"Trường Trung cấp Đắk Lắk","group":"school","kind":"school","osmId":"w241986270"},"geometry":{"type":"Point","coordinates":[108.050382,12.690057]}},{"type":"Feature","properties":{"name":"Trường mầm non Tự An","group":"school","kind":"kindergarten","osmId":"w241994703"},"geometry":{"type":"Point","coordinates":[108.051217,12.68104]}},{"type":"Feature","properties":{"name":"nhà thờ Thánh Linh","group":"worship","kind":"place_of_worship","osmId":"w242180113"},"geometry":{"type":"Point","coordinates":[108.031672,12.678963]}},{"type":"Feature","properties":{"name":"Khách sạn Tuấn Vũ","group":"poi","kind":"hotel","osmId":"w242181003"},"geometry":{"type":"Point","coordinates":[108.056209,12.691089]}},{"type":"Feature","properties":{"name":"Bệnh viện Y học cổ truyền tỉnh Đắk Lắk","group":"health","kind":"hospital","osmId":"w242192328"},"geometry":{"type":"Point","coordinates":[108.066755,12.695862]}},{"type":"Feature","properties":{"name":"Nhà thờ Kim Mai","group":"worship","kind":"place_of_worship","osmId":"w242210241"},"geometry":{"type":"Point","coordinates":[108.033962,12.663091]}},{"type":"Feature","properties":{"name":"Công an phường Tân Thành","group":"civic","kind":"police","osmId":"w242211941"},"geometry":{"type":"Point","coordinates":[108.036097,12.665499]}},{"type":"Feature","properties":{"name":"Chợ Trung Tâm","group":"commerce","kind":"marketplace","osmId":"w242433854"},"geometry":{"type":"Point","coordinates":[108.042465,12.680503]}},{"type":"Feature","properties":{"name":"Chợ Trung tâm Thành phố Buôn Ma Thuột","group":"commerce","kind":"marketplace","osmId":"w242433857"},"geometry":{"type":"Point","coordinates":[108.04246,12.67944]}},{"type":"Feature","properties":{"name":"Techcombank","group":"commerce","kind":"bank","osmId":"w242700039"},"geometry":{"type":"Point","coordinates":[108.054724,12.687146]}},{"type":"Feature","properties":{"name":"Trường Trung học phổ thông chuyên Nguyễn Du","group":"school","kind":"school","osmId":"w317817354"},"geometry":{"type":"Point","coordinates":[108.074373,12.69488]}},{"type":"Feature","properties":{"name":"Metro","group":"commerce","kind":"supermarket","osmId":"w318391529"},"geometry":{"type":"Point","coordinates":[108.067443,12.702063]}},{"type":"Feature","properties":{"name":"Bệnh viện Đa khoa vùng Tây Nguyên","group":"health","kind":"hospital","osmId":"w318492576"},"geometry":{"type":"Point","coordinates":[108.055686,12.66411]}},{"type":"Feature","properties":{"name":"Trường Quân Sự Địa Phương","group":"school","kind":"school","osmId":"w521220497"},"geometry":{"type":"Point","coordinates":[108.037294,12.669066]}},{"type":"Feature","properties":{"name":"Trung tâm Khai thác Vận chuyển","group":"civic","kind":"post_office","osmId":"w521220498"},"geometry":{"type":"Point","coordinates":[108.032785,12.663002]}},{"type":"Feature","properties":{"name":"Trường Hoàng Việt","group":"school","kind":"school","osmId":"w536953302"},"geometry":{"type":"Point","coordinates":[108.071116,12.71136]}},{"type":"Feature","properties":{"name":"Trường Đại học Y Dược Buôn Ma Thuột","group":"school","kind":"university","osmId":"w536953303"},"geometry":{"type":"Point","coordinates":[108.072546,12.713814]}},{"type":"Feature","properties":{"name":"Trường Trung học cơ sở & Trung học phổ thông Đông Du","group":"school","kind":"school","osmId":"w536953304"},"geometry":{"type":"Point","coordinates":[108.077438,12.70597]}},{"type":"Feature","properties":{"name":"Bệnh viện mắt Tây Nguyên","group":"health","kind":"hospital","osmId":"w538534203"},"geometry":{"type":"Point","coordinates":[108.061677,12.694643]}},{"type":"Feature","properties":{"name":"Shop Ký Gửi Như Ý","group":"commerce","kind":"second_hand","osmId":"w817628135"},"geometry":{"type":"Point","coordinates":[108.050903,12.681109]}},{"type":"Feature","properties":{"name":"Yanmar Đắk Lắk","group":"commerce","kind":"agrarian","osmId":"w835525085"},"geometry":{"type":"Point","coordinates":[108.057518,12.688101]}},{"type":"Feature","properties":{"name":"Ô tô Ngọc Dũng","group":"commerce","kind":"car","osmId":"w835528494"},"geometry":{"type":"Point","coordinates":[108.057558,12.6881]}},{"type":"Feature","properties":{"name":"Nhà văn hóa Thanh thiếu nhi tỉnh Đắk Lắk","group":"civic","kind":"community_centre","osmId":"w1018940373"},"geometry":{"type":"Point","coordinates":[108.044893,12.677549]}},{"type":"Feature","properties":{"name":"Trung tâm Văn hóa tỉnh Đắk Lắk","group":"civic","kind":"community_centre","osmId":"w1018940381"},"geometry":{"type":"Point","coordinates":[108.045425,12.679182]}},{"type":"Feature","properties":{"name":"Trường Cao đẳng Bách khoa Tây Nguyên","group":"school","kind":"college","osmId":"w1047102319"},"geometry":{"type":"Point","coordinates":[108.073451,12.712158]}},{"type":"Feature","properties":{"name":"Phân hiệu Trường Đại học Luật Hà Nội tại Đắk Lắk","group":"school","kind":"university","osmId":"w1047102322"},"geometry":{"type":"Point","coordinates":[108.074964,12.709784]}},{"type":"Feature","properties":{"name":"Phân hiệu Học viện Hành chính và Quản trị công tại tỉnh Đắk Lắk","group":"school","kind":"university","osmId":"w1078519145"},"geometry":{"type":"Point","coordinates":[108.074006,12.692944]}},{"type":"Feature","properties":{"name":"Trường Cao đẳng Văn hóa Nghệ thuật Đắk Lắk","group":"school","kind":"college","osmId":"w1279916912"},"geometry":{"type":"Point","coordinates":[108.066184,12.695509]}},{"type":"Feature","properties":{"name":"Bệnh viện Mắt Đắk Lắk","group":"health","kind":"hospital","osmId":"w1282142752"},"geometry":{"type":"Point","coordinates":[108.041819,12.685307]}},{"type":"Feature","properties":{"name":"Trường Đại học Đông Á (cơ sở Đắk Lắk)","group":"school","kind":"university","osmId":"w1283628856"},"geometry":{"type":"Point","coordinates":[108.07258,12.708255]}},{"type":"Feature","properties":{"name":"Tỉnh Đoàn Đắk Lắk","group":"civic","kind":"community_centre","osmId":"w1415084798"},"geometry":{"type":"Point","coordinates":[108.054116,12.685513]}},{"type":"Feature","properties":{"name":"Bệnh viện Da liễu tỉnh Đắk Lắk (cơ sở 2)","group":"health","kind":"hospital","osmId":"w1459471138"},"geometry":{"type":"Point","coordinates":[108.040051,12.689665]}},{"type":"Feature","properties":{"name":"Lưu trú Hòa Bình","group":"school","kind":"school","osmId":"w1500699489"},"geometry":{"type":"Point","coordinates":[108.048951,12.687003]}},{"type":"Feature","properties":{"name":"Nhà Thuốc Quang Ngọc Đường","group":"commerce","kind":"herbalist","osmId":"w1503221000"},"geometry":{"type":"Point","coordinates":[108.041281,12.678144]}},{"type":"Feature","properties":{"name":"Hoàng Linh Hotel","group":"poi","kind":"hotel","osmId":"w1526268512"},"geometry":{"type":"Point","coordinates":[108.035343,12.683447]}},{"type":"Feature","properties":{"name":"AEC Hotel Banme","group":"poi","kind":"hotel","osmId":"w1526268941"},"geometry":{"type":"Point","coordinates":[108.067841,12.69043]}},{"type":"Feature","properties":{"name":"Khách sạn Huyền Nga","group":"poi","kind":"hotel","osmId":"w1526269611"},"geometry":{"type":"Point","coordinates":[108.058543,12.692689]}},{"type":"Feature","properties":{"name":"Khách Sạn Ban Mê Xanh","group":"poi","kind":"hotel","osmId":"w1526271478"},"geometry":{"type":"Point","coordinates":[108.07335,12.698588]}},{"type":"Feature","properties":{"name":"The Healing Luxury Hotel","group":"poi","kind":"hotel","osmId":"w1526273774"},"geometry":{"type":"Point","coordinates":[108.044494,12.692911]}},{"type":"Feature","properties":{"name":"Khách sạn Thanh Mai","group":"poi","kind":"hotel","osmId":"w1526276535"},"geometry":{"type":"Point","coordinates":[108.059119,12.692346]}},{"type":"Feature","properties":{"name":"Thanh Ngọc Motel","group":"poi","kind":"hotel","osmId":"w1526276983"},"geometry":{"type":"Point","coordinates":[108.044289,12.67064]}},{"type":"Feature","properties":{"name":"Chùa Bửu Lâm","group":"worship","kind":"place_of_worship","osmId":"n1730239889"},"geometry":{"type":"Point","coordinates":[108.082576,12.709736]}},{"type":"Feature","properties":{"name":"Xăng dầu Quân Đội","group":"commerce","kind":"fuel","osmId":"n3361340506"},"geometry":{"type":"Point","coordinates":[108.087647,12.717428]}},{"type":"Feature","properties":{"name":"Thalexim Station","group":"commerce","kind":"fuel","osmId":"n4401058091"},"geometry":{"type":"Point","coordinates":[108.107854,12.730446]}},{"type":"Feature","properties":{"name":"da hoa cuong","group":"commerce","kind":"furniture","osmId":"n4544588289"},"geometry":{"type":"Point","coordinates":[108.097917,12.723362]}},{"type":"Feature","properties":{"name":"DuLich Kotam","group":"poi","kind":"attraction","osmId":"n4609021390"},"geometry":{"type":"Point","coordinates":[108.115325,12.692419]}},{"type":"Feature","properties":{"name":"QT Mai Nữ Quỳnh Như","group":"health","kind":"pharmacy","osmId":"n6154571785"},"geometry":{"type":"Point","coordinates":[108.108852,12.689748]}},{"type":"Feature","properties":{"name":"QT Mai Linh ( Đào Thị Mai Linh)","group":"health","kind":"pharmacy","osmId":"n6158419985"},"geometry":{"type":"Point","coordinates":[108.104641,12.688821]}},{"type":"Feature","properties":{"name":"QT Hải cúc ( Hoàng Thị Cúc ) ea tu","group":"health","kind":"pharmacy","osmId":"n7393753090"},"geometry":{"type":"Point","coordinates":[108.106333,12.728946]}},{"type":"Feature","properties":{"name":"QT Hương Giang","group":"health","kind":"pharmacy","osmId":"n7393753091"},"geometry":{"type":"Point","coordinates":[108.114817,12.731211]}},{"type":"Feature","properties":{"name":"QT Số 94 ( Nguyễn Thị Thu Cúc )","group":"health","kind":"pharmacy","osmId":"n7689683585"},"geometry":{"type":"Point","coordinates":[108.109965,12.689973]}},{"type":"Feature","properties":{"name":"Cửa hàng Xăng dầu","group":"commerce","kind":"fuel","osmId":"n11684518925"},"geometry":{"type":"Point","coordinates":[108.113432,12.690156]}},{"type":"Feature","properties":{"name":"Thôn 5","group":"place","kind":"village","osmId":"n12136166389"},"geometry":{"type":"Point","coordinates":[108.113368,12.728671]}},{"type":"Feature","properties":{"name":"Tân Hiệp","group":"place","kind":"village","osmId":"n12136171540"},"geometry":{"type":"Point","coordinates":[108.109293,12.695946]}},{"type":"Feature","properties":{"name":"Jù","group":"place","kind":"village","osmId":"n12136171541"},"geometry":{"type":"Point","coordinates":[108.10763,12.734039]}},{"type":"Feature","properties":{"name":"Kmrơng Prong B","group":"place","kind":"village","osmId":"n12136171543"},"geometry":{"type":"Point","coordinates":[108.11288,12.700904]}},{"type":"Feature","properties":{"name":"Kmrơng Prong A","group":"place","kind":"village","osmId":"n12136171544"},"geometry":{"type":"Point","coordinates":[108.107273,12.714283]}},{"type":"Feature","properties":{"name":"Ea Nao B","group":"place","kind":"village","osmId":"n12136171545"},"geometry":{"type":"Point","coordinates":[108.096235,12.699499]}},{"type":"Feature","properties":{"name":"Ea Nao A","group":"place","kind":"village","osmId":"n12136171546"},"geometry":{"type":"Point","coordinates":[108.08785,12.698131]}},{"type":"Feature","properties":{"name":"Thôn 4","group":"place","kind":"village","osmId":"n12136171548"},"geometry":{"type":"Point","coordinates":[108.103142,12.731698]}},{"type":"Feature","properties":{"name":"Thôn 3","group":"place","kind":"village","osmId":"n12136171549"},"geometry":{"type":"Point","coordinates":[108.105314,12.722358]}},{"type":"Feature","properties":{"name":"Thôn 2","group":"place","kind":"village","osmId":"n12136171550"},"geometry":{"type":"Point","coordinates":[108.111173,12.735287]}},{"type":"Feature","properties":{"name":"Thôn 1","group":"place","kind":"village","osmId":"n12136171551"},"geometry":{"type":"Point","coordinates":[108.107431,12.72706]}},{"type":"Feature","properties":{"name":"Tân An","group":"place","kind":"suburb","osmId":"n13744489687"},"geometry":{"type":"Point","coordinates":[108.10852,12.709972]}},{"type":"Feature","properties":{"name":"Trường Trung học cơ sở Nguyễn Thị Minh Khai","group":"school","kind":"school","osmId":"w241936351"},"geometry":{"type":"Point","coordinates":[108.091397,12.719708]}},{"type":"Feature","properties":{"name":"tiểu học Nguyễn Bá Ngọc","group":"school","kind":"school","osmId":"w241936569"},"geometry":{"type":"Point","coordinates":[108.091619,12.721162]}},{"type":"Feature","properties":{"name":"Trường Trung học phổ thông Cao Bá Quát","group":"school","kind":"school","osmId":"w242302858"},"geometry":{"type":"Point","coordinates":[108.099247,12.728941]}},{"type":"Feature","properties":{"name":"Chợ đầu mối Tân Hoà","group":"commerce","kind":"marketplace","osmId":"w842121032"},"geometry":{"type":"Point","coordinates":[108.105638,12.690398]}},{"type":"Feature","properties":{"name":"Eakmat daklak","group":"poi","kind":"cafe","osmId":"n4759805339"},"geometry":{"type":"Point","coordinates":[108.112858,12.679734]}},{"type":"Feature","properties":{"name":"Minh trí","group":"commerce","kind":"motorcycle","osmId":"n5253437621"},"geometry":{"type":"Point","coordinates":[108.084621,12.681432]}},{"type":"Feature","properties":{"name":"QT TUYẾT NHUNG","group":"health","kind":"pharmacy","osmId":"n6149288391"},"geometry":{"type":"Point","coordinates":[108.103037,12.664205]}},{"type":"Feature","properties":{"name":"QT Võ Thị Mỹ Kim","group":"health","kind":"pharmacy","osmId":"n6165466885"},"geometry":{"type":"Point","coordinates":[108.097984,12.669082]}},{"type":"Feature","properties":{"name":"Cửa hàng Xăng dầu","group":"commerce","kind":"fuel","osmId":"n11684543272"},"geometry":{"type":"Point","coordinates":[108.090758,12.685026]}},{"type":"Feature","properties":{"name":"Thôn 11","group":"place","kind":"village","osmId":"n12136166394"},"geometry":{"type":"Point","coordinates":[108.100574,12.669975]}},{"type":"Feature","properties":{"name":"Thôn 10","group":"place","kind":"village","osmId":"n12136166395"},"geometry":{"type":"Point","coordinates":[108.112421,12.683146]}},{"type":"Feature","properties":{"name":"Thôn 2","group":"place","kind":"village","osmId":"n12136171503"},"geometry":{"type":"Point","coordinates":[108.102851,12.663739]}},{"type":"Feature","properties":{"name":"Thôn 1","group":"place","kind":"village","osmId":"n12136171504"},"geometry":{"type":"Point","coordinates":[108.096666,12.667137]}},{"type":"Feature","properties":{"name":"Tân Lập","group":"place","kind":"suburb","osmId":"n13744489689"},"geometry":{"type":"Point","coordinates":[108.093823,12.685513]}},{"type":"Feature","properties":{"name":"UBND phường Tân Lập","group":"civic","kind":"townhall","osmId":"w241887319"},"geometry":{"type":"Point","coordinates":[108.093847,12.685355]}},{"type":"Feature","properties":{"name":"Trường Trung học cơ sở Kim Đồng","group":"school","kind":"school","osmId":"w1283628853"},"geometry":{"type":"Point","coordinates":[108.087998,12.684135]}},{"type":"Feature","properties":{"name":"Bệnh viện Đại học Tây Nguyên","group":"health","kind":"hospital","osmId":"n1727558698"},"geometry":{"type":"Point","coordinates":[108.023084,12.65048]}},{"type":"Feature","properties":{"name":"khu du Lịch Sơn Thuỷ, 182 Ywang,P Eatam, 0909 85 4434","group":"poi","kind":"artwork","osmId":"n4255639190"},"geometry":{"type":"Point","coordinates":[108.026414,12.640256]}},{"type":"Feature","properties":{"name":"Hội trường tổ dân phố 6","group":"civic","kind":"community_centre","osmId":"n4314406192"},"geometry":{"type":"Point","coordinates":[108.029397,12.649115]}},{"type":"Feature","properties":{"name":"Ngoc Tran Guest House","group":"poi","kind":"guest_house","osmId":"n4749075722"},"geometry":{"type":"Point","coordinates":[108.029695,12.642881]}},{"type":"Feature","properties":{"name":"Ngoc Tran Guest House","group":"poi","kind":"guest_house","osmId":"n4752367721"},"geometry":{"type":"Point","coordinates":[108.030205,12.644285]}},{"type":"Feature","properties":{"name":"quầy thuốc có bác sỹ khám bệnh","group":"health","kind":"doctors","osmId":"n4993933421"},"geometry":{"type":"Point","coordinates":[108.014684,12.642567]}},{"type":"Feature","properties":{"name":"nhà riêng Nguyễn Thế Anh","group":"poi","kind":"apartment","osmId":"n5202436021"},"geometry":{"type":"Point","coordinates":[107.994091,12.640851]}},{"type":"Feature","properties":{"name":"QT Thu Vân","group":"health","kind":"pharmacy","osmId":"n6149289786"},"geometry":{"type":"Point","coordinates":[108.006072,12.635588]}},{"type":"Feature","properties":{"name":"QT 29 ( Nguyễn thị vuông)","group":"health","kind":"pharmacy","osmId":"n6149293391"},"geometry":{"type":"Point","coordinates":[108.01772,12.646071]}},{"type":"Feature","properties":{"name":"QT 102( Nguyễn Thị Thu Trang)","group":"health","kind":"pharmacy","osmId":"n6149293405"},"geometry":{"type":"Point","coordinates":[107.983906,12.631646]}},{"type":"Feature","properties":{"name":"QT Cô Anh ( trần duy phương anh)","group":"health","kind":"pharmacy","osmId":"n6149295591"},"geometry":{"type":"Point","coordinates":[107.981957,12.631119]}},{"type":"Feature","properties":{"name":"QT 60( trần thị thu liên)","group":"health","kind":"pharmacy","osmId":"n6149307586"},"geometry":{"type":"Point","coordinates":[108.007689,12.636652]}},{"type":"Feature","properties":{"name":"QT Đặng Thị Mai","group":"health","kind":"pharmacy","osmId":"n6191865786"},"geometry":{"type":"Point","coordinates":[108.002903,12.643081]}},{"type":"Feature","properties":{"name":"QT BS Trung","group":"health","kind":"pharmacy","osmId":"n6207682486"},"geometry":{"type":"Point","coordinates":[107.989719,12.633118]}},{"type":"Feature","properties":{"name":"QT Hoài Thu","group":"health","kind":"pharmacy","osmId":"n6339471986"},"geometry":{"type":"Point","coordinates":[107.982031,12.631977]}},{"type":"Feature","properties":{"name":"Của Hàng Xăng Dầu Hồng Hải 1","group":"commerce","kind":"fuel","osmId":"n7357036085"},"geometry":{"type":"Point","coordinates":[108.005441,12.635459]}},{"type":"Feature","properties":{"name":"Chư Dluê","group":"place","kind":"village","osmId":"n12136166379"},"geometry":{"type":"Point","coordinates":[107.980281,12.641312]}},{"type":"Feature","properties":{"name":"Thôn 13","group":"place","kind":"village","osmId":"n12136171507"},"geometry":{"type":"Point","coordinates":[107.965275,12.623648]}},{"type":"Feature","properties":{"name":"Thôn 20","group":"place","kind":"village","osmId":"n12136171522"},"geometry":{"type":"Point","coordinates":[107.972568,12.625525]}},{"type":"Feature","properties":{"name":"Thôn 19","group":"place","kind":"village","osmId":"n12136171523"},"geometry":{"type":"Point","coordinates":[107.973171,12.630813]}},{"type":"Feature","properties":{"name":"Thôn 18","group":"place","kind":"village","osmId":"n12136171524"},"geometry":{"type":"Point","coordinates":[107.973968,12.628678]}},{"type":"Feature","properties":{"name":"Thôn 17","group":"place","kind":"village","osmId":"n12136171525"},"geometry":{"type":"Point","coordinates":[107.980166,12.6289]}},{"type":"Feature","properties":{"name":"Thôn 16","group":"place","kind":"village","osmId":"n12136171526"},"geometry":{"type":"Point","coordinates":[107.980663,12.632245]}},{"type":"Feature","properties":{"name":"Thôn 15","group":"place","kind":"village","osmId":"n12136171527"},"geometry":{"type":"Point","coordinates":[107.980181,12.634116]}},{"type":"Feature","properties":{"name":"Thôn 13","group":"place","kind":"village","osmId":"n12136171528"},"geometry":{"type":"Point","coordinates":[107.983392,12.634187]}},{"type":"Feature","properties":{"name":"Thôn 12","group":"place","kind":"village","osmId":"n12136171529"},"geometry":{"type":"Point","coordinates":[107.983635,12.631002]}},{"type":"Feature","properties":{"name":"Thôn 11","group":"place","kind":"village","osmId":"n12136171530"},"geometry":{"type":"Point","coordinates":[108.020084,12.612669]}},{"type":"Feature","properties":{"name":"Thôn 9","group":"place","kind":"village","osmId":"n12136171532"},"geometry":{"type":"Point","coordinates":[108.015561,12.613838]}},{"type":"Feature","properties":{"name":"Tân Hưng","group":"place","kind":"village","osmId":"n12136171553"},"geometry":{"type":"Point","coordinates":[108.02431,12.628547]}},{"type":"Feature","properties":{"name":"Kao","group":"place","kind":"village","osmId":"n12136171554"},"geometry":{"type":"Point","coordinates":[108.029472,12.618651]}},{"type":"Feature","properties":{"name":"Hđơk","group":"place","kind":"village","osmId":"n12136171557"},"geometry":{"type":"Point","coordinates":[108.030405,12.629323]}},{"type":"Feature","properties":{"name":"Ea Rang","group":"place","kind":"village","osmId":"n12136171577"},"geometry":{"type":"Point","coordinates":[108.000671,12.632962]}},{"type":"Feature","properties":{"name":"Tổ dân phố 5","group":"place","kind":"suburb","osmId":"n12138086204"},"geometry":{"type":"Point","coordinates":[108.002461,12.65032]}},{"type":"Feature","properties":{"name":"Tổ dân phố 8","group":"place","kind":"suburb","osmId":"n12138086205"},"geometry":{"type":"Point","coordinates":[108.013501,12.638716]}},{"type":"Feature","properties":{"name":"Tổ dân phố 6","group":"place","kind":"suburb","osmId":"n12138086206"},"geometry":{"type":"Point","coordinates":[108.012847,12.643288]}},{"type":"Feature","properties":{"name":"Tổ dân phố 4","group":"place","kind":"suburb","osmId":"n12138086208"},"geometry":{"type":"Point","coordinates":[107.995863,12.642914]}},{"type":"Feature","properties":{"name":"Tổ dân phố 14","group":"place","kind":"suburb","osmId":"n12138086209"},"geometry":{"type":"Point","coordinates":[107.992725,12.632027]}},{"type":"Feature","properties":{"name":"Tổ dân phố 10","group":"place","kind":"suburb","osmId":"n12138086210"},"geometry":{"type":"Point","coordinates":[108.00914,12.631801]}},{"type":"Feature","properties":{"name":"Tổ dân phố 11","group":"place","kind":"suburb","osmId":"n12138086211"},"geometry":{"type":"Point","coordinates":[108.004119,12.629335]}},{"type":"Feature","properties":{"name":"Tổ dân phố 12","group":"place","kind":"suburb","osmId":"n12138086212"},"geometry":{"type":"Point","coordinates":[108.003199,12.620499]}},{"type":"Feature","properties":{"name":"Tổ dân phố 13","group":"place","kind":"suburb","osmId":"n12138086213"},"geometry":{"type":"Point","coordinates":[107.995093,12.625006]}},{"type":"Feature","properties":{"name":"Tổ dân phố 9","group":"place","kind":"suburb","osmId":"n12138086214"},"geometry":{"type":"Point","coordinates":[108.004092,12.637132]}},{"type":"Feature","properties":{"name":"Tổ dân phố 7","group":"place","kind":"suburb","osmId":"n12138086215"},"geometry":{"type":"Point","coordinates":[108.001075,12.641063]}},{"type":"Feature","properties":{"name":"Tổ dân phố 3","group":"place","kind":"suburb","osmId":"n12138086216"},"geometry":{"type":"Point","coordinates":[108.003008,12.646295]}},{"type":"Feature","properties":{"name":"Tổ dân phố 2","group":"place","kind":"suburb","osmId":"n12138086217"},"geometry":{"type":"Point","coordinates":[108.009094,12.648226]}},{"type":"Feature","properties":{"name":"Tổ dân phố 1","group":"place","kind":"suburb","osmId":"n12138086218"},"geometry":{"type":"Point","coordinates":[108.013297,12.646693]}},{"type":"Feature","properties":{"name":"Thành Nhất","group":"place","kind":"suburb","osmId":"n13744489690"},"geometry":{"type":"Point","coordinates":[108.004775,12.643738]}},{"type":"Feature","properties":{"name":"UBND phường Khánh Xuân","group":"civic","kind":"townhall","osmId":"w241891423"},"geometry":{"type":"Point","coordinates":[108.004739,12.643947]}},{"type":"Feature","properties":{"name":"Tiểu học Ngô Gia Tự","group":"school","kind":"school","osmId":"w241891488"},"geometry":{"type":"Point","coordinates":[108.00378,12.644443]}},{"type":"Feature","properties":{"name":"Trường Trung học phổ thông Lê Duẩn","group":"school","kind":"school","osmId":"w241891522"},"geometry":{"type":"Point","coordinates":[108.006735,12.642824]}},{"type":"Feature","properties":{"name":"Trường Tiểu học Nguyễn Huệ","group":"school","kind":"school","osmId":"w241891548"},"geometry":{"type":"Point","coordinates":[108.007534,12.643531]}},{"type":"Feature","properties":{"name":"Trường Trung học cơ sở Đào Duy Từ","group":"school","kind":"school","osmId":"w241891578"},"geometry":{"type":"Point","coordinates":[108.008733,12.643109]}},{"type":"Feature","properties":{"name":"Trường Cao đẳng Đắk Lắk","group":"school","kind":"college","osmId":"w241892004"},"geometry":{"type":"Point","coordinates":[108.019431,12.648575]}},{"type":"Feature","properties":{"name":"Trường Trung học cơ sở Trần Hưng Đạo","group":"school","kind":"school","osmId":"w241892067"},"geometry":{"type":"Point","coordinates":[108.024554,12.64794]}},{"type":"Feature","properties":{"name":"Trường tiểu học Tô Hiệu","group":"school","kind":"school","osmId":"w241899857"},"geometry":{"type":"Point","coordinates":[108.025128,12.654418]}},{"type":"Feature","properties":{"name":"Nhà sách Tây Nguyên","group":"commerce","kind":"books","osmId":"w241901889"},"geometry":{"type":"Point","coordinates":[108.023676,12.652108]}},{"type":"Feature","properties":{"name":"Trường Đại học Tây Nguyên","group":"school","kind":"university","osmId":"w241971731"},"geometry":{"type":"Point","coordinates":[108.026211,12.650672]}},{"type":"Feature","properties":{"name":"Hino BMT","group":"commerce","kind":"car","osmId":"w835533886"},"geometry":{"type":"Point","coordinates":[107.989759,12.632775]}},{"type":"Feature","properties":{"name":"Trường Trung học phổ thông Thực hành Cao Nguyên","group":"school","kind":"school","osmId":"w971349650"},"geometry":{"type":"Point","coordinates":[108.028828,12.65035]}},{"type":"Feature","properties":{"name":"Thôn 10","group":"place","kind":"village","osmId":"n12136171531"},"geometry":{"type":"Point","coordinates":[108.013048,12.608275]}},{"type":"Feature","properties":{"name":"Cao Thành","group":"place","kind":"village","osmId":"n12136171561"},"geometry":{"type":"Point","coordinates":[108.033551,12.622355]}},{"type":"Feature","properties":{"name":"Thôn 4","group":"place","kind":"village","osmId":"n12136171562"},"geometry":{"type":"Point","coordinates":[108.030915,12.602714]}},{"type":"Feature","properties":{"name":"Thôn 3","group":"place","kind":"village","osmId":"n12136171563"},"geometry":{"type":"Point","coordinates":[108.038245,12.596148]}},{"type":"Feature","properties":{"name":"Thôn 1","group":"place","kind":"village","osmId":"n12136171565"},"geometry":{"type":"Point","coordinates":[108.036726,12.614351]}},{"type":"Feature","properties":{"name":"Ea Kao","group":"place","kind":"suburb","osmId":"n13744489688"},"geometry":{"type":"Point","coordinates":[108.035019,12.597618]}},{"type":"Feature","properties":{"name":"Aeroco Coffee","group":"commerce","kind":"coffee","osmId":"w1417487354"},"geometry":{"type":"Point","coordinates":[108.04782,12.617701]}},{"type":"Feature","properties":{"name":"EaKao Lake farmstay","group":"poi","kind":"attraction","osmId":"w1417489002"},"geometry":{"type":"Point","coordinates":[108.036683,12.606009]}},{"type":"Feature","properties":{"name":"Mỏ đá Thạch An Nguyên","group":"commerce","kind":"tyres","osmId":"n4168487189"},"geometry":{"type":"Point","coordinates":[108.261516,12.874167]}},{"type":"Feature","properties":{"name":"Petrolimex","group":"commerce","kind":"fuel","osmId":"n4401018493"},"geometry":{"type":"Point","coordinates":[108.260213,12.891323]}},{"type":"Feature","properties":{"name":"STS Station","group":"commerce","kind":"fuel","osmId":"n4401018494"},"geometry":{"type":"Point","coordinates":[108.254684,12.868286]}},{"type":"Feature","properties":{"name":"PV Oil","group":"commerce","kind":"fuel","osmId":"n4401058089"},"geometry":{"type":"Point","coordinates":[108.259122,12.89154]}},{"type":"Feature","properties":{"name":"QT Thới Thị Qua","group":"health","kind":"pharmacy","osmId":"n6149293431"},"geometry":{"type":"Point","coordinates":[108.252828,12.846842]}},{"type":"Feature","properties":{"name":"QT Thu Trang","group":"health","kind":"pharmacy","osmId":"n6149293432"},"geometry":{"type":"Point","coordinates":[108.255635,12.858206]}},{"type":"Feature","properties":{"name":"QT Thu Hằng 37","group":"health","kind":"pharmacy","osmId":"n6149293433"},"geometry":{"type":"Point","coordinates":[108.258732,12.881703]}},{"type":"Feature","properties":{"name":"QT Từ Thị Mỹ Hạnh","group":"health","kind":"pharmacy","osmId":"n6149295597"},"geometry":{"type":"Point","coordinates":[108.255718,12.864223]}},{"type":"Feature","properties":{"name":"BS hường","group":"health","kind":"pharmacy","osmId":"n6149318108"},"geometry":{"type":"Point","coordinates":[108.255945,12.854038]}},{"type":"Feature","properties":{"name":"MIPECORP","group":"commerce","kind":"fuel","osmId":"n4401011694"},"geometry":{"type":"Point","coordinates":[108.249663,12.818599]}},{"type":"Feature","properties":{"name":"QT MỸ HẠNH","group":"health","kind":"pharmacy","osmId":"n6149286491"},"geometry":{"type":"Point","coordinates":[108.231848,12.81337]}},{"type":"Feature","properties":{"name":"QT SỐ 20(chị Thu Hằng)","group":"health","kind":"pharmacy","osmId":"n6149286492"},"geometry":{"type":"Point","coordinates":[108.246072,12.838737]}},{"type":"Feature","properties":{"name":"QT Tường Vi","group":"health","kind":"pharmacy","osmId":"n6149305691"},"geometry":{"type":"Point","coordinates":[108.227938,12.808204]}},{"type":"Feature","properties":{"name":"Sơn Lộc 3","group":"place","kind":"village","osmId":"n12300612470"},"geometry":{"type":"Point","coordinates":[108.236973,12.783885]}},{"type":"Feature","properties":{"name":"Sơn Lộc 2","group":"place","kind":"village","osmId":"n12300612471"},"geometry":{"type":"Point","coordinates":[108.228686,12.785278]}},{"type":"Feature","properties":{"name":"Kwăng B","group":"place","kind":"village","osmId":"n12300612473"},"geometry":{"type":"Point","coordinates":[108.236798,12.779304]}},{"type":"Feature","properties":{"name":"Kwăng A","group":"place","kind":"village","osmId":"n12300612474"},"geometry":{"type":"Point","coordinates":[108.233269,12.779679]}},{"type":"Feature","properties":{"name":"Krum B","group":"place","kind":"village","osmId":"n12300612475"},"geometry":{"type":"Point","coordinates":[108.232504,12.771605]}},{"type":"Feature","properties":{"name":"Krum A","group":"place","kind":"village","osmId":"n12300612476"},"geometry":{"type":"Point","coordinates":[108.232123,12.775902]}},{"type":"Feature","properties":{"name":"Thôn 9A","group":"place","kind":"village","osmId":"n12300612480"},"geometry":{"type":"Point","coordinates":[108.228703,12.807993]}},{"type":"Feature","properties":{"name":"Thôn 8","group":"place","kind":"village","osmId":"n12300612481"},"geometry":{"type":"Point","coordinates":[108.24181,12.789474]}},{"type":"Feature","properties":{"name":"Chà Là","group":"place","kind":"village","osmId":"n12300612482"},"geometry":{"type":"Point","coordinates":[108.29825,12.772957]}},{"type":"Feature","properties":{"name":"Buôn Pon 2","group":"place","kind":"village","osmId":"n12300612483"},"geometry":{"type":"Point","coordinates":[108.306473,12.791012]}},{"type":"Feature","properties":{"name":"Buôn Pon 1","group":"place","kind":"village","osmId":"n12300612484"},"geometry":{"type":"Point","coordinates":[108.306016,12.781858]}},{"type":"Feature","properties":{"name":"Bình Hoà 4B","group":"place","kind":"village","osmId":"n12300612496"},"geometry":{"type":"Point","coordinates":[108.278043,12.78185]}},{"type":"Feature","properties":{"name":"Bình Hoà 4A","group":"place","kind":"village","osmId":"n12300612497"},"geometry":{"type":"Point","coordinates":[108.277862,12.784063]}},{"type":"Feature","properties":{"name":"Bình Hoà 3","group":"place","kind":"village","osmId":"n12300612498"},"geometry":{"type":"Point","coordinates":[108.27089,12.785172]}},{"type":"Feature","properties":{"name":"Bình Hoà 2","group":"place","kind":"village","osmId":"n12300612499"},"geometry":{"type":"Point","coordinates":[108.277531,12.787003]}},{"type":"Feature","properties":{"name":"Bình Hoà 1B","group":"place","kind":"village","osmId":"n12300612500"},"geometry":{"type":"Point","coordinates":[108.271805,12.782955]}},{"type":"Feature","properties":{"name":"Bình Hoà 1A","group":"place","kind":"village","osmId":"n12300622901"},"geometry":{"type":"Point","coordinates":[108.271298,12.787249]}},{"type":"Feature","properties":{"name":"Dút","group":"place","kind":"village","osmId":"n12300622903"},"geometry":{"type":"Point","coordinates":[108.263379,12.784742]}},{"type":"Feature","properties":{"name":"Tuy Hòa","group":"place","kind":"suburb","osmId":"n369486928"},"geometry":{"type":"Point","coordinates":[109.299595,13.084639]}},{"type":"Feature","properties":{"name":"Khu Trung tâm Giải trí Sinh Thái Thuận Thảo","group":"poi","kind":"theme_park","osmId":"n2404410096"},"geometry":{"type":"Point","coordinates":[109.295057,13.082525]}},{"type":"Feature","properties":{"name":"Nhà","group":"civic","kind":"community_centre","osmId":"n4228450091"},"geometry":{"type":"Point","coordinates":[109.315409,13.086623]}},{"type":"Feature","properties":{"name":"Đài tưởng niệm Núi Nhạn","group":"poi","kind":"attraction","osmId":"n4518976294"},"geometry":{"type":"Point","coordinates":[109.300364,13.080345]}},{"type":"Feature","properties":{"name":"Tan Phat","group":"poi","kind":"guest_house","osmId":"n4695310394"},"geometry":{"type":"Point","coordinates":[109.311939,13.039268]}},{"type":"Feature","properties":{"name":"Cửa Hàng Điện Máy Thanh Trí","group":"commerce","kind":"supermarket","osmId":"n4801478744"},"geometry":{"type":"Point","coordinates":[109.304108,13.086201]}},{"type":"Feature","properties":{"name":"Bach bgoc","group":"commerce","kind":"bakery","osmId":"n5325483430"},"geometry":{"type":"Point","coordinates":[109.300395,13.084566]}},{"type":"Feature","properties":{"name":"cửa hành dũng bốn galaxy","group":"commerce","kind":"furniture","osmId":"n5369240328"},"geometry":{"type":"Point","coordinates":[109.301451,13.086089]}},{"type":"Feature","properties":{"name":"PNJ","group":"commerce","kind":"jewelry","osmId":"n5608880654"},"geometry":{"type":"Point","coordinates":[109.306429,13.086238]}},{"type":"Feature","properties":{"name":"Bờ kè Xóm Rớ","group":"poi","kind":"attraction","osmId":"n5984618285"},"geometry":{"type":"Point","coordinates":[109.337924,13.071712]}},{"type":"Feature","properties":{"name":"Concung","group":"commerce","kind":"supermarket","osmId":"n6409820086"},"geometry":{"type":"Point","coordinates":[109.309484,13.087096]}},{"type":"Feature","properties":{"name":"An Phước","group":"commerce","kind":"clothes","osmId":"n6813546270"},"geometry":{"type":"Point","coordinates":[109.305122,13.085762]}},{"type":"Feature","properties":{"name":"Tường Quang","group":"commerce","kind":"bakery","osmId":"n7389223187"},"geometry":{"type":"Point","coordinates":[109.299987,13.08508]}},{"type":"Feature","properties":{"name":"AgriBank","group":"commerce","kind":"bank","osmId":"n11394205198"},"geometry":{"type":"Point","coordinates":[109.304958,13.08568]}},{"type":"Feature","properties":{"name":"AgriBank","group":"commerce","kind":"bank","osmId":"n11394205199"},"geometry":{"type":"Point","coordinates":[109.310818,13.087262]}},{"type":"Feature","properties":{"name":"VietinBank","group":"commerce","kind":"bank","osmId":"n11394207308"},"geometry":{"type":"Point","coordinates":[109.30183,13.084758]}},{"type":"Feature","properties":{"name":"Vietcombank","group":"commerce","kind":"bank","osmId":"n11394235301"},"geometry":{"type":"Point","coordinates":[109.302011,13.084699]}},{"type":"Feature","properties":{"name":"HD Bank","group":"commerce","kind":"bank","osmId":"n11394235302"},"geometry":{"type":"Point","coordinates":[109.305796,13.08626]}},{"type":"Feature","properties":{"name":"AgriBank","group":"commerce","kind":"bank","osmId":"n11394235303"},"geometry":{"type":"Point","coordinates":[109.308517,13.086725]}},{"type":"Feature","properties":{"name":"Nhu Y Hotel","group":"poi","kind":"hotel","osmId":"n11394244182"},"geometry":{"type":"Point","coordinates":[109.302612,13.084677]}},{"type":"Feature","properties":{"name":"10,000 dong","group":"commerce","kind":"ticket","osmId":"n11395377258"},"geometry":{"type":"Point","coordinates":[109.299997,13.082815]}},{"type":"Feature","properties":{"name":"Back entrance, no fee","group":"poi","kind":"attraction","osmId":"n11395378829"},"geometry":{"type":"Point","coordinates":[109.300305,13.0795]}},{"type":"Feature","properties":{"name":"Thaco auto Phu yen","group":"commerce","kind":"car","osmId":"n12657889601"},"geometry":{"type":"Point","coordinates":[109.281033,13.071983]}},{"type":"Feature","properties":{"name":"Phú Yên","group":"place","kind":"suburb","osmId":"n13744489693"},"geometry":{"type":"Point","coordinates":[109.310371,13.051677]}},{"type":"Feature","properties":{"name":"Bưu điện Tuy Hòa","group":"civic","kind":"post_office","osmId":"w232496559"},"geometry":{"type":"Point","coordinates":[109.307107,13.08696]}},{"type":"Feature","properties":{"name":"Chợ Tuy Hòa","group":"commerce","kind":"marketplace","osmId":"w626980145"},"geometry":{"type":"Point","coordinates":[109.308358,13.087593]}},{"type":"Feature","properties":{"name":"Trường Trung học phổ thông Ngô Gia Tự","group":"school","kind":"school","osmId":"w1025211239"},"geometry":{"type":"Point","coordinates":[109.313026,13.04811]}},{"type":"Feature","properties":{"name":"PV Oil","group":"commerce","kind":"fuel","osmId":"w1338978176"},"geometry":{"type":"Point","coordinates":[109.329562,13.067807]}},{"type":"Feature","properties":{"name":"PV Oil","group":"commerce","kind":"fuel","osmId":"w1472939862"},"geometry":{"type":"Point","coordinates":[109.325151,13.0089]}},{"type":"Feature","properties":{"name":"Long Beach","group":"poi","kind":"hotel","osmId":"n1409015738"},"geometry":{"type":"Point","coordinates":[109.318372,13.100045]}},{"type":"Feature","properties":{"name":"Chợ Phường 7","group":"commerce","kind":"marketplace","osmId":"n1644008071"},"geometry":{"type":"Point","coordinates":[109.311813,13.102353]}},{"type":"Feature","properties":{"name":"Sở Thông Tin và Truyền Thông Phú Yên","group":"civic","kind":"townhall","osmId":"n1644008094"},"geometry":{"type":"Point","coordinates":[109.31219,13.103797]}},{"type":"Feature","properties":{"name":"Trường Tiểu học Trưng Vương","group":"school","kind":"school","osmId":"n2407465045"},"geometry":{"type":"Point","coordinates":[109.313573,13.088093]}},{"type":"Feature","properties":{"name":"Bênh viện Quân Y","group":"health","kind":"hospital","osmId":"n2407474136"},"geometry":{"type":"Point","coordinates":[109.314852,13.096917]}},{"type":"Feature","properties":{"name":"UBND Tỉnh Phú Yên","group":"civic","kind":"townhall","osmId":"n2407511091"},"geometry":{"type":"Point","coordinates":[109.32204,13.094911]}},{"type":"Feature","properties":{"name":"Lam Tra","group":"poi","kind":"hotel","osmId":"n2774523313"},"geometry":{"type":"Point","coordinates":[109.307777,13.100157]}},{"type":"Feature","properties":{"name":"Anh Duong","group":"poi","kind":"guest_house","osmId":"n2774523385"},"geometry":{"type":"Point","coordinates":[109.307278,13.099922]}},{"type":"Feature","properties":{"name":"Tay Do","group":"poi","kind":"guest_house","osmId":"n2774523443"},"geometry":{"type":"Point","coordinates":[109.30684,13.10003]}},{"type":"Feature","properties":{"name":"Thuy Thien","group":"poi","kind":"guest_house","osmId":"n2774523505"},"geometry":{"type":"Point","coordinates":[109.306913,13.100811]}},{"type":"Feature","properties":{"name":"Thuy Tien","group":"poi","kind":"hotel","osmId":"n2774523556"},"geometry":{"type":"Point","coordinates":[109.306985,13.100689]}},{"type":"Feature","properties":{"name":"Khanh Hoa Hotel","group":"poi","kind":"hotel","osmId":"n4264691190"},"geometry":{"type":"Point","coordinates":[109.307976,13.102176]}},{"type":"Feature","properties":{"name":"Anh Tuấn","group":"poi","kind":"hotel","osmId":"n4289743489"},"geometry":{"type":"Point","coordinates":[109.311467,13.097378]}},{"type":"Feature","properties":{"name":"nhà may áo dài Thiên Thương 2","group":"commerce","kind":"clothes","osmId":"n4369788500"},"geometry":{"type":"Point","coordinates":[109.299084,13.088787]}},{"type":"Feature","properties":{"name":"Kim Anh","group":"poi","kind":"hotel","osmId":"n4600487590"},"geometry":{"type":"Point","coordinates":[109.313297,13.092488]}},{"type":"Feature","properties":{"name":"Mắt Kính Quang Ý","group":"poi","kind":"guest_house","osmId":"n4621663490"},"geometry":{"type":"Point","coordinates":[109.312194,13.096336]}},{"type":"Feature","properties":{"name":"Hk Bikes","group":"commerce","kind":"bicycle","osmId":"n4622788403"},"geometry":{"type":"Point","coordinates":[109.309491,13.087383]}},{"type":"Feature","properties":{"name":"Da Xanh","group":"poi","kind":"hostel","osmId":"n4693248010"},"geometry":{"type":"Point","coordinates":[109.31327,13.103043]}},{"type":"Feature","properties":{"name":"The Reef Hostel","group":"poi","kind":"guest_house","osmId":"n4700343495"},"geometry":{"type":"Point","coordinates":[109.313266,13.102976]}},{"type":"Feature","properties":{"name":"Reef Hostel","group":"poi","kind":"hostel","osmId":"n4728649389"},"geometry":{"type":"Point","coordinates":[109.313294,13.102954]}},{"type":"Feature","properties":{"name":"nha nghi","group":"poi","kind":"guest_house","osmId":"n4958459621"},"geometry":{"type":"Point","coordinates":[109.299521,13.112381]}},{"type":"Feature","properties":{"name":"Mắt cá ngừ","group":"poi","kind":"information","osmId":"n5076893227"},"geometry":{"type":"Point","coordinates":[109.317459,13.098559]}},{"type":"Feature","properties":{"name":"Joy House 2","group":"poi","kind":"hostel","osmId":"n5326675621"},"geometry":{"type":"Point","coordinates":[109.299299,13.113247]}},{"type":"Feature","properties":{"name":"217 Trường Chinh","group":"poi","kind":"apartment","osmId":"n5517872024"},"geometry":{"type":"Point","coordinates":[109.316196,13.094699]}},{"type":"Feature","properties":{"name":"nhà Lê Trung Đàn","group":"poi","kind":"apartment","osmId":"n5519686022"},"geometry":{"type":"Point","coordinates":[109.276197,13.086242]}},{"type":"Feature","properties":{"name":"Nha Minh Homestay right adress","group":"poi","kind":"guest_house","osmId":"n6235509185"},"geometry":{"type":"Point","coordinates":[109.290465,13.093358]}},{"type":"Feature","properties":{"name":"Nhá Nghi Sao Anh","group":"poi","kind":"guest_house","osmId":"n6240916786"},"geometry":{"type":"Point","coordinates":[109.29867,13.111772]}},{"type":"Feature","properties":{"name":"Nhà trọ anh ĐÔN","group":"poi","kind":"hostel","osmId":"n6409820085"},"geometry":{"type":"Point","coordinates":[109.306651,13.098478]}},{"type":"Feature","properties":{"name":"Đồng Tiến Đạt","group":"commerce","kind":"tyres","osmId":"n6520666985"},"geometry":{"type":"Point","coordinates":[109.295573,13.089441]}},{"type":"Feature","properties":{"name":"Apec mandala Victor condotel","group":"poi","kind":"apartment","osmId":"n10540201109"},"geometry":{"type":"Point","coordinates":[109.306922,13.103518]}},{"type":"Feature","properties":{"name":"Tháp Nghinh Phong","group":"poi","kind":"artwork","osmId":"n11055944805"},"geometry":{"type":"Point","coordinates":[109.307256,13.116316]}},{"type":"Feature","properties":{"name":"ACB","group":"commerce","kind":"bank","osmId":"n11394204034"},"geometry":{"type":"Point","coordinates":[109.313565,13.092591]}},{"type":"Feature","properties":{"name":"Vietcombank","group":"commerce","kind":"bank","osmId":"n11394204292"},"geometry":{"type":"Point","coordinates":[109.313896,13.090345]}},{"type":"Feature","properties":{"name":"Vietcombank","group":"commerce","kind":"bank","osmId":"n11394205984"},"geometry":{"type":"Point","coordinates":[109.310362,13.088311]}},{"type":"Feature","properties":{"name":"Petrolimex","group":"commerce","kind":"fuel","osmId":"n11394207249"},"geometry":{"type":"Point","coordinates":[109.298338,13.092555]}},{"type":"Feature","properties":{"name":"VietinBank","group":"commerce","kind":"bank","osmId":"n11394214461"},"geometry":{"type":"Point","coordinates":[109.313011,13.094589]}},{"type":"Feature","properties":{"name":"MB Bank","group":"commerce","kind":"bank","osmId":"n11394230581"},"geometry":{"type":"Point","coordinates":[109.314261,13.089074]}},{"type":"Feature","properties":{"name":"VPBank","group":"commerce","kind":"bank","osmId":"n11394231796"},"geometry":{"type":"Point","coordinates":[109.313764,13.092141]}},{"type":"Feature","properties":{"name":"Nam A Bank","group":"commerce","kind":"bank","osmId":"n11394231883"},"geometry":{"type":"Point","coordinates":[109.314224,13.08919]}},{"type":"Feature","properties":{"name":"WinMart","group":"commerce","kind":"supermarket","osmId":"n11394232174"},"geometry":{"type":"Point","coordinates":[109.309065,13.101581]}},{"type":"Feature","properties":{"name":"OCB","group":"commerce","kind":"bank","osmId":"n11394233522"},"geometry":{"type":"Point","coordinates":[109.314314,13.088674]}},{"type":"Feature","properties":{"name":"LPBank","group":"commerce","kind":"bank","osmId":"n11394233873"},"geometry":{"type":"Point","coordinates":[109.313154,13.092686]}},{"type":"Feature","properties":{"name":"Sacombank","group":"commerce","kind":"bank","osmId":"n11394237176"},"geometry":{"type":"Point","coordinates":[109.313035,13.092866]}},{"type":"Feature","properties":{"name":"VMart","group":"commerce","kind":"supermarket","osmId":"n11395831209"},"geometry":{"type":"Point","coordinates":[109.313386,13.091972]}},{"type":"Feature","properties":{"name":"BIDV","group":"commerce","kind":"bank","osmId":"n11395849713"},"geometry":{"type":"Point","coordinates":[109.309065,13.093326]}},{"type":"Feature","properties":{"name":"MSB","group":"commerce","kind":"bank","osmId":"n11395851218"},"geometry":{"type":"Point","coordinates":[109.311963,13.090575]}},{"type":"Feature","properties":{"name":"Coast Homestay","group":"poi","kind":"guest_house","osmId":"n11396016178"},"geometry":{"type":"Point","coordinates":[109.314725,13.095979]}},{"type":"Feature","properties":{"name":"Letters Bà Triệu","group":"poi","kind":"guest_house","osmId":"n11396243616"},"geometry":{"type":"Point","coordinates":[109.314138,13.095656]}},{"type":"Feature","properties":{"name":"Đăng Châu Computer - Camera","group":"commerce","kind":"supermarket","osmId":"n11575264089"},"geometry":{"type":"Point","coordinates":[109.302867,13.089912]}},{"type":"Feature","properties":{"name":"Pretty good chè","group":"commerce","kind":"confectionery","osmId":"n11876349070"},"geometry":{"type":"Point","coordinates":[109.310345,13.087948]}},{"type":"Feature","properties":{"name":"Vật tư - Thiết bị y tế Khánh Trang","group":"commerce","kind":"supermarket","osmId":"n12074580262"},"geometry":{"type":"Point","coordinates":[109.311224,13.100432]}},{"type":"Feature","properties":{"name":"Santini Hotel","group":"poi","kind":"hotel","osmId":"n12300668680"},"geometry":{"type":"Point","coordinates":[109.316135,13.099358]}},{"type":"Feature","properties":{"name":"Honda Cúc Vinh 1","group":"commerce","kind":"motorcycle","osmId":"n12585183808"},"geometry":{"type":"Point","coordinates":[109.306174,13.089004]}},{"type":"Feature","properties":{"name":"Horse","group":"poi","kind":"artwork","osmId":"n12736487902"},"geometry":{"type":"Point","coordinates":[109.311681,13.095251]}},{"type":"Feature","properties":{"name":"Coop Mart","group":"commerce","kind":"supermarket","osmId":"w151580707"},"geometry":{"type":"Point","coordinates":[109.309566,13.088532]}},{"type":"Feature","properties":{"name":"Trường Trung học phổ thông Nguyễn Huệ","group":"school","kind":"school","osmId":"w232398023"},"geometry":{"type":"Point","coordinates":[109.312252,13.089774]}},{"type":"Feature","properties":{"name":"Học viện Ngân hàng - Phân viện Phú Yên","group":"school","kind":"university","osmId":"w232398914"},"geometry":{"type":"Point","coordinates":[109.316978,13.096784]}},{"type":"Feature","properties":{"name":"Trạm xá","group":"health","kind":"hospital","osmId":"w232398916"},"geometry":{"type":"Point","coordinates":[109.314674,13.096849]}},{"type":"Feature","properties":{"name":"Trường Đại học Phú Yên","group":"school","kind":"university","osmId":"w232399066"},"geometry":{"type":"Point","coordinates":[109.309303,13.1031]}},{"type":"Feature","properties":{"name":"Bệnh viện Y học cổ truyền Phú Yên","group":"health","kind":"hospital","osmId":"w232399656"},"geometry":{"type":"Point","coordinates":[109.311849,13.104814]}},{"type":"Feature","properties":{"name":"Công an thành phố Tuy Hoà","group":"civic","kind":"police","osmId":"w232400104"},"geometry":{"type":"Point","coordinates":[109.321157,13.094404]}},{"type":"Feature","properties":{"name":"Trường Cao đẳng Công nghiệp Tuy Hòa","group":"school","kind":"college","osmId":"w232405830"},"geometry":{"type":"Point","coordinates":[109.290756,13.098346]}},{"type":"Feature","properties":{"name":"Bệnh viện Mắt Phú Yên","group":"health","kind":"hospital","osmId":"w232409135"},"geometry":{"type":"Point","coordinates":[109.30257,13.092298]}},{"type":"Feature","properties":{"name":"Bảo tàng Phú Yên","group":"poi","kind":"museum","osmId":"w232410041"},"geometry":{"type":"Point","coordinates":[109.302348,13.094728]}},{"type":"Feature","properties":{"name":"Trường Trung học phổ thông Nguyễn Trãi","group":"school","kind":"school","osmId":"w232410044"},"geometry":{"type":"Point","coordinates":[109.300785,13.093968]}},{"type":"Feature","properties":{"name":"Bệnh viện Đa khoa Phú Yên","group":"health","kind":"hospital","osmId":"w979982039"},"geometry":{"type":"Point","coordinates":[109.299313,13.109267]}},{"type":"Feature","properties":{"name":"Công an tỉnh Phú Yên","group":"civic","kind":"police","osmId":"w979982042"},"geometry":{"type":"Point","coordinates":[109.302347,13.116191]}},{"type":"Feature","properties":{"name":"Trường Phổ thông Duy Tân","group":"school","kind":"school","osmId":"w979982046"},"geometry":{"type":"Point","coordinates":[109.30129,13.113842]}},{"type":"Feature","properties":{"name":"Trường Tiểu học Lạc Long Quân","group":"school","kind":"school","osmId":"w1025211240"},"geometry":{"type":"Point","coordinates":[109.311237,13.098715]}},{"type":"Feature","properties":{"name":"Trường Phổ thông Dân tộc Nội trú tỉnh Phú Yên","group":"school","kind":"school","osmId":"w1025211244"},"geometry":{"type":"Point","coordinates":[109.316819,13.100557]}},{"type":"Feature","properties":{"name":"Trường Trung học cơ sở Lương Thế Vinh","group":"school","kind":"school","osmId":"w1025211246"},"geometry":{"type":"Point","coordinates":[109.311865,13.098023]}},{"type":"Feature","properties":{"name":"Trường Trung học phổ thông chuyên Lương Văn Chánh","group":"school","kind":"school","osmId":"w1025211247"},"geometry":{"type":"Point","coordinates":[109.312258,13.099481]}},{"type":"Feature","properties":{"name":"Trường Đại học Xây dựng Miền Trung (khu A)","group":"school","kind":"university","osmId":"w1067451901"},"geometry":{"type":"Point","coordinates":[109.318262,13.094227]}},{"type":"Feature","properties":{"name":"VinCom Plaza","group":"commerce","kind":"mall","osmId":"w1241373881"},"geometry":{"type":"Point","coordinates":[109.308921,13.101569]}},{"type":"Feature","properties":{"name":"Trung tâm Giáo dục Nghề nghiệp - Hướng nghiệp Tỉnh Phú Yên","group":"school","kind":"college","osmId":"w1272649330"},"geometry":{"type":"Point","coordinates":[109.294074,13.115365]}},{"type":"Feature","properties":{"name":"Trường Cao đẳng Công Thương Miền Trung (Cơ sở 2)","group":"school","kind":"college","osmId":"w1272649337"},"geometry":{"type":"Point","coordinates":[109.305435,13.112059]}},{"type":"Feature","properties":{"name":"Đại học Phú Yên","group":"school","kind":"university","osmId":"w1272649344"},"geometry":{"type":"Point","coordinates":[109.306762,13.106529]}},{"type":"Feature","properties":{"name":"Toyota","group":"commerce","kind":"car","osmId":"w1272650487"},"geometry":{"type":"Point","coordinates":[109.309102,13.099386]}},{"type":"Feature","properties":{"name":"Khách sạn Công Đoàn","group":"poi","kind":"hotel","osmId":"w1272705240"},"geometry":{"type":"Point","coordinates":[109.32059,13.096591]}},{"type":"Feature","properties":{"name":"Công an giao thông tỉnh Phú Yên","group":"civic","kind":"police","osmId":"w1272721377"},"geometry":{"type":"Point","coordinates":[109.275631,13.071859]}},{"type":"Feature","properties":{"name":"A1","group":"poi","kind":"guest_house","osmId":"w1288835040"},"geometry":{"type":"Point","coordinates":[109.317785,13.096521]}},{"type":"Feature","properties":{"name":"Trường Trung học phổ thông chuyên Lương Văn Chánh (A2)","group":"school","kind":"school","osmId":"w1317059516"},"geometry":{"type":"Point","coordinates":[109.312763,13.098681]}},{"type":"Feature","properties":{"name":"Trường Trung học cơ sở Hùng Vương","group":"school","kind":"school","osmId":"w1422837575"},"geometry":{"type":"Point","coordinates":[109.304872,13.09071]}},{"type":"Feature","properties":{"name":"Trường Tiểu học Kim Đồng","group":"school","kind":"school","osmId":"w1422837576"},"geometry":{"type":"Point","coordinates":[109.302124,13.089768]}},{"type":"Feature","properties":{"name":"Trường Cao đẳng nghề Phú Yên","group":"school","kind":"college","osmId":"w1427888509"},"geometry":{"type":"Point","coordinates":[109.309836,13.105158]}},{"type":"Feature","properties":{"name":"Bệnh viện Da liễu tỉnh Đắk Lắk","group":"health","kind":"hospital","osmId":"w1459471139"},"geometry":{"type":"Point","coordinates":[109.292242,13.091315]}},{"type":"Feature","properties":{"name":"Bệnh viện Sản - Nhi tỉnh Đắk Lắk","group":"health","kind":"hospital","osmId":"w1459471140"},"geometry":{"type":"Point","coordinates":[109.318558,13.090568]}},{"type":"Feature","properties":{"name":"Petrolimex","group":"commerce","kind":"fuel","osmId":"n4394577798"},"geometry":{"type":"Point","coordinates":[109.276532,13.134787]}},{"type":"Feature","properties":{"name":"Kahn Hoa","group":"poi","kind":"hotel","osmId":"n4693248709"},"geometry":{"type":"Point","coordinates":[109.295606,13.118145]}},{"type":"Feature","properties":{"name":"Thien Phat","group":"poi","kind":"hotel","osmId":"n4693262503"},"geometry":{"type":"Point","coordinates":[109.285456,13.138529]}},{"type":"Feature","properties":{"name":"Nhà Ngoại Ô","group":"poi","kind":"hotel","osmId":"n5607305723"},"geometry":{"type":"Point","coordinates":[109.281721,13.141788]}},{"type":"Feature","properties":{"name":"Countryside House - Nhà Ngoại Ô","group":"poi","kind":"hostel","osmId":"n5607415721"},"geometry":{"type":"Point","coordinates":[109.281487,13.142237]}},{"type":"Feature","properties":{"name":"Phú Vang","group":"place","kind":"hamlet","osmId":"n10782484383"},"geometry":{"type":"Point","coordinates":[109.276038,13.13291]}},{"type":"Feature","properties":{"name":"Green Homestay Tuy Hòa","group":"poi","kind":"guest_house","osmId":"n11374811869"},"geometry":{"type":"Point","coordinates":[109.295308,13.117564]}},{"type":"Feature","properties":{"name":"Bình Kiến","group":"place","kind":"suburb","osmId":"n13744489691"},"geometry":{"type":"Point","coordinates":[109.279255,13.125607]}},{"type":"Feature","properties":{"name":"Trường Đại học Xây dựng Miền Trung (khu B)","group":"school","kind":"university","osmId":"w1067451926"},"geometry":{"type":"Point","coordinates":[109.290224,13.122889]}},{"type":"Feature","properties":{"name":"Petrolimex Gas Station","group":"commerce","kind":"fuel","osmId":"w1360849561"},"geometry":{"type":"Point","coordinates":[109.294946,13.118578]}},{"type":"Feature","properties":{"name":"Petrolimex","group":"commerce","kind":"fuel","osmId":"n4451303190"},"geometry":{"type":"Point","coordinates":[109.243423,13.376041]}},{"type":"Feature","properties":{"name":"Coral Island","group":"poi","kind":"attraction","osmId":"n6084021486"},"geometry":{"type":"Point","coordinates":[109.281175,13.380295]}},{"type":"Feature","properties":{"name":"Trường Tiểu Học Xuân Đài (điểm Bình Thạnh)","group":"school","kind":"school","osmId":"w1309996012"},"geometry":{"type":"Point","coordinates":[109.244478,13.37483]}},{"type":"Feature","properties":{"name":"Phú Một","group":"place","kind":"village","osmId":"n1707887950"},"geometry":{"type":"Point","coordinates":[109.290123,13.445141]}},{"type":"Feature","properties":{"name":"Phú Mỹ","group":"place","kind":"village","osmId":"n1707887951"},"geometry":{"type":"Point","coordinates":[109.264536,13.481531]}},{"type":"Feature","properties":{"name":"Từ Nham","group":"place","kind":"village","osmId":"n1707887956"},"geometry":{"type":"Point","coordinates":[109.323335,13.466492]}},{"type":"Feature","properties":{"name":"Ocean Beach Hostel","group":"poi","kind":"hostel","osmId":"n6632656887"},"geometry":{"type":"Point","coordinates":[109.289115,13.506834]}},{"type":"Feature","properties":{"name":"Bai Om","group":"poi","kind":"attraction","osmId":"n7142747685"},"geometry":{"type":"Point","coordinates":[109.299824,13.413096]}},{"type":"Feature","properties":{"name":"Dong muoi song Cau salins","group":"poi","kind":"attraction","osmId":"n10004148517"},"geometry":{"type":"Point","coordinates":[109.247876,13.490249]}},{"type":"Feature","properties":{"name":"Cảng cá Vũng Chao","group":"commerce","kind":"marketplace","osmId":"n12128947555"},"geometry":{"type":"Point","coordinates":[109.290327,13.446244]}},{"type":"Feature","properties":{"name":"Chợ Vũng Chao","group":"commerce","kind":"marketplace","osmId":"n12128947556"},"geometry":{"type":"Point","coordinates":[109.291161,13.445511]}},{"type":"Feature","properties":{"name":"Sua Xe","group":"commerce","kind":"motorcycle_repair","osmId":"n13114440847"},"geometry":{"type":"Point","coordinates":[109.24058,13.497197]}},{"type":"Feature","properties":{"name":"Trường Mẫu Giáo Xuân Phương Dân Phú 2","group":"school","kind":"kindergarten","osmId":"w1309995018"},"geometry":{"type":"Point","coordinates":[109.298186,13.413536]}},{"type":"Feature","properties":{"name":"Trường Tiểu học và Trung học cơ sở Lê Quý Đôn","group":"school","kind":"school","osmId":"w1309995024"},"geometry":{"type":"Point","coordinates":[109.290517,13.444086]}},{"type":"Feature","properties":{"name":"Trường Tiểu học & Trung học cơ sở Lê Thánh Tông","group":"school","kind":"school","osmId":"w1309995025"},"geometry":{"type":"Point","coordinates":[109.3159,13.463077]}},{"type":"Feature","properties":{"name":"Đông Hòa","group":"place","kind":"town","osmId":"n4737862640"},"geometry":{"type":"Point","coordinates":[109.331346,12.993129]}},{"type":"Feature","properties":{"name":"PV Oil","group":"commerce","kind":"fuel","osmId":"n4867789654"},"geometry":{"type":"Point","coordinates":[109.331523,12.992923]}},{"type":"Feature","properties":{"name":"Honda Dũng Tiến 2","group":"commerce","kind":"motorcycle","osmId":"n12587240138"},"geometry":{"type":"Point","coordinates":[109.329235,12.998852]}},{"type":"Feature","properties":{"name":"Đông Hoà","group":"place","kind":"suburb","osmId":"n13744489696"},"geometry":{"type":"Point","coordinates":[109.329726,12.992934]}},{"type":"Feature","properties":{"name":"Trường Trung học cơ sở Trần Hưng Đạo","group":"school","kind":"school","osmId":"w1095415349"},"geometry":{"type":"Point","coordinates":[109.326984,12.995441]}},{"type":"Feature","properties":{"name":"Buw điện Thị xã Đông Hòa","group":"civic","kind":"post_office","osmId":"w1270837180"},"geometry":{"type":"Point","coordinates":[109.330995,12.992536]}},{"type":"Feature","properties":{"name":"Trường Trung học phổ thông Lê Trung Kiên","group":"school","kind":"school","osmId":"w1270837191"},"geometry":{"type":"Point","coordinates":[109.334407,12.988182]}},{"type":"Feature","properties":{"name":"Trường Mầm non Hòa Vinh","group":"school","kind":"kindergarten","osmId":"w1270837192"},"geometry":{"type":"Point","coordinates":[109.335611,12.98875]}},{"type":"Feature","properties":{"name":"Trường Tiểu Học Lê Quý Đôn","group":"school","kind":"school","osmId":"w1270848008"},"geometry":{"type":"Point","coordinates":[109.314468,12.999126]}},{"type":"Feature","properties":{"name":"Petrolimex","group":"commerce","kind":"fuel","osmId":"w1472939897"},"geometry":{"type":"Point","coordinates":[109.330635,12.995393]}},{"type":"Feature","properties":{"name":"PV Oil","group":"commerce","kind":"fuel","osmId":"n4394547697"},"geometry":{"type":"Point","coordinates":[109.363268,12.99809]}},{"type":"Feature","properties":{"name":"LÀNG MẮM Homestay","group":"poi","kind":"hotel","osmId":"n13610867401"},"geometry":{"type":"Point","coordinates":[109.378644,12.999319]}},{"type":"Feature","properties":{"name":"Hoà Hiệp","group":"place","kind":"suburb","osmId":"n13744489692"},"geometry":{"type":"Point","coordinates":[109.365146,12.995043]}},{"type":"Feature","properties":{"name":"Du Lịch Bản Đôn","group":"poi","kind":"viewpoint","osmId":"n1653918810"},"geometry":{"type":"Point","coordinates":[107.797113,12.896834]}},{"type":"Feature","properties":{"name":"Bến serepok","group":"poi","kind":"guest_house","osmId":"n10691072509"},"geometry":{"type":"Point","coordinates":[107.781803,12.890938]}},{"type":"Feature","properties":{"name":"Điểm 6 xe","group":"poi","kind":"guest_house","osmId":"n10691072511"},"geometry":{"type":"Point","coordinates":[107.61563,12.917288]}},{"type":"Feature","properties":{"name":"Điểm 7","group":"poi","kind":"guest_house","osmId":"n10691072512"},"geometry":{"type":"Point","coordinates":[107.614282,12.912022]}},{"type":"Feature","properties":{"name":"Điểm 1","group":"poi","kind":"guest_house","osmId":"n10691072607"},"geometry":{"type":"Point","coordinates":[107.613146,12.889977]}},{"type":"Feature","properties":{"name":"Điểm 8","group":"poi","kind":"guest_house","osmId":"n10691072608"},"geometry":{"type":"Point","coordinates":[107.614147,12.880628]}},{"type":"Feature","properties":{"name":"Điểm 2","group":"poi","kind":"guest_house","osmId":"n10691072707"},"geometry":{"type":"Point","coordinates":[107.615223,12.899157]}},{"type":"Feature","properties":{"name":"Điểm 9","group":"poi","kind":"guest_house","osmId":"n10691072708"},"geometry":{"type":"Point","coordinates":[107.619397,12.875617]}},{"type":"Feature","properties":{"name":"Điểm 3","group":"poi","kind":"guest_house","osmId":"n10691072906"},"geometry":{"type":"Point","coordinates":[107.615354,12.904599]}},{"type":"Feature","properties":{"name":"Điểm 4","group":"poi","kind":"guest_house","osmId":"n10691085005"},"geometry":{"type":"Point","coordinates":[107.615183,12.913568]}},{"type":"Feature","properties":{"name":"Cửa hàng Xăng dầu","group":"commerce","kind":"fuel","osmId":"n11684393654"},"geometry":{"type":"Point","coordinates":[107.801258,12.907449]}},{"type":"Feature","properties":{"name":"Cửa hàng Xăng dầu","group":"commerce","kind":"fuel","osmId":"n11684558638"},"geometry":{"type":"Point","coordinates":[107.794339,12.878881]}},{"type":"Feature","properties":{"name":"Thống Nhất","group":"place","kind":"village","osmId":"n12392874622"},"geometry":{"type":"Point","coordinates":[107.793378,12.880382]}},{"type":"Feature","properties":{"name":"Bản Đôn","group":"place","kind":"village","osmId":"n12392874623"},"geometry":{"type":"Point","coordinates":[107.785095,12.892318]}},{"type":"Feature","properties":{"name":"Jang Lành","group":"place","kind":"village","osmId":"n12392874624"},"geometry":{"type":"Point","coordinates":[107.792414,12.878532]}},{"type":"Feature","properties":{"name":"Trí","group":"place","kind":"village","osmId":"n12392874625"},"geometry":{"type":"Point","coordinates":[107.782971,12.887163]}},{"type":"Feature","properties":{"name":"Ea Rông B","group":"place","kind":"village","osmId":"n12392874626"},"geometry":{"type":"Point","coordinates":[107.790438,12.883081]}},{"type":"Feature","properties":{"name":"Ea Rông","group":"place","kind":"village","osmId":"n12392874627"},"geometry":{"type":"Point","coordinates":[107.788196,12.889425]}},{"type":"Feature","properties":{"name":"Ea Mar","group":"place","kind":"village","osmId":"n12392874628"},"geometry":{"type":"Point","coordinates":[107.791452,12.897108]}},{"type":"Feature","properties":{"name":"Đrang Phốk","group":"place","kind":"village","osmId":"n12392874629"},"geometry":{"type":"Point","coordinates":[107.688217,12.932453]}},{"type":"Feature","properties":{"name":"Apollo Oil","group":"commerce","kind":"fuel","osmId":"n4400934419"},"geometry":{"type":"Point","coordinates":[108.137699,13.372341]}},{"type":"Feature","properties":{"name":"CTV Petrol","group":"commerce","kind":"fuel","osmId":"n4400994005"},"geometry":{"type":"Point","coordinates":[108.149357,13.324271]}},{"type":"Feature","properties":{"name":"PV Oil","group":"commerce","kind":"fuel","osmId":"n4400994006"},"geometry":{"type":"Point","coordinates":[108.150256,13.313839]}},{"type":"Feature","properties":{"name":"QT Đình Trang","group":"health","kind":"pharmacy","osmId":"n6215420385"},"geometry":{"type":"Point","coordinates":[108.152111,13.36011]}},{"type":"Feature","properties":{"name":"QT lệ quyên","group":"health","kind":"pharmacy","osmId":"n6359774786"},"geometry":{"type":"Point","coordinates":[108.151528,13.360236]}},{"type":"Feature","properties":{"name":"QT Tuyết An 1","group":"health","kind":"pharmacy","osmId":"n6359776887"},"geometry":{"type":"Point","coordinates":[108.152161,13.359685]}},{"type":"Feature","properties":{"name":"QT Tuyết An","group":"health","kind":"pharmacy","osmId":"n6359779305"},"geometry":{"type":"Point","coordinates":[108.157396,13.349907]}},{"type":"Feature","properties":{"name":"QT Gia Ly ( Bùi Thị Cẩm Ly)","group":"health","kind":"pharmacy","osmId":"n6359793286"},"geometry":{"type":"Point","coordinates":[108.152264,13.359413]}},{"type":"Feature","properties":{"name":"QT Thuỷ Tùng ( Đặng Thị Thanh Tùng )","group":"health","kind":"pharmacy","osmId":"n7418872486"},"geometry":{"type":"Point","coordinates":[108.150519,13.361907]}},{"type":"Feature","properties":{"name":"QT Bảo Dung ( Đinh Thị Hải Yến ) thôn 2B xã Ea H’leo","group":"health","kind":"pharmacy","osmId":"n8095891017"},"geometry":{"type":"Point","coordinates":[108.153785,13.357773]}},{"type":"Feature","properties":{"name":"QT Thu Hằng ( Nguyễn Thị Thu Hằng ) thôn 3 xã Ea H’leo km 100","group":"health","kind":"pharmacy","osmId":"n8208594317"},"geometry":{"type":"Point","coordinates":[108.157496,13.351931]}},{"type":"Feature","properties":{"name":"QT Như Ánh ( Đoàn Thị Như Ánh ) thôn 7,xã Ea H’leo","group":"health","kind":"pharmacy","osmId":"n8340945417"},"geometry":{"type":"Point","coordinates":[108.151623,13.308999]}},{"type":"Feature","properties":{"name":"PV Oil","group":"commerce","kind":"fuel","osmId":"n11676616361"},"geometry":{"type":"Point","coordinates":[108.152872,13.358867]}},{"type":"Feature","properties":{"name":"Cửa hàng Xăng dầu","group":"commerce","kind":"fuel","osmId":"n11676645795"},"geometry":{"type":"Point","coordinates":[108.107366,13.386344]}},{"type":"Feature","properties":{"name":"Săm B","group":"place","kind":"village","osmId":"n12645362758"},"geometry":{"type":"Point","coordinates":[108.156354,13.356512]}},{"type":"Feature","properties":{"name":"Săm A","group":"place","kind":"village","osmId":"n12645362759"},"geometry":{"type":"Point","coordinates":[108.154929,13.352712]}},{"type":"Feature","properties":{"name":"Treng","group":"place","kind":"village","osmId":"n12645362760"},"geometry":{"type":"Point","coordinates":[108.153329,13.340654]}},{"type":"Feature","properties":{"name":"Dang","group":"place","kind":"village","osmId":"n12645362761"},"geometry":{"type":"Point","coordinates":[108.150815,13.365404]}},{"type":"Feature","properties":{"name":"Thôn 8","group":"place","kind":"village","osmId":"n12645362763"},"geometry":{"type":"Point","coordinates":[108.15184,13.309031]}},{"type":"Feature","properties":{"name":"Thôn 7","group":"place","kind":"village","osmId":"n12645362764"},"geometry":{"type":"Point","coordinates":[108.15621,13.307545]}},{"type":"Feature","properties":{"name":"Thôn 6","group":"place","kind":"village","osmId":"n12645362765"},"geometry":{"type":"Point","coordinates":[108.149645,13.316686]}},{"type":"Feature","properties":{"name":"Thôn 5","group":"place","kind":"village","osmId":"n12645362766"},"geometry":{"type":"Point","coordinates":[108.149694,13.329584]}},{"type":"Feature","properties":{"name":"Thôn 4","group":"place","kind":"village","osmId":"n12645362767"},"geometry":{"type":"Point","coordinates":[108.157082,13.345293]}},{"type":"Feature","properties":{"name":"Thôn 3","group":"place","kind":"village","osmId":"n12645362768"},"geometry":{"type":"Point","coordinates":[108.157367,13.349536]}},{"type":"Feature","properties":{"name":"Thôn 2C","group":"place","kind":"village","osmId":"n12645362769"},"geometry":{"type":"Point","coordinates":[108.158696,13.371946]}},{"type":"Feature","properties":{"name":"Thôn 2B","group":"place","kind":"village","osmId":"n12645362770"},"geometry":{"type":"Point","coordinates":[108.150065,13.362251]}},{"type":"Feature","properties":{"name":"Thôn 2A","group":"place","kind":"village","osmId":"n12645362771"},"geometry":{"type":"Point","coordinates":[108.139253,13.370992]}},{"type":"Feature","properties":{"name":"Thôn 1","group":"place","kind":"village","osmId":"n12645362772"},"geometry":{"type":"Point","coordinates":[108.092006,13.404895]}},{"type":"Feature","properties":{"name":"Sửa chữa xe máy","group":"commerce","kind":"motorcycle_repair","osmId":"n11687525009"},"geometry":{"type":"Point","coordinates":[108.932213,12.546514]}},{"type":"Feature","properties":{"name":"Cửa hàng Xăng dầu","group":"commerce","kind":"fuel","osmId":"n11684532261"},"geometry":{"type":"Point","coordinates":[107.699949,13.328663]}},{"type":"Feature","properties":{"name":"Sửa chữa xe máy","group":"commerce","kind":"motorcycle_repair","osmId":"n11684559799"},"geometry":{"type":"Point","coordinates":[107.732795,13.297443]}},{"type":"Feature","properties":{"name":"Thôn 9","group":"place","kind":"village","osmId":"n12618272760"},"geometry":{"type":"Point","coordinates":[107.673755,13.267779]}},{"type":"Feature","properties":{"name":"Thôn 8","group":"place","kind":"village","osmId":"n12618272761"},"geometry":{"type":"Point","coordinates":[107.687911,13.263273]}},{"type":"Feature","properties":{"name":"Thôn 7","group":"place","kind":"village","osmId":"n12618272762"},"geometry":{"type":"Point","coordinates":[107.708323,13.265082]}},{"type":"Feature","properties":{"name":"Thôn 6","group":"place","kind":"village","osmId":"n12618272763"},"geometry":{"type":"Point","coordinates":[107.640023,13.268541]}},{"type":"Feature","properties":{"name":"Trung","group":"place","kind":"village","osmId":"n12618272768"},"geometry":{"type":"Point","coordinates":[107.699753,13.283992]}},{"type":"Feature","properties":{"name":"Đừng Nhạp","group":"place","kind":"village","osmId":"n12618272769"},"geometry":{"type":"Point","coordinates":[107.650107,13.31911]}},{"type":"Feature","properties":{"name":"Đóng","group":"place","kind":"village","osmId":"n12618272770"},"geometry":{"type":"Point","coordinates":[107.67961,13.344033]}},{"type":"Feature","properties":{"name":"Đoàn","group":"place","kind":"village","osmId":"n12618272771"},"geometry":{"type":"Point","coordinates":[107.699313,13.324004]}},{"type":"Feature","properties":{"name":"Chiềng","group":"place","kind":"village","osmId":"n12618272772"},"geometry":{"type":"Point","coordinates":[107.657178,13.326458]}},{"type":"Feature","properties":{"name":"Án","group":"place","kind":"village","osmId":"n12618272773"},"geometry":{"type":"Point","coordinates":[107.722857,13.28877]}},{"type":"Feature","properties":{"name":"Thạnh Phú","group":"place","kind":"village","osmId":"n12618272774"},"geometry":{"type":"Point","coordinates":[107.723141,13.351448]}},{"type":"Feature","properties":{"name":"Lầu Nàng","group":"place","kind":"village","osmId":"n12618272776"},"geometry":{"type":"Point","coordinates":[107.663309,13.335481]}},{"type":"Feature","properties":{"name":"Giồng Trôm Chợ Lách","group":"place","kind":"village","osmId":"n12618272777"},"geometry":{"type":"Point","coordinates":[107.715826,13.360018]}},{"type":"Feature","properties":{"name":"Đai Thôn","group":"place","kind":"village","osmId":"n12618272778"},"geometry":{"type":"Point","coordinates":[107.669348,13.343141]}},{"type":"Feature","properties":{"name":"Dự","group":"place","kind":"village","osmId":"n12618272779"},"geometry":{"type":"Point","coordinates":[107.736503,13.315873]}},{"type":"Feature","properties":{"name":"Thôn 12","group":"place","kind":"village","osmId":"n12618272757"},"geometry":{"type":"Point","coordinates":[107.739785,13.226027]}},{"type":"Feature","properties":{"name":"Thôn 11","group":"place","kind":"village","osmId":"n12618272758"},"geometry":{"type":"Point","coordinates":[107.659697,13.248941]}},{"type":"Feature","properties":{"name":"Thôn 10","group":"place","kind":"village","osmId":"n12618272759"},"geometry":{"type":"Point","coordinates":[107.693338,13.236576]}},{"type":"Feature","properties":{"name":"Thôn 4","group":"place","kind":"village","osmId":"n12618272765"},"geometry":{"type":"Point","coordinates":[107.603974,13.226577]}},{"type":"Feature","properties":{"name":"DDS Petro","group":"commerce","kind":"fuel","osmId":"n4400934411"},"geometry":{"type":"Point","coordinates":[108.135407,12.177471]}},{"type":"Feature","properties":{"name":"CHXD Drim Nga","group":"commerce","kind":"fuel","osmId":"n4400993999"},"geometry":{"type":"Point","coordinates":[108.136616,12.183971]}},{"type":"Feature","properties":{"name":"Petrolimex","group":"commerce","kind":"fuel","osmId":"n4401044594"},"geometry":{"type":"Point","coordinates":[108.132913,12.186834]}},{"type":"Feature","properties":{"name":"Chốt công an Đạ R'Sal","group":"civic","kind":"police","osmId":"n6168286859"},"geometry":{"type":"Point","coordinates":[108.137886,12.180656]}},{"type":"Feature","properties":{"name":"End Of Road 2025","group":"poi","kind":"information","osmId":"n11663386449"},"geometry":{"type":"Point","coordinates":[108.440755,12.258822]}},{"type":"Feature","properties":{"name":"Đạ Nhinh 1","group":"place","kind":"village","osmId":"n11752329237"},"geometry":{"type":"Point","coordinates":[108.251944,12.161051]}},{"type":"Feature","properties":{"name":"Tân Tiến","group":"place","kind":"village","osmId":"n11752329240"},"geometry":{"type":"Point","coordinates":[108.13811,12.179915]}},{"type":"Feature","properties":{"name":"Phi Có","group":"place","kind":"village","osmId":"n11752329242"},"geometry":{"type":"Point","coordinates":[108.123244,12.173162]}},{"type":"Feature","properties":{"name":"Liên Hương","group":"place","kind":"village","osmId":"n11752329245"},"geometry":{"type":"Point","coordinates":[108.133372,12.174895]}},{"type":"Feature","properties":{"name":"Đăk Măng","group":"place","kind":"village","osmId":"n11752329246"},"geometry":{"type":"Point","coordinates":[108.131286,12.16935]}},{"type":"Feature","properties":{"name":"Tu La","group":"place","kind":"village","osmId":"n11752329247"},"geometry":{"type":"Point","coordinates":[108.234715,12.16867]}},{"type":"Feature","properties":{"name":"Liêng Krắc 2","group":"place","kind":"village","osmId":"n11752329248"},"geometry":{"type":"Point","coordinates":[108.217096,12.176289]}},{"type":"Feature","properties":{"name":"Liêng Krắc 1","group":"place","kind":"village","osmId":"n11752329249"},"geometry":{"type":"Point","coordinates":[108.236835,12.170122]}},{"type":"Feature","properties":{"name":"Đa Xế","group":"place","kind":"village","osmId":"n11752329250"},"geometry":{"type":"Point","coordinates":[108.236432,12.167333]}},{"type":"Feature","properties":{"name":"Đa Tế","group":"place","kind":"village","osmId":"n11752329251"},"geometry":{"type":"Point","coordinates":[108.230228,12.168801]}},{"type":"Feature","properties":{"name":"Đa La","group":"place","kind":"village","osmId":"n11752329252"},"geometry":{"type":"Point","coordinates":[108.236992,12.165232]}},{"type":"Feature","properties":{"name":"K'Nớ 2","group":"place","kind":"village","osmId":"n11808604166"},"geometry":{"type":"Point","coordinates":[108.377826,12.180079]}},{"type":"Feature","properties":{"name":"K'Nớ 1","group":"place","kind":"village","osmId":"n11808604167"},"geometry":{"type":"Point","coordinates":[108.380754,12.181295]}},{"type":"Feature","properties":{"name":"Đưng Trang","group":"place","kind":"village","osmId":"n11808604168"},"geometry":{"type":"Point","coordinates":[108.328839,12.178851]}},{"type":"Feature","properties":{"name":"Thôn 12","group":"place","kind":"village","osmId":"n11885232929"},"geometry":{"type":"Point","coordinates":[108.084352,12.176141]}},{"type":"Feature","properties":{"name":"Thôn 9","group":"place","kind":"village","osmId":"n11885232932"},"geometry":{"type":"Point","coordinates":[108.108965,12.173139]}},{"type":"Feature","properties":{"name":"Thôn 8","group":"place","kind":"village","osmId":"n11885232933"},"geometry":{"type":"Point","coordinates":[108.10654,12.178512]}},{"type":"Feature","properties":{"name":"Thôn 7","group":"place","kind":"village","osmId":"n11885232934"},"geometry":{"type":"Point","coordinates":[108.100311,12.186871]}},{"type":"Feature","properties":{"name":"Thôn 6","group":"place","kind":"village","osmId":"n11885232935"},"geometry":{"type":"Point","coordinates":[108.09672,12.196493]}},{"type":"Feature","properties":{"name":"Yông Hăt","group":"place","kind":"village","osmId":"n12046955376"},"geometry":{"type":"Point","coordinates":[108.185805,12.208391]}},{"type":"Feature","properties":{"name":"Trang Yôk","group":"place","kind":"village","osmId":"n12046955377"},"geometry":{"type":"Point","coordinates":[108.193172,12.210911]}},{"type":"Feature","properties":{"name":"Rơ Cai B","group":"place","kind":"village","osmId":"n12046955378"},"geometry":{"type":"Point","coordinates":[108.160353,12.196768]}},{"type":"Feature","properties":{"name":"Rơ Cai A","group":"place","kind":"village","osmId":"n12046955379"},"geometry":{"type":"Point","coordinates":[108.168153,12.197075]}},{"type":"Feature","properties":{"name":"Plôm","group":"place","kind":"village","osmId":"n12046955380"},"geometry":{"type":"Point","coordinates":[108.12489,12.220283]}},{"type":"Feature","properties":{"name":"Phi Dih Ja B","group":"place","kind":"village","osmId":"n12046955381"},"geometry":{"type":"Point","coordinates":[108.134326,12.184355]}},{"type":"Feature","properties":{"name":"Phi Dih Ja A","group":"place","kind":"village","osmId":"n12046955382"},"geometry":{"type":"Point","coordinates":[108.140669,12.18448]}},{"type":"Feature","properties":{"name":"Liêng Krắk","group":"place","kind":"village","osmId":"n12046955383"},"geometry":{"type":"Point","coordinates":[108.206746,12.178768]}},{"type":"Feature","properties":{"name":"Lăch Dơng","group":"place","kind":"village","osmId":"n12046955384"},"geometry":{"type":"Point","coordinates":[108.125514,12.213946]}},{"type":"Feature","properties":{"name":"Gung Dang","group":"place","kind":"village","osmId":"n12046955385"},"geometry":{"type":"Point","coordinates":[108.12549,12.231687]}},{"type":"Feature","properties":{"name":"Đắk Tro","group":"place","kind":"village","osmId":"n12046955386"},"geometry":{"type":"Point","coordinates":[108.129998,12.190311]}},{"type":"Feature","properties":{"name":"Đắk Rơ Mút","group":"place","kind":"village","osmId":"n12046955387"},"geometry":{"type":"Point","coordinates":[108.150661,12.191335]}},{"type":"Feature","properties":{"name":"Ba Yang","group":"place","kind":"village","osmId":"n12046955388"},"geometry":{"type":"Point","coordinates":[108.115721,12.238261]}},{"type":"Feature","properties":{"name":"Cửa hàng Xăng dầu","group":"commerce","kind":"fuel","osmId":"n12149999053"},"geometry":{"type":"Point","coordinates":[108.109848,12.172711]}},{"type":"Feature","properties":{"name":"Điện máy Xanh","group":"commerce","kind":"appliance","osmId":"n12775545201"},"geometry":{"type":"Point","coordinates":[108.135499,12.178411]}},{"type":"Feature","properties":{"name":"Vietnam Post","group":"civic","kind":"post_office","osmId":"n13757881501"},"geometry":{"type":"Point","coordinates":[108.137966,12.180667]}},{"type":"Feature","properties":{"name":"Trường Tiểu học Quang Trung","group":"school","kind":"school","osmId":"w658729849"},"geometry":{"type":"Point","coordinates":[108.139149,12.184026]}},{"type":"Feature","properties":{"name":"Trường Trung học cơ sở Trần Hưng Đạo","group":"school","kind":"school","osmId":"w658729850"},"geometry":{"type":"Point","coordinates":[108.140091,12.185483]}},{"type":"Feature","properties":{"name":"Trường Trung học phổ thông Phan Đình Phùng","group":"school","kind":"school","osmId":"w658729869"},"geometry":{"type":"Point","coordinates":[108.142804,12.178971]}},{"type":"Feature","properties":{"name":"Trường Trung học cơ sở Lê Hồng Phong","group":"school","kind":"school","osmId":"w658729870"},"geometry":{"type":"Point","coordinates":[108.135724,12.179678]}},{"type":"Feature","properties":{"name":"Trường Tiểu học Lương Thế Vinh","group":"school","kind":"school","osmId":"w658729873"},"geometry":{"type":"Point","coordinates":[108.135115,12.179438]}},{"type":"Feature","properties":{"name":"Thăng Quý","group":"place","kind":"village","osmId":"n12179797411"},"geometry":{"type":"Point","coordinates":[108.428211,12.671841]}},{"type":"Feature","properties":{"name":"Tân Quý","group":"place","kind":"village","osmId":"n12179797413"},"geometry":{"type":"Point","coordinates":[108.431778,12.663872]}},{"type":"Feature","properties":{"name":"Phước Quý","group":"place","kind":"village","osmId":"n12179797414"},"geometry":{"type":"Point","coordinates":[108.432839,12.659071]}},{"type":"Feature","properties":{"name":"Phú Quý","group":"place","kind":"village","osmId":"n12179797415"},"geometry":{"type":"Point","coordinates":[108.431621,12.654815]}},{"type":"Feature","properties":{"name":"Krụe","group":"place","kind":"village","osmId":"n12179797417"},"geometry":{"type":"Point","coordinates":[108.447662,12.650329]}},{"type":"Feature","properties":{"name":"Thôn 13","group":"place","kind":"village","osmId":"n12179797420"},"geometry":{"type":"Point","coordinates":[108.432042,12.650756]}},{"type":"Feature","properties":{"name":"Đoàn Kết","group":"place","kind":"village","osmId":"n12179797424"},"geometry":{"type":"Point","coordinates":[108.432643,12.634171]}},{"type":"Feature","properties":{"name":"Thôn 1","group":"place","kind":"village","osmId":"n12179797428"},"geometry":{"type":"Point","coordinates":[108.433326,12.621599]}},{"type":"Feature","properties":{"name":"Trường Trung học phổ thông Phan Chu Trinh","group":"school","kind":"school","osmId":"n1931804445"},"geometry":{"type":"Point","coordinates":[107.89374,12.606711]}},{"type":"Feature","properties":{"name":"QT Bích Nga( Nguyễn Thị Bích Nga)","group":"health","kind":"pharmacy","osmId":"n6149293406"},"geometry":{"type":"Point","coordinates":[107.9586,12.622065]}},{"type":"Feature","properties":{"name":"QT 101( Ngọc Thị Thu Giang)","group":"health","kind":"pharmacy","osmId":"n6149295592"},"geometry":{"type":"Point","coordinates":[107.938424,12.616488]}},{"type":"Feature","properties":{"name":"QT Mỹ Lệ","group":"health","kind":"pharmacy","osmId":"n6149305688"},"geometry":{"type":"Point","coordinates":[107.892403,12.617349]}},{"type":"Feature","properties":{"name":"QT 221( Nguyễn Thị Bích Ngọc )","group":"health","kind":"pharmacy","osmId":"n6149318094"},"geometry":{"type":"Point","coordinates":[107.893994,12.597245]}},{"type":"Feature","properties":{"name":"QT Quang Huy ( Phan Văn Đán , trưởng phòng KD)","group":"health","kind":"pharmacy","osmId":"n6149318096"},"geometry":{"type":"Point","coordinates":[107.900053,12.593695]}},{"type":"Feature","properties":{"name":"QT Trần Thị Phương Thảo","group":"health","kind":"pharmacy","osmId":"n6162558286"},"geometry":{"type":"Point","coordinates":[107.936125,12.615567]}},{"type":"Feature","properties":{"name":"QT Phúc An Khang ( Xà Thị Xánh)","group":"health","kind":"pharmacy","osmId":"n6164933485"},"geometry":{"type":"Point","coordinates":[107.992772,12.594058]}},{"type":"Feature","properties":{"name":"QT Ngọc Diệp ( Đỗ Thị Thanh Thuý )","group":"health","kind":"pharmacy","osmId":"n6760760585"},"geometry":{"type":"Point","coordinates":[107.934175,12.614392]}},{"type":"Feature","properties":{"name":"QT Hưng Thịnh","group":"health","kind":"pharmacy","osmId":"n7123978785"},"geometry":{"type":"Point","coordinates":[107.913553,12.606199]}},{"type":"Feature","properties":{"name":"QT Phương Thu( Trần Thị Phương Thu ) cầu sắt","group":"health","kind":"pharmacy","osmId":"n7393753089"},"geometry":{"type":"Point","coordinates":[107.896104,12.612307]}},{"type":"Feature","properties":{"name":"QT 86 ( Lê Hồng Tuấn )","group":"health","kind":"pharmacy","osmId":"n7418872687"},"geometry":{"type":"Point","coordinates":[107.993969,12.597262]}},{"type":"Feature","properties":{"name":"Thôn 15","group":"place","kind":"village","osmId":"n12005334304"},"geometry":{"type":"Point","coordinates":[107.907945,12.609803]}},{"type":"Feature","properties":{"name":"Thôn 13","group":"place","kind":"village","osmId":"n12005334306"},"geometry":{"type":"Point","coordinates":[107.896689,12.60903]}},{"type":"Feature","properties":{"name":"Thôn 12","group":"place","kind":"village","osmId":"n12005334307"},"geometry":{"type":"Point","coordinates":[107.913778,12.610051]}},{"type":"Feature","properties":{"name":"Thôn 11","group":"place","kind":"village","osmId":"n12005334308"},"geometry":{"type":"Point","coordinates":[107.923244,12.611437]}},{"type":"Feature","properties":{"name":"Thôn 9","group":"place","kind":"village","osmId":"n12005334310"},"geometry":{"type":"Point","coordinates":[107.894633,12.616573]}},{"type":"Feature","properties":{"name":"Thôn 8","group":"place","kind":"village","osmId":"n12005334311"},"geometry":{"type":"Point","coordinates":[107.896349,12.6142]}},{"type":"Feature","properties":{"name":"Thôn 7","group":"place","kind":"village","osmId":"n12005334312"},"geometry":{"type":"Point","coordinates":[107.900504,12.60474]}},{"type":"Feature","properties":{"name":"Thôn 6","group":"place","kind":"village","osmId":"n12005334313"},"geometry":{"type":"Point","coordinates":[107.908799,12.603042]}},{"type":"Feature","properties":{"name":"Thôn 5","group":"place","kind":"village","osmId":"n12005334314"},"geometry":{"type":"Point","coordinates":[107.912285,12.595487]}},{"type":"Feature","properties":{"name":"Thôn 4","group":"place","kind":"village","osmId":"n12005334315"},"geometry":{"type":"Point","coordinates":[107.915556,12.598906]}},{"type":"Feature","properties":{"name":"Thôn 3","group":"place","kind":"village","osmId":"n12005334316"},"geometry":{"type":"Point","coordinates":[107.912171,12.605546]}},{"type":"Feature","properties":{"name":"Thôn 2","group":"place","kind":"village","osmId":"n12005334317"},"geometry":{"type":"Point","coordinates":[107.916752,12.605291]}},{"type":"Feature","properties":{"name":"Thôn 1","group":"place","kind":"village","osmId":"n12005334318"},"geometry":{"type":"Point","coordinates":[107.919131,12.611138]}},{"type":"Feature","properties":{"name":"Trum","group":"place","kind":"village","osmId":"n12005334319"},"geometry":{"type":"Point","coordinates":[107.907152,12.618636]}},{"type":"Feature","properties":{"name":"Nui","group":"place","kind":"village","osmId":"n12005334320"},"geometry":{"type":"Point","coordinates":[107.918831,12.614543]}},{"type":"Feature","properties":{"name":"Ea Pô","group":"place","kind":"village","osmId":"n12005334321"},"geometry":{"type":"Point","coordinates":[107.907122,12.622736]}},{"type":"Feature","properties":{"name":"Buôr","group":"place","kind":"village","osmId":"n12005334322"},"geometry":{"type":"Point","coordinates":[107.919259,12.618111]}},{"type":"Feature","properties":{"name":"Tổ dân phố 11","group":"place","kind":"quarter","osmId":"n12005345809"},"geometry":{"type":"Point","coordinates":[107.898126,12.600508]}},{"type":"Feature","properties":{"name":"Tổ dân phố 9","group":"place","kind":"quarter","osmId":"n12005345810"},"geometry":{"type":"Point","coordinates":[107.901398,12.595187]}},{"type":"Feature","properties":{"name":"Bon U3","group":"place","kind":"village","osmId":"n12005345819"},"geometry":{"type":"Point","coordinates":[107.894479,12.603309]}},{"type":"Feature","properties":{"name":"Bon U1","group":"place","kind":"village","osmId":"n12005345821"},"geometry":{"type":"Point","coordinates":[107.893921,12.598813]}},{"type":"Feature","properties":{"name":"Drai Hling","group":"place","kind":"village","osmId":"n12136166378"},"geometry":{"type":"Point","coordinates":[107.945738,12.644292]}},{"type":"Feature","properties":{"name":"Buôr","group":"place","kind":"village","osmId":"n12136166380"},"geometry":{"type":"Point","coordinates":[107.95773,12.661044]}},{"type":"Feature","properties":{"name":"Thôn 5","group":"place","kind":"village","osmId":"n12136166381"},"geometry":{"type":"Point","coordinates":[107.942646,12.646756]}},{"type":"Feature","properties":{"name":"Thôn 4","group":"place","kind":"village","osmId":"n12136166382"},"geometry":{"type":"Point","coordinates":[107.960182,12.642655]}},{"type":"Feature","properties":{"name":"Thôn 3","group":"place","kind":"village","osmId":"n12136166383"},"geometry":{"type":"Point","coordinates":[107.961168,12.661371]}},{"type":"Feature","properties":{"name":"Thôn 2","group":"place","kind":"village","osmId":"n12136166384"},"geometry":{"type":"Point","coordinates":[107.951711,12.64286]}},{"type":"Feature","properties":{"name":"Thôn 1","group":"place","kind":"village","osmId":"n12136166385"},"geometry":{"type":"Point","coordinates":[107.957679,12.632046]}},{"type":"Feature","properties":{"name":"Tuôr","group":"place","kind":"village","osmId":"n12136171505"},"geometry":{"type":"Point","coordinates":[107.940081,12.613434]}},{"type":"Feature","properties":{"name":"Mbrê","group":"place","kind":"village","osmId":"n12136171506"},"geometry":{"type":"Point","coordinates":[107.956596,12.624073]}},{"type":"Feature","properties":{"name":"Thôn 12","group":"place","kind":"village","osmId":"n12136171508"},"geometry":{"type":"Point","coordinates":[107.934992,12.612621]}},{"type":"Feature","properties":{"name":"Thôn 11","group":"place","kind":"village","osmId":"n12136171509"},"geometry":{"type":"Point","coordinates":[107.949653,12.610233]}},{"type":"Feature","properties":{"name":"Thôn 10","group":"place","kind":"village","osmId":"n12136171510"},"geometry":{"type":"Point","coordinates":[107.935592,12.622255]}},{"type":"Feature","properties":{"name":"Thôn 9","group":"place","kind":"village","osmId":"n12136171511"},"geometry":{"type":"Point","coordinates":[107.932357,12.621528]}},{"type":"Feature","properties":{"name":"Thôn 8","group":"place","kind":"village","osmId":"n12136171512"},"geometry":{"type":"Point","coordinates":[107.96034,12.622391]}},{"type":"Feature","properties":{"name":"Thôn 7","group":"place","kind":"village","osmId":"n12136171513"},"geometry":{"type":"Point","coordinates":[107.947588,12.616062]}},{"type":"Feature","properties":{"name":"Thôn 6","group":"place","kind":"village","osmId":"n12136171514"},"geometry":{"type":"Point","coordinates":[107.933346,12.615409]}},{"type":"Feature","properties":{"name":"Thôn 5","group":"place","kind":"village","osmId":"n12136171515"},"geometry":{"type":"Point","coordinates":[107.918706,12.665086]}},{"type":"Feature","properties":{"name":"Thôn 4","group":"place","kind":"village","osmId":"n12136171516"},"geometry":{"type":"Point","coordinates":[107.938873,12.618964]}},{"type":"Feature","properties":{"name":"Thôn 3","group":"place","kind":"village","osmId":"n12136171517"},"geometry":{"type":"Point","coordinates":[107.954305,12.621085]}},{"type":"Feature","properties":{"name":"Thôn 2","group":"place","kind":"village","osmId":"n12136171518"},"geometry":{"type":"Point","coordinates":[107.943958,12.619277]}},{"type":"Feature","properties":{"name":"Thôn 1","group":"place","kind":"village","osmId":"n12136171519"},"geometry":{"type":"Point","coordinates":[107.933573,12.618401]}},{"type":"Feature","properties":{"name":"Kbu","group":"place","kind":"village","osmId":"n12136171520"},"geometry":{"type":"Point","coordinates":[108.010783,12.60498]}},{"type":"Feature","properties":{"name":"Thôn 8","group":"place","kind":"village","osmId":"n12136171533"},"geometry":{"type":"Point","coordinates":[107.997574,12.609775]}},{"type":"Feature","properties":{"name":"Thôn 7","group":"place","kind":"village","osmId":"n12136171534"},"geometry":{"type":"Point","coordinates":[107.99445,12.601814]}},{"type":"Feature","properties":{"name":"Thôn 6","group":"place","kind":"village","osmId":"n12136171535"},"geometry":{"type":"Point","coordinates":[107.996839,12.595943]}},{"type":"Feature","properties":{"name":"Thôn 5","group":"place","kind":"village","osmId":"n12136171536"},"geometry":{"type":"Point","coordinates":[107.988719,12.598486]}},{"type":"Feature","properties":{"name":"Thôn 4","group":"place","kind":"village","osmId":"n12136171537"},"geometry":{"type":"Point","coordinates":[107.993239,12.594938]}},{"type":"Feature","properties":{"name":"Sua Xe","group":"commerce","kind":"motorcycle_repair","osmId":"n13000098387"},"geometry":{"type":"Point","coordinates":[107.937721,12.616361]}},{"type":"Feature","properties":{"name":"Trường Trung học phổ thông Trần Phú","group":"school","kind":"school","osmId":"w1270323818"},"geometry":{"type":"Point","coordinates":[107.958986,12.624631]}},{"type":"Feature","properties":{"name":"QT Trường Sơn","group":"health","kind":"pharmacy","osmId":"n6150840385"},"geometry":{"type":"Point","coordinates":[108.573244,12.800164]}},{"type":"Feature","properties":{"name":"Quầy thuốc Thiên Đức","group":"health","kind":"pharmacy","osmId":"n6312912585"},"geometry":{"type":"Point","coordinates":[108.572167,12.800205]}},{"type":"Feature","properties":{"name":"QT Hoàng Anh ( Chu Thị Hồng Hạnh ) thôn quyết thắng,xã Ea tyh 0500/01475","group":"health","kind":"pharmacy","osmId":"n8913314517"},"geometry":{"type":"Point","coordinates":[108.557372,12.806493]}},{"type":"Feature","properties":{"name":"Cửa hàng Xăng dầu","group":"commerce","kind":"fuel","osmId":"n11676598960"},"geometry":{"type":"Point","coordinates":[108.548713,12.804913]}},{"type":"Feature","properties":{"name":"Cửa hàng Xăng dầu","group":"commerce","kind":"fuel","osmId":"n11676632412"},"geometry":{"type":"Point","coordinates":[108.569599,12.802123]}},{"type":"Feature","properties":{"name":"Cửa hàng Xăng dầu","group":"commerce","kind":"fuel","osmId":"n11676638886"},"geometry":{"type":"Point","coordinates":[108.572943,12.800298]}},{"type":"Feature","properties":{"name":"Trung Tâm","group":"place","kind":"village","osmId":"n12240478803"},"geometry":{"type":"Point","coordinates":[108.572389,12.800327]}},{"type":"Feature","properties":{"name":"Trung Hòa","group":"place","kind":"village","osmId":"n12240478804"},"geometry":{"type":"Point","coordinates":[108.571725,12.796253]}},{"type":"Feature","properties":{"name":"Trung An","group":"place","kind":"village","osmId":"n12240478805"},"geometry":{"type":"Point","coordinates":[108.570042,12.79996]}},{"type":"Feature","properties":{"name":"Quyết Tiến 1","group":"place","kind":"village","osmId":"n12240478808"},"geometry":{"type":"Point","coordinates":[108.57441,12.779834]}},{"type":"Feature","properties":{"name":"Quyết Thắng 2","group":"place","kind":"village","osmId":"n12240478809"},"geometry":{"type":"Point","coordinates":[108.557299,12.812238]}},{"type":"Feature","properties":{"name":"Quyết Thắng 1","group":"place","kind":"village","osmId":"n12240478810"},"geometry":{"type":"Point","coordinates":[108.556078,12.805834]}},{"type":"Feature","properties":{"name":"Quyết Tâm","group":"place","kind":"village","osmId":"n12240478811"},"geometry":{"type":"Point","coordinates":[108.581623,12.80137]}},{"type":"Feature","properties":{"name":"Đồng Tâm","group":"place","kind":"village","osmId":"n12240478812"},"geometry":{"type":"Point","coordinates":[108.573524,12.788007]}},{"type":"Feature","properties":{"name":"Đoàn Kết 2","group":"place","kind":"village","osmId":"n12240478813"},"geometry":{"type":"Point","coordinates":[108.568971,12.802765]}},{"type":"Feature","properties":{"name":"Đoàn Kết 1","group":"place","kind":"village","osmId":"n12240478814"},"geometry":{"type":"Point","coordinates":[108.564713,12.806227]}},{"type":"Feature","properties":{"name":"An Bình","group":"place","kind":"village","osmId":"n12240478815"},"geometry":{"type":"Point","coordinates":[108.559709,12.808037]}},{"type":"Feature","properties":{"name":"Ea Puk","group":"place","kind":"village","osmId":"n12240478816"},"geometry":{"type":"Point","coordinates":[108.520339,12.906458]}},{"type":"Feature","properties":{"name":"Cư Ana Săn","group":"place","kind":"village","osmId":"n12240478818"},"geometry":{"type":"Point","coordinates":[108.566491,12.895067]}},{"type":"Feature","properties":{"name":"Thôn 2","group":"place","kind":"village","osmId":"n12240478821"},"geometry":{"type":"Point","coordinates":[108.539642,12.897189]}},{"type":"Feature","properties":{"name":"Thôn 1","group":"place","kind":"village","osmId":"n12240478822"},"geometry":{"type":"Point","coordinates":[108.544974,12.912206]}},{"type":"Feature","properties":{"name":"Thôn 13","group":"place","kind":"village","osmId":"n12240478986"},"geometry":{"type":"Point","coordinates":[108.552331,12.809451]}},{"type":"Feature","properties":{"name":"QT Út Thuỷ ( Phạm Thị Thuỷ )","group":"health","kind":"pharmacy","osmId":"n7418872588"},"geometry":{"type":"Point","coordinates":[108.255291,12.506261]}},{"type":"Feature","properties":{"name":"QT Thiều Nhân ( Đoàn Thị Nhân )","group":"health","kind":"pharmacy","osmId":"n7633924685"},"geometry":{"type":"Point","coordinates":[108.255445,12.506326]}},{"type":"Feature","properties":{"name":"QT An Thịnh ( Nguyễn Thị Chinh ) thôn 3 hoà sơn","group":"health","kind":"pharmacy","osmId":"n7634066585"},"geometry":{"type":"Point","coordinates":[108.29737,12.491645]}},{"type":"Feature","properties":{"name":"Thôn 2","group":"place","kind":"village","osmId":"n12073771602"},"geometry":{"type":"Point","coordinates":[108.231035,12.484557]}},{"type":"Feature","properties":{"name":"Thanh Phú","group":"place","kind":"village","osmId":"n12073771635"},"geometry":{"type":"Point","coordinates":[108.293881,12.493083]}},{"type":"Feature","properties":{"name":"Tân Sơn","group":"place","kind":"village","osmId":"n12073771636"},"geometry":{"type":"Point","coordinates":[108.296542,12.502721]}},{"type":"Feature","properties":{"name":"Quảng Đông","group":"place","kind":"village","osmId":"n12073771637"},"geometry":{"type":"Point","coordinates":[108.29953,12.48922]}},{"type":"Feature","properties":{"name":"Thôn 7","group":"place","kind":"village","osmId":"n12073771643"},"geometry":{"type":"Point","coordinates":[108.300307,12.517301]}},{"type":"Feature","properties":{"name":"Thôn 3","group":"place","kind":"village","osmId":"n12073771647"},"geometry":{"type":"Point","coordinates":[108.297416,12.492207]}},{"type":"Feature","properties":{"name":"Thôn 2","group":"place","kind":"village","osmId":"n12073771648"},"geometry":{"type":"Point","coordinates":[108.29256,12.496007]}},{"type":"Feature","properties":{"name":"Thôn 1","group":"place","kind":"village","osmId":"n12073771649"},"geometry":{"type":"Point","coordinates":[108.281796,12.490234]}},{"type":"Feature","properties":{"name":"Ja","group":"place","kind":"village","osmId":"n12073777073"},"geometry":{"type":"Point","coordinates":[108.260295,12.506437]}},{"type":"Feature","properties":{"name":"Plum","group":"place","kind":"village","osmId":"n12073777074"},"geometry":{"type":"Point","coordinates":[108.256494,12.504669]}},{"type":"Feature","properties":{"name":"Ktluốt","group":"place","kind":"village","osmId":"n12073777075"},"geometry":{"type":"Point","coordinates":[108.269447,12.502695]}},{"type":"Feature","properties":{"name":"Krông","group":"place","kind":"village","osmId":"n12073777076"},"geometry":{"type":"Point","coordinates":[108.268167,12.488785]}},{"type":"Feature","properties":{"name":"Cư Mil","group":"place","kind":"village","osmId":"n12073777077"},"geometry":{"type":"Point","coordinates":[108.2604,12.508806]}},{"type":"Feature","properties":{"name":"Băng Kung","group":"place","kind":"village","osmId":"n12073777078"},"geometry":{"type":"Point","coordinates":[108.255259,12.508178]}},{"type":"Feature","properties":{"name":"Thôn 3","group":"place","kind":"village","osmId":"n12073777079"},"geometry":{"type":"Point","coordinates":[108.261305,12.496159]}}]}
